pin,address,lat,lon
,1100 CHICAGO AVE,41.89440979,-87.80334476
,523 S TAYLOR AVE,41.87907675,-87.77836642
,136 ADAMS ST,41.87823058,-87.77887188
16051000130000,1234 EDMER AVE,41.9085691,-87.78435549
16051000140000,1230 EDMER AVE,41.90846533,-87.78433053
16051000150000,1226 EDMER AVE,41.90835497,-87.78433148
16051000160000,1222 EDMER AVE,41.9082446,-87.78433242
16051000170000,1220 EDMER AVE,41.90813427,-87.78434218
16051000180000,1216 EDMER AVE,41.90803043,-87.78435129
16051000190000,1212 EDMER AVE,41.90790706,-87.78434413
16051000200000,1210 EDMER AVE,41.90780313,-87.78433621
16051000210000,1206 EDMER AVE,41.90769272,-87.78432834
16051000220000,1204 EDMER AVE,41.90758896,-87.78435507
16051000230000,1200 EDMER AVE,41.90747208,-87.78434785
16051000240000,1235 N RIDGELAND AVE,41.90856623,-87.78375585
16051000250000,1231 N RIDGELAND AVE,41.90845582,-87.78374798
16051000260000,1227 N RIDGELAND AVE,41.90835836,-87.78368774
16051000270000,1225 N RIDGELAND AVE,41.908248,-87.78368868
16051000280000,1221 N RIDGELAND AVE,41.90815059,-87.78368952
16051000290000,1217 N RIDGELAND AVE,41.90802731,-87.78369939
16051000300000,1213 N RIDGELAND AVE,41.90792329,-87.78367385
16051000340000,1201 N RIDGELAND AVE,41.90747522,-87.78365185
16051000350000,1211 N RIDGELAND AVE,41.90779997,-87.78367491
16051000360000,1205 N RIDGELAND AVE,41.9075988,-87.78370306
16051000380000,6325 W NORTH AVE,41.90878018,-87.78446328
16051000390000,6305 W NORTH AVE,41.90878742,-87.78372394
16051010010000,6249 W NORTH AVE,41.90883438,-87.78304002
16051010050000,6235 W NORTH AVE,41.90885989,-87.78249361
16051010060000,6205 W NORTH AVE,41.90885408,-87.78240224
16051010080000,1230 N RIDGELAND AVE,41.90858928,-87.78310792
16051010090000,1228 N RIDGELAND AVE,41.90847838,-87.7829961
16051010100000,1224 N RIDGELAND AVE,41.90836801,-87.78299705
16051010110000,1222 N RIDGELAND AVE,41.90826421,-87.78301556
16051010120000,1220 N RIDGELAND AVE,41.9081604,-87.78303349
16051010130000,1216 N RIDGELAND AVE,41.90804351,-87.78302568
16051010140000,1212 N RIDGELAND AVE,41.90793311,-87.7830184
16051010150000,1210 N RIDGELAND AVE,41.9078227,-87.78301054
16051010160000,1206 N RIDGELAND AVE,41.90770585,-87.78301155
16051010170000,1204 N RIDGELAND AVE,41.90758249,-87.7830038
16051010180000,1200 N RIDGELAND AVE,41.9074916,-87.78301339
16051010190000,1231 N HARVEY AVE,41.90859251,-87.78242952
16051010200000,1227 N HARVEY AVE,41.90848206,-87.78241344
16051010210000,1225 N HARVEY AVE,41.90838465,-87.78241428
16051010220000,1223 N HARVEY AVE,41.90826785,-87.78242409
16051010230000,1221 N HARVEY AVE,41.90816392,-87.78241617
16051010240000,1217 N HARVEY AVE,41.90806003,-87.78241707
16051010250000,1213 N HARVEY AVE,41.90793654,-87.78238348
16051010260000,1211 N HARVEY AVE,41.90783909,-87.7823755
16051010270000,1207 N HARVEY AVE,41.90771572,-87.78236776
16051010280000,1205 N HARVEY AVE,41.9076054,-87.78237751
16051010290000,1201 N HARVEY AVE,41.90748212,-87.78238738
16051020080000,1230 N HARVEY AVE,41.90863112,-87.78182952
16051020090000,1228 N HARVEY AVE,41.90851485,-87.78184638
16051020100000,1226 N HARVEY AVE,41.90842342,-87.78184834
16051020110000,1222 N HARVEY AVE,41.9083258,-87.78180572
16051020120000,1220 N HARVEY AVE,41.90824155,-87.78179764
16051020130000,1218 N HARVEY AVE,41.90814401,-87.78177263
16051020140000,1214 N HARVEY AVE,41.90805947,-87.78175574
16051020150000,1212 N HARVEY AVE,41.90796223,-87.78179182
16051020160000,1233 N LOMBARD AVE,41.90862138,-87.78115241
16051020170000,1229 N LOMBARD AVE,41.90852381,-87.7811186
16051020180000,1227 N LOMBARD AVE,41.90843287,-87.78111939
16051020190000,1225 N LOMBARD AVE,41.90834837,-87.7811113
16051020200000,1221 N LOMBARD AVE,41.90825125,-87.78112095
16051020210000,1219 N LOMBARD AVE,41.90816032,-87.78112173
16051020220000,1215 N LOMBARD AVE,41.90805,-87.7811315
16051020230000,1213 N LOMBARD AVE,41.90797202,-87.78113217
16051020240000,222 LE MOYNE PKWY,41.90767731,-87.78191585
16051020250000,220 LE MOYNE PKWY,41.9076702,-87.78178552
16051020260000,216 LE MOYNE PKWY,41.90770836,-87.78163719
16051020270000,214 LE MOYNE PKWY,41.90771422,-87.78150851
16051020280000,212 LE MOYNE PKWY,41.90771367,-87.78139517
16051020290000,208 LE MOYNE PKWY,41.90771305,-87.78126478
16051020300000,206 LE MOYNE PKWY,41.9077189,-87.78113435
16051020310000,202 LE MOYNE PKWY,41.90771823,-87.78099516
16051020320000,6201 W NORTH AVE,41.90888769,-87.78119888
16051030010000,1236 N LOMBARD AVE,41.90881133,-87.78066365
16051030020000,6145 W NORTH AVE,41.90901658,-87.78040127
16051030080000,1230 N LOMBARD AVE,41.90863326,-87.78051391
16051030090000,1228 N LOMBARD AVE,41.90854104,-87.78050707
16051030100000,1226 N LOMBARD AVE,41.90844005,-87.78048798
16051030110000,1224 N LOMBARD AVE,41.90834798,-87.78046058
16051030120000,1220 N LOMBARD AVE,41.90824707,-87.78045793
16051030130000,1218 N LOMBARD AVE,41.90816685,-87.78045862
16051030140000,1216 N LOMBARD AVE,41.90807484,-87.78044355
16051030150000,1212 N LOMBARD AVE,41.90797969,-87.7804479
16051030160000,1231 N HAYES AVE,41.90864177,-87.77985016
16051030170000,1229 N HAYES AVE,41.90854984,-87.77985095
16051030180000,1227 N HAYES AVE,41.90844894,-87.77985182
16051030190000,1225 N HAYES AVE,41.90835975,-87.77985259
16051030200000,1221 N HAYES AVE,41.90826477,-87.77984108
16051030210000,1219 N HAYES AVE,41.90817284,-87.77984187
16051030220000,1215 N HAYES AVE,41.90807756,-87.7798192
16051030230000,1213 N HAYES AVE,41.90799755,-87.77981167
16051030240000,152 LE MOYNE PKWY,41.90767471,-87.78059795
16051030250000,150 LE MOYNE PKWY,41.90768603,-87.78046629
16051030260000,146 LE MOYNE PKWY,41.90769433,-87.78032702
16051030270000,142 LE MOYNE PKWY,41.9076938,-87.78021602
16051030280000,140 LE MOYNE PKWY,41.90769619,-87.78009267
16051030290000,138 LE MOYNE PKWY,41.90769554,-87.77995759
16051030300000,134 LE MOYNE PKWY,41.90769765,-87.77982601
16051030310000,130 LE MOYNE PKWY,41.90769424,-87.77968684
16051030320000,6129 W NORTH AVE,41.90882955,-87.77988611
16051040050000,6111 W NORTH AVE,41.90893237,-87.77886265
16051040060000,6109 W NORTH AVE,41.90901349,-87.77879974
16051040070000,1239 N TAYLOR AVE,41.90888218,-87.77842089
16051040080000,1230 N HAYES AVE,41.90863266,-87.77920122
16051040090000,1228 N HAYES AVE,41.90854811,-87.77918433
16051040100000,1226 N HAYES AVE,41.90846391,-87.77918506
16051040110000,1222 N HAYES AVE,41.90836006,-87.77919476
16051040120000,1220 N HAYES AVE,41.90827552,-87.77917787
16051040130000,1218 N HAYES AVE,41.90817819,-87.77919634
16051040140000,1214 N HAYES AVE,41.9080807,-87.77917956
16051040150000,1212 N HAYES AVE,41.90798341,-87.77915456
16051040160000,1231 N TAYLOR AVE,41.90865516,-87.77849622
16051040170000,1229 N TAYLOR AVE,41.90855127,-87.77849712
16051040180000,1227 N TAYLOR AVE,41.90845411,-87.77849796
16051040190000,1225 N TAYLOR AVE,41.90840239,-87.7783838
16051040200000,1221 N TAYLOR AVE,41.90827864,-87.77848245
16051040210000,1219 N TAYLOR AVE,41.90818106,-87.77844806
16051040220000,1215 N TAYLOR AVE,41.90809017,-87.77845765
16051040230000,1213 N TAYLOR AVE,41.907993,-87.77845849
16051040240000,122 LE MOYNE PKWY,41.90770176,-87.77928503
16051040250000,118 LE MOYNE PKWY,41.90768432,-87.77907845
16051040260000,114 LE MOYNE PKWY,41.90770935,-87.77889557
16051040270000,110 LE MOYNE PKWY,41.90770868,-87.77875697
16051040280000,108 LE MOYNE PKWY,41.90773408,-87.77865221
16051040290000,104 LE MOYNE PKWY,41.90772046,-87.77851313
16051040300000,102 LE MOYNE PKWY,41.90771991,-87.77839978
16051040310000,6115 W NORTH AVE,41.90890141,-87.77921062
16051050010000,1238 N TAYLOR AVE,41.9088874,-87.77803968
16051050080000,6035 W NORTH AVE,41.90900467,-87.77744398
16051050090000,6031 W NORTH AVE,41.90900587,-87.77709798
16051050100000,1230 N TAYLOR AVE,41.90866134,-87.7778912
16051050110000,1228 N TAYLOR AVE,41.90856972,-87.77790609
16051050120000,1226 N TAYLOR AVE,41.90847653,-87.77790396
16051050130000,1224 N TAYLOR AVE,41.90838774,-87.77788418
16051050140000,1220 N TAYLOR AVE,41.90829033,-87.77788502
16051050150000,1218 N TAYLOR AVE,41.90820165,-87.77788873
16051050160000,1216 N TAYLOR AVE,41.90809993,-87.77787492
16051050170000,1212 N TAYLOR AVE,41.90801987,-87.77785565
16051050180000,1233 N HUMPHREY AVE,41.90867075,-87.77716048
16051050190000,1229 N HUMPHREY AVE,41.90857372,-87.77718716
16051050200000,1227 N HUMPHREY AVE,41.90848828,-87.77719025
16051050210000,1223 N HUMPHREY AVE,41.90838664,-87.77719407
16051050220000,1221 N HUMPHREY AVE,41.90829579,-87.77721248
16051050230000,1219 N HUMPHREY AVE,41.90820057,-87.77720156
16051050240000,1215 N HUMPHREY AVE,41.90811388,-87.77720525
16051050250000,1213 N HUMPHREY AVE,41.90801883,-87.77722898
16051050260000,52 LE MOYNE PKWY,41.90771733,-87.77799453
16051050270000,48 LE MOYNE PKWY,41.90774708,-87.77786095
16051050280000,46 LE MOYNE PKWY,41.90773571,-87.77772479
16051050290000,42 LE MOYNE PKWY,41.90773933,-87.77759731
16051050300000,40 LE MOYNE PKWY,41.90772127,-87.77746943
16051050310000,38 LE MOYNE PKWY,41.90772738,-87.77734193
16051050320000,34 LE MOYNE PKWY,41.9077569,-87.77721422
16051050330000,30 LE MOYNE PKWY,41.90775622,-87.7770721
16051050340000,6041 W NORTH AVE,41.90902531,-87.77763022
16051050350000,6039 W NORTH AVE,41.90901683,-87.77757507
16051050370000,6045 W NORTH AVE,41.90902693,-87.77777367
16051050380000,6049 W NORTH AVE,41.90894743,-87.77795803
16051060110000,1230 N HUMPHREY AVE,41.90868351,-87.77657773
16051060120000,1228 N HUMPHREY AVE,41.9085863,-87.77656977
16051060130000,1226 N HUMPHREY AVE,41.90849537,-87.77657056
16051060140000,1224 N HUMPHREY AVE,41.90839796,-87.77657141
16051060150000,1220 N HUMPHREY AVE,41.90830694,-87.77655458
16051060160000,1218 N HUMPHREY AVE,41.90820944,-87.77653839
16051060170000,1216 N HUMPHREY AVE,41.90811219,-87.77652162
16051060180000,1214 N HUMPHREY AVE,41.90802126,-87.77652241
16051060190000,1532 N AUSTIN BLVD,41.90863444,-87.77593126
16051060200000,1526 N AUSTIN BLVD,41.90849868,-87.77591801
16051060220000,1522 N AUSTIN BLVD,41.90830533,-87.7759391
16051060230000,1520 N AUSTIN BLVD,41.90821436,-87.77593108
16051060240000,1516 N AUSTIN BLVD,41.90813498,-87.77587771
16051060250000,1514 N AUSTIN BLVD,41.9080313,-87.77592207
16051060260000,24 LE MOYNE PKWY,41.90773643,-87.77666408
16051060270000,22 LE MOYNE PKWY,41.90772911,-87.77654257
16051060280000,12 LE MOYNE PKWY,41.90772818,-87.7763511
16051060290000,10 LE MOYNE PKWY,41.90775346,-87.77616823
16051060300000,8 LE MOYNE PKWY,41.9077463,-87.77602909
16051060310000,6 LE MOYNE PKWY,41.90775219,-87.77590747
16051060330000,6011 W NORTH AVE,41.90898487,-87.77632615
16051060340000,2 LE MOYNE PKWY,41.90773204,-87.77575964
16051070010000,1140 EDMER AVE,41.9071474,-87.78434011
16051070020000,1136 EDMER AVE,41.90705672,-87.78434089
16051070030000,1132 EDMER AVE,41.90695937,-87.78435463
16051070040000,1130 EDMER AVE,41.90683601,-87.78434747
16051070050000,1126 EDMER AVE,41.90675155,-87.78434819
16051070060000,1122 EDMER AVE,41.90662819,-87.78434044
16051070070000,1120 EDMER AVE,41.90651126,-87.78432382
16051070080000,1116 EDMER AVE,41.90638175,-87.78438601
16051070090000,1112 EDMER AVE,41.90623892,-87.78436962
16051070100000,1110 EDMER AVE,41.90611551,-87.78435364
16051070110000,1106 EDMER AVE,41.90597911,-87.78432838
16051070120000,1100 EDMER AVE,41.90586227,-87.78432938
16051070130000,1141 N RIDGELAND AVE,41.90717692,-87.78368735
16051070140000,1139 N RIDGELAND AVE,41.9070536,-87.7836884
16051070150000,1131 N RIDGELAND AVE,41.90689758,-87.78367723
16051070160000,1127 N RIDGELAND AVE,41.90673531,-87.78366159
16051070170000,1123 N RIDGELAND AVE,41.90661838,-87.78364497
16051070180000,1119 N RIDGELAND AVE,41.90651458,-87.78366348
16051070210000,1111 N RIDGELAND AVE,41.90615732,-87.78361427
16051070220000,1107 N RIDGELAND AVE,41.90602761,-87.783633
16051070230000,1101 N RIDGELAND AVE,41.90591105,-87.7836945
16051070250000,1115 N RIDGELAND AVE,41.90630664,-87.78363061
16051080010000,1138 N RIDGELAND AVE,41.90718001,-87.78297911
16051080020000,1134 N RIDGELAND AVE,41.90707626,-87.78300942
16051080030000,1132 N RIDGELAND AVE,41.90697237,-87.78301031
16051080040000,1128 N RIDGELAND AVE,41.90684896,-87.78299375
16051080050000,1122 N RIDGELAND AVE,41.90672564,-87.78299481
16051080060000,1120 N RIDGELAND AVE,41.90662184,-87.78301332
16051080070000,1118 N RIDGELAND AVE,41.90653734,-87.78300524
16051080080000,1114 N RIDGELAND AVE,41.90642033,-87.78297159
16051080090000,1112 N RIDGELAND AVE,41.9062708,-87.7829118
16051080100000,1108 N RIDGELAND AVE,41.90616044,-87.78291274
16051080110000,1104 N RIDGELAND AVE,41.90606303,-87.78291358
16051080120000,1100 N RIDGELAND AVE,41.90595274,-87.78293215
16051080130000,1137 N HARVEY AVE,41.90718996,-87.78235294
16051080140000,1135 N HARVEY AVE,41.90709917,-87.78238314
16051080150000,1133 N HARVEY AVE,41.90697572,-87.78235777
16051080160000,1129 N HARVEY AVE,41.90686535,-87.78235872
16051080170000,1125 N HARVEY AVE,41.90676794,-87.78235956
16051080180000,1121 N HARVEY AVE,41.90664466,-87.78236943
16051080190000,1119 N HARVEY AVE,41.90654729,-87.78237908
16051080200000,1117 N HARVEY AVE,41.90643024,-87.78233662
16051080210000,1115 N HARVEY AVE,41.90633964,-87.78235502
16051080220000,1111 N HARVEY AVE,41.90623583,-87.78237294
16051080230000,1107 N HARVEY AVE,41.90614473,-87.78233908
16051080240000,1105 N HARVEY AVE,41.90605375,-87.78233105
16051080250000,1101 N HARVEY AVE,41.90594987,-87.78233194
16051090010000,221 LE MOYNE PKWY,41.90712266,-87.78188013
16051090020000,217 LE MOYNE PKWY,41.90711543,-87.78172396
16051090030000,215 LE MOYNE PKWY,41.90712133,-87.78160234
16051090040000,213 LE MOYNE PKWY,41.90712083,-87.7814978
16051090050000,209 LE MOYNE PKWY,41.90712016,-87.78135861
16051090060000,207 LE MOYNE PKWY,41.90712609,-87.7812458
16051090070000,205 LE MOYNE PKWY,41.90711886,-87.78108904
16051090080000,201 LE MOYNE PKWY,41.9071118,-87.78096753
16051090090000,1126 N HARVEY AVE,41.90685296,-87.78173124
16051090100000,1124 N HARVEY AVE,41.90677498,-87.78173191
16051090110000,1122 N HARVEY AVE,41.90669716,-87.78171496
16051090120000,1120 N HARVEY AVE,41.90660623,-87.78171574
16051090130000,1118 N HARVEY AVE,41.90652181,-87.78172528
16051090140000,1116 N HARVEY AVE,41.90644404,-87.78171714
16051090150000,1112 N HARVEY AVE,41.90636606,-87.78171781
16051090160000,1110 N HARVEY AVE,41.90628161,-87.78171854
16051090170000,1108 N HARVEY AVE,41.90620388,-87.78171921
16051090180000,1106 N HARVEY AVE,41.90610642,-87.78171124
16051090190000,1104 N HARVEY AVE,41.9060414,-87.78171179
16051090200000,1100 N HARVEY AVE,41.90594399,-87.78171263
16051090210000,1127 N LOMBARD AVE,41.90686278,-87.78108041
16051090220000,1125 N LOMBARD AVE,41.90675229,-87.78105552
16051090230000,1123 N LOMBARD AVE,41.90666144,-87.78107333
16051090240000,1119 N LOMBARD AVE,41.90658375,-87.78108281
16051090250000,1117 N LOMBARD AVE,41.90647334,-87.78107495
16051090260000,1113 N LOMBARD AVE,41.90637589,-87.78106698
16051090270000,1111 N LOMBARD AVE,41.906272,-87.78106788
16051090280000,1109 N LOMBARD AVE,41.90618103,-87.78106044
16051090290000,1105 N LOMBARD AVE,41.90609005,-87.78105242
16051090300000,1103 N LOMBARD AVE,41.90599301,-87.78107909
16051100010000,151 LE MOYNE PKWY,41.90715517,-87.78055838
16051100020000,147 LE MOYNE PKWY,41.90714811,-87.78043628
16051100030000,145 LE MOYNE PKWY,41.90714744,-87.78029709
16051100040000,141 LE MOYNE PKWY,41.9071339,-87.78017564
16051100050000,139 LE MOYNE PKWY,41.90713979,-87.78005401
16051100060000,135 LE MOYNE PKWY,41.90715211,-87.77992352
16051100070000,133 LE MOYNE PKWY,41.90717125,-87.77981
16051100080000,129 LE MOYNE PKWY,41.90715767,-87.77967973
16051100090000,1126 N LOMBARD AVE,41.90687262,-87.7804326
16051100100000,1124 N LOMBARD AVE,41.90678816,-87.78043333
16051100110000,1122 N LOMBARD AVE,41.90672331,-87.78041685
16051100120000,1120 N LOMBARD AVE,41.9066259,-87.78041769
16051100130000,1118 N LOMBARD AVE,41.90652849,-87.78041853
16051100140000,1114 N LOMBARD AVE,41.90645067,-87.78040159
16051100150000,1112 N LOMBARD AVE,41.9063793,-87.78042863
16051100160000,1110 N LOMBARD AVE,41.90628828,-87.7804118
16051100170000,1108 N LOMBARD AVE,41.90621055,-87.78041247
16051100180000,1106 N LOMBARD AVE,41.90613253,-87.78040433
16051100190000,1104 N LOMBARD AVE,41.90604163,-87.78041393
16051100200000,1100 N LOMBARD AVE,41.90595705,-87.78038881
16051100210000,1127 N HAYES AVE,41.90687596,-87.77978065
16051100220000,1125 N HAYES AVE,41.90677859,-87.7797903
16051100230000,1123 N HAYES AVE,41.90668093,-87.77973887
16051100240000,1119 N HAYES AVE,41.90658372,-87.7797309
16051100250000,1117 N HAYES AVE,41.90647987,-87.77974061
16051100260000,1115 N HAYES AVE,41.90638894,-87.7797414
16051100270000,1111 N HAYES AVE,41.90629805,-87.77975099
16051100280000,1109 N HAYES AVE,41.90620051,-87.7797254
16051100290000,1105 N HAYES AVE,41.90610331,-87.77971743
16051100300000,1101 N HAYES AVE,41.90600581,-87.77970124
16051110010000,121 LE MOYNE PKWY,41.90716213,-87.77926211
16051110020000,119 LE MOYNE PKWY,41.90717454,-87.77914924
16051110030000,115 LE MOYNE PKWY,41.9071803,-87.77900118
16051110040000,113 LE MOYNE PKWY,41.90717972,-87.77887961
16051110050000,109 LE MOYNE PKWY,41.90718556,-87.77874918
16051110060000,107 LE MOYNE PKWY,41.90718497,-87.77862702
16051110070000,103 LE MOYNE PKWY,41.90716487,-87.77848859
16051110080000,101 LE MOYNE PKWY,41.9071642,-87.7783494
16051110090000,1126 N HAYES AVE,41.90688233,-87.77915603
16051110100000,1124 N HAYES AVE,41.90677179,-87.77912233
16051110110000,1122 N HAYES AVE,41.90668107,-87.77911431
16051110120000,1118 N HAYES AVE,41.90658357,-87.77909753
16051110130000,1116 N HAYES AVE,41.9064862,-87.77910718
16051110140000,1112 N HAYES AVE,41.90639544,-87.77914262
16051110150000,1110 N HAYES AVE,41.90629155,-87.77914352
16051110160000,1106 N HAYES AVE,41.90622029,-87.77914413
16051110170000,1104 N HAYES AVE,41.90610989,-87.77913687
16051110180000,1100 N HAYES AVE,41.90600596,-87.77912896
16051110190000,1127 N TAYLOR AVE,41.90688534,-87.77843822
16051110200000,1125 N TAYLOR AVE,41.90678145,-87.77843912
16051110210000,1121 N TAYLOR AVE,41.90669077,-87.7784399
16051110220000,1119 N TAYLOR AVE,41.9065934,-87.77844956
16051110230000,1117 N TAYLOR AVE,41.90649569,-87.77838932
16051110240000,1115 N TAYLOR AVE,41.90640501,-87.77844238
16051110250000,1111 N TAYLOR AVE,41.90630751,-87.7784256
16051110260000,1109 N TAYLOR AVE,41.90620379,-87.77840947
16051110270000,1105 N TAYLOR AVE,41.90611286,-87.77841026
16051110280000,1101 N TAYLOR AVE,41.90600884,-87.77838473
16051120010000,51 LE MOYNE PKWY,41.90717526,-87.77795756
16051120020000,47 LE MOYNE PKWY,41.90717463,-87.77782718
16051120030000,45 LE MOYNE PKWY,41.907187,-87.7777055
16051120040000,43 LE MOYNE PKWY,41.90718641,-87.77758393
16051120050000,39 LE MOYNE PKWY,41.90717278,-87.77744486
16051120060000,35 LE MOYNE PKWY,41.90716563,-87.77730572
16051120070000,31 LE MOYNE PKWY,41.90719742,-87.77718328
16051120080000,29 LE MOYNE PKWY,41.90717736,-87.77705307
16051120090000,1126 N TAYLOR AVE,41.90688898,-87.77785154
16051120100000,1124 N TAYLOR AVE,41.90679817,-87.77782649
16051120110000,1120 N TAYLOR AVE,41.90670067,-87.77780971
16051120120000,1118 N TAYLOR AVE,41.90659683,-87.77781942
16051120130000,1116 N TAYLOR AVE,41.90649281,-87.7777939
16051120140000,1112 N TAYLOR AVE,41.9064084,-87.77780344
16051120150000,1110 N TAYLOR AVE,41.90632784,-87.77786163
16051120160000,1106 N TAYLOR AVE,41.90622056,-87.77784343
16051120170000,1104 N TAYLOR AVE,41.90613591,-87.77781939
16051120180000,1102 N TAYLOR AVE,41.90601263,-87.77782927
16051120190000,1121 N HUMPHREY AVE,41.90670298,-87.77711446
16051120200000,1119 N HUMPHREY AVE,41.90662293,-87.77712172
16051120210000,1117 N HUMPHREY AVE,41.90651257,-87.77712268
16051120220000,1113 N HUMPHREY AVE,41.90642168,-87.77713227
16051120230000,1111 N HUMPHREY AVE,41.90632451,-87.77713312
16051120240000,1107 N HUMPHREY AVE,41.90624006,-87.77713385
16051120250000,1105 N HUMPHREY AVE,41.90614912,-87.77713464
16051120260000,1101 N HUMPHREY AVE,41.90602576,-87.7771269
16051130010000,21 LE MOYNE PKWY,41.90720129,-87.77664409
16051130020000,19 LE MOYNE PKWY,41.90720058,-87.77649668
16051130030000,17 LE MOYNE PKWY,41.90719994,-87.7763663
16051130040000,15 LE MOYNE PKWY,41.90720587,-87.7762529
16051130050000,11 LE MOYNE PKWY,41.90720532,-87.77614014
16051130060000,7 LE MOYNE PKWY,41.90720465,-87.77600095
16051130070000,5 LE MOYNE PKWY,41.90720406,-87.77587879
16051130080000,1 LE MOYNE PKWY,41.90720342,-87.77574841
16051130090000,1126 N HUMPHREY AVE,41.90690204,-87.77648441
16051130100000,1124 N HUMPHREY AVE,41.90680454,-87.77646763
16051130110000,1122 N HUMPHREY AVE,41.90670709,-87.77645967
16051130120000,1120 N HUMPHREY AVE,41.90662272,-87.77647802
16051130130000,1116 N HUMPHREY AVE,41.90652535,-87.77648768
16051130140000,1112 N HUMPHREY AVE,41.90643462,-87.77647966
16051130150000,1110 N HUMPHREY AVE,41.90633725,-87.77648931
16051130160000,1106 N HUMPHREY AVE,41.90622693,-87.77649908
16051130170000,1104 N HUMPHREY AVE,41.90614887,-87.77648214
16051130180000,1100 N HUMPHREY AVE,41.90604494,-87.77647424
16051130190000,1428 N AUSTIN BLVD,41.90692502,-87.77587994
16051130200000,1426 N AUSTIN BLVD,41.90682113,-87.77588085
16051130210000,1424 N AUSTIN BLVD,41.90671076,-87.77588181
16051130220000,1420 N AUSTIN BLVD,41.90661335,-87.77588266
16051130230000,1416 N AUSTIN BLVD,41.90652234,-87.77586641
16051130240000,1414 N AUSTIN BLVD,41.90634872,-87.77583938
16051130250000,1410 N AUSTIN BLVD,41.90625609,-87.77583349
16051130260000,1406 N AUSTIN BLVD,41.9061782,-87.77585179
16051130270000,1404 N AUSTIN BLVD,41.90609395,-87.77584371
16051130290000,1402 N AUSTIN BLVD,41.90600297,-87.7758357
16051140010000,1000 N RIDGELAND AVE,41.90530873,-87.78299401
16051150010000,1032 N HARVEY AVE,41.90485147,-87.78231404
16051150020000,1026 N HARVEY AVE,41.9047051,-87.78235456
16051150030000,1022 N HARVEY AVE,41.90459162,-87.78237517
16051150040000,1018 N HARVEY AVE,41.90447436,-87.78237127
16051150050000,1014 N HARVEY AVE,41.90433894,-87.78240188
16051150060000,1012 N HARVEY AVE,41.90424394,-87.78245668
16051150070000,1010 N HARVEY AVE,41.90414887,-87.78249677
16051150080000,1004 N HARVEY AVE,41.90406841,-87.7825269
16051150090000,1000 N HARVEY AVE,41.90396258,-87.78255739
16051150120000,1045 MAPLETON AVE,41.90549396,-87.78184214
16051150130000,1043 MAPLETON AVE,41.90540603,-87.7818429
16051150140000,1041 MAPLETON AVE,41.90531443,-87.78184369
16051150150000,1039 MAPLETON AVE,41.9052265,-87.78184444
16051150160000,1035 MAPLETON AVE,41.90513491,-87.78184523
16051150170000,1033 MAPLETON AVE,41.90503242,-87.78186575
16051150180000,1031 MAPLETON AVE,41.90494444,-87.78185669
16051150190000,1027 MAPLETON AVE,41.90484907,-87.78183297
16051150200000,1025 MAPLETON AVE,41.90476114,-87.78183373
16051150210000,1023 MAPLETON AVE,41.90467687,-87.78183445
16051150220000,1021 MAPLETON AVE,41.90457076,-87.78184518
16051150230000,1017 MAPLETON AVE,41.90447916,-87.78184597
16051150240000,1015 MAPLETON AVE,41.90440582,-87.78183188
16051150250000,1013 MAPLETON AVE,41.90431794,-87.78184245
16051150260000,1009 MAPLETON AVE,41.90422261,-87.78182854
16051150270000,1007 MAPLETON AVE,41.9041309,-87.7818048
16051150280000,1003 MAPLETON AVE,41.90404297,-87.78180555
16051150290000,1001 MAPLETON AVE,41.90395522,-87.78184557
16051150300000,1049 MAPLETON AVE,41.90566866,-87.78188138
16051150310000,1047 MAPLETON AVE,41.90557756,-87.78184751
16051160010000,1050 MAPLETON AVE,41.9056819,-87.78130556
16051160020000,1048 MAPLETON AVE,41.9055831,-87.78133096
16051160030000,1046 MAPLETON AVE,41.90549883,-87.78133168
16051160040000,1042 MAPLETON AVE,41.90540719,-87.78132265
16051160050000,1040 MAPLETON AVE,41.90531924,-87.7813185
16051160060000,1038 MAPLETON AVE,41.90522398,-87.78131932
16051160070000,1034 MAPLETON AVE,41.90512135,-87.78131039
16051160080000,1032 MAPLETON AVE,41.90503344,-87.78131606
16051160090000,1028 MAPLETON AVE,41.90493445,-87.78130219
16051160100000,1026 MAPLETON AVE,41.90483182,-87.78129326
16051160110000,1024 MAPLETON AVE,41.90474755,-87.78129398
16051160120000,1020 MAPLETON AVE,41.9046449,-87.78128039
16051160130000,1018 MAPLETON AVE,41.90454597,-87.78128124
16051160140000,1014 MAPLETON AVE,41.9044544,-87.78128694
16051160150000,1012 MAPLETON AVE,41.90436274,-87.78127301
16051160160000,1010 MAPLETON AVE,41.90426382,-87.78127386
16051160170000,1006 MAPLETON AVE,41.90416849,-87.78125996
16051160180000,1004 MAPLETON AVE,41.90407316,-87.78124606
16051160190000,1000 MAPLETON AVE,41.90397419,-87.78123709
16051160200000,1051 N LOMBARD AVE,41.90568616,-87.78066775
16051160210000,1047 N LOMBARD AVE,41.90560192,-87.78067338
16051160220000,1045 N LOMBARD AVE,41.90551399,-87.78067414
16051160230000,1043 N LOMBARD AVE,41.90542223,-87.78064058
16051160240000,1041 N LOMBARD AVE,41.90533442,-87.78066587
16051160250000,1039 N LOMBARD AVE,41.90523904,-87.78064216
16051160260000,1035 N LOMBARD AVE,41.90514745,-87.78064295
16051160270000,1033 N LOMBARD AVE,41.90507046,-87.7806338
16051160280000,1031 N LOMBARD AVE,41.90496785,-87.78062977
16051160290000,1027 N LOMBARD AVE,41.90487626,-87.78063056
16051160300000,1025 N LOMBARD AVE,41.90479197,-87.78062638
16051160310000,1023 N LOMBARD AVE,41.90469307,-87.78063202
16051160320000,1021 N LOMBARD AVE,41.90460514,-87.78063278
16051160330000,1017 N LOMBARD AVE,41.90450986,-87.78062869
16051160340000,1015 N LOMBARD AVE,41.90441451,-87.78060988
16051160350000,1011 N LOMBARD AVE,41.90432655,-87.78060573
16051160360000,1009 N LOMBARD AVE,41.90424231,-87.78061137
16051160370000,1007 N LOMBARD AVE,41.90415067,-87.78060234
16051160380000,1005 N LOMBARD AVE,41.90405903,-87.78059332
16051160390000,1001 N LOMBARD AVE,41.9039637,-87.78057941
16051170010000,1050 N LOMBARD AVE,41.90569084,-87.78011728
16051170020000,1048 N LOMBARD AVE,41.90560657,-87.780118
16051170030000,1044 N LOMBARD AVE,41.90552597,-87.7801187
16051170040000,1042 N LOMBARD AVE,41.90543052,-87.78008026
16051170050000,1040 N LOMBARD AVE,41.90533879,-87.7800516
16051170060000,1036 N LOMBARD AVE,41.90524752,-87.7801211
16051170070000,1034 N LOMBARD AVE,41.90515588,-87.78011208
16051170080000,1032 N LOMBARD AVE,41.90505687,-87.7800933
16051170090000,1030 N LOMBARD AVE,41.90496527,-87.78009409
16051170100000,1026 N LOMBARD AVE,41.90489179,-87.78005056
16051170110000,1022 N LOMBARD AVE,41.90478088,-87.77984538
16051170120000,1020 N LOMBARD AVE,41.90463897,-87.78004845
16051170130000,1016 N LOMBARD AVE,41.90452539,-87.78004943
16051170140000,1014 N LOMBARD AVE,41.90442997,-87.7800159
16051170150000,1012 N LOMBARD AVE,41.90434589,-87.78005589
16051170160000,1010 N LOMBARD AVE,41.9042543,-87.78005668
16051170170000,1006 N LOMBARD AVE,41.90416637,-87.78005744
16051170180000,1004 N LOMBARD AVE,41.90407111,-87.78005826
16051170190000,1000 N LOMBARD AVE,41.90397947,-87.78004924
16051170200000,1051 N HAYES AVE,41.90569868,-87.77946445
16051170210000,1047 N HAYES AVE,41.90562175,-87.77946512
16051170220000,1045 N HAYES AVE,41.90553022,-87.77948063
16051170230000,1043 N HAYES AVE,41.90543487,-87.77946183
16051170240000,1041 N HAYES AVE,41.90534694,-87.77946259
16051170250000,1037 N HAYES AVE,41.90525892,-87.77944372
16051170260000,1035 N HAYES AVE,41.90516006,-87.77945929
16051170270000,1033 N HAYES AVE,41.90506833,-87.77943064
16051170280000,1031 N HAYES AVE,41.9049804,-87.7794314
16051170290000,1027 N HAYES AVE,41.90488148,-87.77943226
16051170300000,1025 N HAYES AVE,41.90480454,-87.77943292
16051170310000,1023 N HAYES AVE,41.90472011,-87.77939929
16051170320000,1019 N HAYES AVE,41.90461381,-87.77939115
16051170330000,1017 N HAYES AVE,41.90452955,-87.77939188
16051170340000,1015 N HAYES AVE,41.90444162,-87.77939264
16051170350000,1011 N HAYES AVE,41.90435369,-87.7793934
16051170360000,1009 N HAYES AVE,41.90426935,-87.7793794
16051170370000,1007 N HAYES AVE,41.90417412,-87.77938513
16051170380000,1005 N HAYES AVE,41.90408619,-87.77938589
16051170390000,1001 N HAYES AVE,41.90399814,-87.77936211
16051180010000,1050 N HAYES AVE,41.90569931,-87.77883007
16051180020000,1048 N HAYES AVE,41.90561879,-87.77885216
16051180030000,1044 N HAYES AVE,41.90553459,-87.77886761
16051180040000,1042 N HAYES AVE,41.90544305,-87.77887822
16051180050000,1040 N HAYES AVE,41.90535511,-87.77887898
16051180060000,1038 N HAYES AVE,41.90525988,-87.77888471
16051180070000,1034 N HAYES AVE,41.90517183,-87.77886093
16051180080000,1032 N HAYES AVE,41.90509489,-87.7788616
16051180090000,1028 N HAYES AVE,41.90499597,-87.77886245
16051180100000,1026 N HAYES AVE,41.90490064,-87.77884855
16051180110000,1024 N HAYES AVE,41.9048164,-87.77885419
16051180120000,1022 N HAYES AVE,41.90472847,-87.77885495
16051180130000,1018 N HAYES AVE,41.90462604,-87.77885093
16051180140000,1016 N HAYES AVE,41.90453079,-87.77885175
16051180150000,1014 N HAYES AVE,41.90444286,-87.77885251
16051180160000,1010 N HAYES AVE,41.90435119,-87.77883858
16051180170000,1008 N HAYES AVE,41.9042596,-87.77883938
16051180180000,1006 N HAYES AVE,41.90417528,-87.77883029
16051180190000,1004 N HAYES AVE,41.90407636,-87.77883115
16051180200000,1000 N HAYES AVE,41.90399559,-87.77879749
16051180210000,1051 N TAYLOR AVE,41.90570926,-87.77820794
16051180220000,1047 N TAYLOR AVE,41.90562294,-87.77819459
16051180230000,1045 N TAYLOR AVE,41.90554234,-87.77819528
16051180240000,1043 N TAYLOR AVE,41.90545807,-87.77819601
16051180250000,1039 N TAYLOR AVE,41.90535907,-87.77818215
16051180260000,1037 N TAYLOR AVE,41.90526023,-87.77819773
16051180270000,1035 N TAYLOR AVE,41.90517962,-87.77819843
16051180280000,1033 N TAYLOR AVE,41.90508798,-87.7781894
16051180290000,1031 N TAYLOR AVE,41.90499634,-87.77818038
16051180300000,1029 N TAYLOR AVE,41.90490853,-87.77820568
16051180310000,1025 N TAYLOR AVE,41.90482046,-87.778177
16051180320000,1023 N TAYLOR AVE,41.90472886,-87.77817779
16051180330000,1019 N TAYLOR AVE,41.90463356,-87.7781688
16051180340000,1017 N TAYLOR AVE,41.90454948,-87.77818867
16051180350000,1015 N TAYLOR AVE,41.90445422,-87.77818949
16051180360000,1011 N TAYLOR AVE,41.90435896,-87.77819032
16051180370000,1009 N TAYLOR AVE,41.90427467,-87.77818613
16051180380000,1007 N TAYLOR AVE,41.90418305,-87.77818202
16051180390000,1005 N TAYLOR AVE,41.90409146,-87.77818281
16051180400000,1001 N TAYLOR AVE,41.90399259,-87.77819349
16051190010000,1050 N TAYLOR AVE,41.90573241,-87.77758646
16051190020000,1048 N TAYLOR AVE,41.90563096,-87.7775809
16051190030000,1046 N TAYLOR AVE,41.90555421,-87.77762083
16051190040000,1042 N TAYLOR AVE,41.90547361,-87.77762153
16051190050000,1040 N TAYLOR AVE,41.90536729,-87.77760773
16051190060000,1036 N TAYLOR AVE,41.90527936,-87.77760849
16051190070000,1034 N TAYLOR AVE,41.90518779,-87.77761419
16051190080000,1032 N TAYLOR AVE,41.90509981,-87.77760514
16051190090000,1030 N TAYLOR AVE,41.90501186,-87.777601
16051190100000,1028 N TAYLOR AVE,41.90492026,-87.77760179
16051190110000,1024 N TAYLOR AVE,41.90482867,-87.77760258
16051190120000,1022 N TAYLOR AVE,41.90473708,-87.77760338
16051190130000,1020 N TAYLOR AVE,41.90464912,-87.77759923
16051190140000,1016 N TAYLOR AVE,41.90456085,-87.77760478
16051190150000,1012 N TAYLOR AVE,41.90448016,-87.77758585
16051190160000,1010 N TAYLOR AVE,41.9043923,-87.77760134
16051190170000,1008 N TAYLOR AVE,41.9043007,-87.77760213
16051190180000,1006 N TAYLOR AVE,41.90420911,-87.77760293
16051190190000,1004 N TAYLOR AVE,41.90412848,-87.77759872
16051190200000,1000 N TAYLOR AVE,41.90402958,-87.77760448
16051190210000,1051 N HUMPHREY AVE,41.90573302,-87.77697263
16051190220000,1047 N HUMPHREY AVE,41.90559873,-87.77699727
16051190230000,1043 N HUMPHREY AVE,41.90548865,-87.77696387
16051190240000,1041 N HUMPHREY AVE,41.905346,-87.77701418
16051190250000,1037 N HUMPHREY AVE,41.90525053,-87.77697084
16051190260000,1033 N HUMPHREY AVE,41.90513325,-87.77696205
16051190270000,1031 N HUMPHREY AVE,41.90501972,-87.77697285
16051190280000,1027 N HUMPHREY AVE,41.90490597,-87.77693948
16051190290000,1023 N HUMPHREY AVE,41.90476697,-87.77698486
16051190300000,1019 N HUMPHREY AVE,41.90467885,-87.77694636
16051190310000,1017 N HUMPHREY AVE,41.90458354,-87.77695625
16051190320000,1015 N HUMPHREY AVE,41.90449195,-87.77695705
16051190330000,1013 N HUMPHREY AVE,41.90440768,-87.77695778
16051190340000,1009 N HUMPHREY AVE,41.90431257,-87.77698805
16051190350000,1007 N HUMPHREY AVE,41.90421705,-87.7769349
16051190360000,1005 N HUMPHREY AVE,41.90414013,-87.77694047
16051190370000,1001 N HUMPHREY AVE,41.90403764,-87.77696099
16051200010000,1050 N HUMPHREY AVE,41.90573974,-87.77642462
16051200020000,1046 N HUMPHREY AVE,41.90564726,-87.7764079
16051200030000,1044 N HUMPHREY AVE,41.905552,-87.77640873
16051200040000,1042 N HUMPHREY AVE,41.90546036,-87.7763997
16051200050000,1040 N HUMPHREY AVE,41.90536877,-87.7764005
16051200060000,1036 N HUMPHREY AVE,41.9052772,-87.77640621
16051200070000,1034 N HUMPHREY AVE,41.90518565,-87.77641682
16051200080000,1032 N HUMPHREY AVE,41.90508292,-87.77638826
16051200090000,1030 N HUMPHREY AVE,41.90499866,-87.77638899
16051200100000,1026 N HUMPHREY AVE,41.90489974,-87.77638985
16051200110000,1024 N HUMPHREY AVE,41.90480079,-87.77638581
16051200120000,1018 N HUMPHREY AVE,41.90467625,-87.77639167
16051200130000,1016 N HUMPHREY AVE,41.90458472,-87.77640719
16051200140000,1014 N HUMPHREY AVE,41.90449311,-87.77640308
16051200150000,1010 N HUMPHREY AVE,41.90441241,-87.77638415
16051200160000,1008 N HUMPHREY AVE,41.90431715,-87.77638498
16051200170000,1006 N HUMPHREY AVE,41.9042292,-87.77638083
16051200180000,1002 N HUMPHREY AVE,41.90413387,-87.77636694
16051200190000,1000 N HUMPHREY AVE,41.90404963,-87.77637258
16051200200000,1350 N AUSTIN BLVD,41.90569794,-87.77569771
16051200210000,1346 N AUSTIN BLVD,41.90557826,-87.77577966
16051200220000,1344 N AUSTIN BLVD,41.905483,-87.77578049
16051200230000,1340 N AUSTIN BLVD,41.90538056,-87.77581083
16051200240000,1338 N AUSTIN BLVD,41.90528897,-87.77581163
16051200250000,1336 N AUSTIN BLVD,41.90515698,-87.77579314
16051200260000,1332 N AUSTIN BLVD,41.90503971,-87.77578925
16051200270000,1328 N AUSTIN BLVD,41.90492612,-87.77578534
16051200280000,1324 N AUSTIN BLVD,41.9048089,-87.77579126
16051200290000,1322 N AUSTIN BLVD,41.90467684,-87.77575868
16051200300000,1320 N AUSTIN BLVD,41.90459976,-87.77572991
16051200310000,1316 N AUSTIN BLVD,41.90450814,-87.7757258
16051210010000,948 N RIDGELAND AVE,41.90367553,-87.78389131
16051210020000,946 N RIDGELAND AVE,41.9035876,-87.78389207
16051210030000,944 N RIDGELAND AVE,41.90349599,-87.78388794
16051210040000,942 N RIDGELAND AVE,41.90341167,-87.78387885
16051210050000,938 N RIDGELAND AVE,41.90332374,-87.78387961
16051210060000,936 N RIDGELAND AVE,41.90325047,-87.78388023
16051210070000,934 N RIDGELAND AVE,41.90315385,-87.78386131
16051210080000,930 N RIDGELAND AVE,41.9030598,-87.78386212
16051210090000,928 N RIDGELAND AVE,41.90297129,-87.78386288
16051210100000,926 N RIDGELAND AVE,41.90287718,-87.78384887
16051210110000,922 N RIDGELAND AVE,41.90279973,-87.78384953
16051210120000,920 N RIDGELAND AVE,41.90270012,-87.78384297
16051210130000,918 N RIDGELAND AVE,41.90261714,-87.78384369
16051210140000,916 N RIDGELAND AVE,41.9025231,-87.78384449
16051210150000,912 N RIDGELAND AVE,41.9024456,-87.78383559
16051210160000,910 N RIDGELAND AVE,41.90236255,-87.78382148
16051210170000,908 N RIDGELAND AVE,41.90227404,-87.78382224
16051210180000,904 N RIDGELAND AVE,41.90217993,-87.78380823
16051210190000,902 N RIDGELAND AVE,41.90209142,-87.78380899
16051210200000,900 N RIDGELAND AVE,41.90200837,-87.78379488
16051210210000,949 N HARVEY AVE,41.90368258,-87.7830865
16051210220000,947 N HARVEY AVE,41.90360195,-87.78308229
16051210230000,945 N HARVEY AVE,41.903514,-87.78307814
16051210240000,943 N HARVEY AVE,41.90342602,-87.78306908
16051210250000,939 N HARVEY AVE,41.903338,-87.7830502
16051210260000,937 N HARVEY AVE,41.90325373,-87.78305093
16051210270000,935 N HARVEY AVE,41.90317315,-87.78305653
16051210280000,931 N HARVEY AVE,41.90307051,-87.78304212
16051210290000,929 N HARVEY AVE,41.90298753,-87.78304283
16051210300000,927 N HARVEY AVE,41.90289349,-87.78304364
16051210310000,923 N HARVEY AVE,41.90280498,-87.7830444
16051210320000,921 N HARVEY AVE,41.902722,-87.78304511
16051210330000,919 N HARVEY AVE,41.90263353,-87.78305328
16051210340000,917 N HARVEY AVE,41.90255013,-87.78303965
16051210350000,915 N HARVEY AVE,41.90247268,-87.78304031
16051210360000,911 N HARVEY AVE,41.90238963,-87.78302621
16051210370000,909 N HARVEY AVE,41.90229006,-87.78302706
16051210380000,905 N HARVEY AVE,41.90220708,-87.78302777
16051210390000,903 N HARVEY AVE,41.90210751,-87.78302863
16051210400000,901 N HARVEY AVE,41.90202449,-87.78302193
16051220010000,948 N HARVEY AVE,41.90368687,-87.78248111
16051220020000,946 N HARVEY AVE,41.90358429,-87.78248199
16051220030000,942 N HARVEY AVE,41.90348537,-87.78248284
16051220040000,938 N HARVEY AVE,41.90338278,-87.78248372
16051220050000,936 N HARVEY AVE,41.90328013,-87.78246988
16051220060000,932 N HARVEY AVE,41.90319217,-87.78246572
16051220070000,930 N HARVEY AVE,41.90307682,-87.78245854
16051220080000,928 N HARVEY AVE,41.90297175,-87.78246686
16051220090000,924 N HARVEY AVE,41.90287196,-87.78242326
16051220100000,922 N HARVEY AVE,41.90276685,-87.78242416
16051220110000,920 N HARVEY AVE,41.90266724,-87.78241761
16051220120000,916 N HARVEY AVE,41.90255661,-87.78241856
16051220130000,914 N HARVEY AVE,41.90247178,-87.7824432
16051220140000,910 N HARVEY AVE,41.90236667,-87.7824441
16051220150000,906 N HARVEY AVE,41.9022671,-87.78244496
16051220160000,904 N HARVEY AVE,41.90216199,-87.78244586
16051220170000,900 N HARVEY AVE,41.90205688,-87.78244677
16051220180000,949 MAPLETON AVE,41.90369127,-87.78183312
16051220190000,947 MAPLETON AVE,41.90359587,-87.78180449
16051220200000,945 MAPLETON AVE,41.90348972,-87.78182504
16051220210000,941 MAPLETON AVE,41.90338354,-87.78184067
16051220220000,937 MAPLETON AVE,41.90328072,-87.78179248
16051220230000,935 MAPLETON AVE,41.90318544,-87.7817884
16051220240000,931 MAPLETON AVE,41.90308302,-87.78178154
16051220250000,929 MAPLETON AVE,41.90297795,-87.78178985
16051220260000,927 MAPLETON AVE,41.9028672,-87.78176857
16051220270000,925 MAPLETON AVE,41.90276759,-87.78176202
16051220280000,921 MAPLETON AVE,41.90266249,-87.78176293
16051220290000,917 MAPLETON AVE,41.90256844,-87.78176373
16051220300000,915 MAPLETON AVE,41.90247562,-87.78175497
16051220310000,911 MAPLETON AVE,41.90237605,-87.78175582
16051220320000,907 MAPLETON AVE,41.90227647,-87.78175668
16051220330000,905 MAPLETON AVE,41.90217137,-87.78175759
16051220340000,901 MAPLETON AVE,41.90207172,-87.78174362
16051230010000,948 MAPLETON AVE,41.90369946,-87.78124928
16051230020000,946 MAPLETON AVE,41.90359316,-87.78124037
16051230030000,942 MAPLETON AVE,41.90349062,-87.78125108
16051230040000,938 MAPLETON AVE,41.9033917,-87.78125193
16051230050000,936 MAPLETON AVE,41.90329276,-87.78124787
16051230060000,932 MAPLETON AVE,41.90319384,-87.78124872
16051230070000,930 MAPLETON AVE,41.90308591,-87.781231
16051230080000,928 MAPLETON AVE,41.90299187,-87.78123181
16051230090000,924 MAPLETON AVE,41.90287566,-87.7812254
16051230100000,922 MAPLETON AVE,41.90278162,-87.78122621
16051230110000,918 MAPLETON AVE,41.90267658,-87.78124193
16051230120000,916 MAPLETON AVE,41.90257683,-87.78120574
16051230130000,912 MAPLETON AVE,41.90248251,-87.7812209
16051230140000,910 MAPLETON AVE,41.90238293,-87.78122176
16051230150000,906 MAPLETON AVE,41.90227782,-87.78122267
16051230160000,904 MAPLETON AVE,41.90218375,-87.78121607
16051230170000,900 MAPLETON AVE,41.9020786,-87.78120956
16051230180000,949 N LOMBARD AVE,41.90371093,-87.78058663
16051230190000,945 N LOMBARD AVE,41.90361193,-87.78057276
16051230200000,943 N LOMBARD AVE,41.90350937,-87.78057855
16051230210000,941 N LOMBARD AVE,41.90339939,-87.78056478
16051230220000,937 N LOMBARD AVE,41.90330054,-87.78058035
16051230230000,935 N LOMBARD AVE,41.90319795,-87.78058124
16051230240000,931 N LOMBARD AVE,41.90309373,-87.7805566
16051230250000,929 N LOMBARD AVE,41.90298862,-87.78055751
16051230260000,927 N LOMBARD AVE,41.90288351,-87.78055841
16051230270000,923 N LOMBARD AVE,41.9027894,-87.7805444
16051230280000,921 N LOMBARD AVE,41.90268429,-87.78054531
16051230290000,917 N LOMBARD AVE,41.90258472,-87.78054617
16051230300000,915 N LOMBARD AVE,41.90248504,-87.7805248
16051230310000,911 N LOMBARD AVE,41.90238516,-87.78053523
16051230320000,907 N LOMBARD AVE,41.90229112,-87.78053604
16051230330000,905 N LOMBARD AVE,41.90218048,-87.78053699
16051230340000,901 N LOMBARD AVE,41.90208101,-87.78056008
16051240010000,948 N LOMBARD AVE,41.90373684,-87.78003146
16051240020000,946 N LOMBARD AVE,41.90364158,-87.78003228
16051240030000,942 N LOMBARD AVE,41.903539,-87.78003316
16051240040000,938 N LOMBARD AVE,41.90344374,-87.78003399
16051240050000,936 N LOMBARD AVE,41.90334115,-87.78003487
16051240060000,932 N LOMBARD AVE,41.9032311,-87.78000637
16051240070000,930 N LOMBARD AVE,41.90313637,-87.78002964
16051240080000,928 N LOMBARD AVE,41.90303127,-87.78003055
16051240090000,924 N LOMBARD AVE,41.90291502,-87.78001673
16051240100000,922 N LOMBARD AVE,41.90281541,-87.78001018
16051240110000,920 N LOMBARD AVE,41.90271031,-87.78001109
16051240120000,916 N LOMBARD AVE,41.90261069,-87.78000454
16051240130000,914 N LOMBARD AVE,41.90249872,-87.77999115
16051240140000,910 N LOMBARD AVE,41.90239907,-87.77997719
16051240150000,906 N LOMBARD AVE,41.90228847,-87.77998555
16051240160000,904 N LOMBARD AVE,41.90218875,-87.77995678
16051240170000,900 N LOMBARD AVE,41.90209467,-87.77995018
16051240180000,949 N HAYES AVE,41.90371981,-87.77938831
16051240190000,947 N HAYES AVE,41.90362453,-87.77938423
16051240200000,943 N HAYES AVE,41.90351828,-87.77938515
16051240210000,941 N HAYES AVE,41.90341198,-87.77937625
16051240220000,937 N HAYES AVE,41.9033094,-87.77937714
16051240230000,935 N HAYES AVE,41.90322501,-87.77935333
16051240240000,931 N HAYES AVE,41.9031151,-87.77935428
16051240250000,929 N HAYES AVE,41.9030139,-87.77936308
16051240260000,927 N HAYES AVE,41.90291226,-87.77936745
16051240270000,923 N HAYES AVE,41.90281057,-87.77936134
16051240280000,921 N HAYES AVE,41.90270243,-87.77936926
16051240290000,917 N HAYES AVE,41.90259549,-87.77933728
16051240300000,915 N HAYES AVE,41.90250295,-87.77931632
16051240310000,911 N HAYES AVE,41.90240891,-87.77931713
16051240320000,907 N HAYES AVE,41.90230377,-87.77931063
16051240330000,905 N HAYES AVE,41.90219866,-87.77931154
16051240340000,901 N HAYES AVE,41.90209355,-87.77931245
16051250010000,948 N HAYES AVE,41.90372443,-87.77879002
16051250020000,946 N HAYES AVE,41.90362185,-87.77879091
16051250030000,942 N HAYES AVE,41.90351924,-87.77878689
16051250040000,940 N HAYES AVE,41.90342398,-87.77878771
16051250050000,936 N HAYES AVE,41.90331773,-87.77878863
16051250060000,934 N HAYES AVE,41.90322254,-87.77880418
16051250070000,930 N HAYES AVE,41.90311632,-87.77881001
16051250080000,928 N HAYES AVE,41.90302479,-87.7787782
16051250090000,926 N HAYES AVE,41.90291144,-87.77878617
16051250100000,922 N HAYES AVE,41.90281367,-87.77878352
16051250110000,920 N HAYES AVE,41.90271591,-87.77878088
16051250130000,914 N HAYES AVE,41.90252691,-87.77878897
16051250140000,910 N HAYES AVE,41.90242005,-87.77879164
16051250150000,906 N HAYES AVE,41.90231572,-87.77877858
16051250160000,904 N HAYES AVE,41.90221545,-87.7787969
16051250170000,900 N HAYES AVE,41.90210745,-87.77875347
16051250180000,949 N TAYLOR AVE,41.90374328,-87.77816129
16051250190000,947 N TAYLOR AVE,41.90363704,-87.77816221
16051250200000,943 N TAYLOR AVE,41.90354168,-87.77814341
16051250210000,941 N TAYLOR AVE,41.90344279,-87.77814917
16051250220000,937 N TAYLOR AVE,41.90332921,-87.77815016
16051250230000,935 N TAYLOR AVE,41.90322291,-87.77814126
16051250240000,931 N TAYLOR AVE,41.90311666,-87.77814218
16051250250000,929 N TAYLOR AVE,41.90303833,-87.77814299
16051250260000,925 N TAYLOR AVE,41.90293526,-87.77812294
16051250270000,923 N TAYLOR AVE,41.90283468,-87.77807667
16051250280000,919 N TAYLOR AVE,41.90272934,-87.77812472
16051250290000,917 N TAYLOR AVE,41.90261853,-87.7781187
16051250300000,913 N TAYLOR AVE,41.90254509,-87.77810362
16051250310000,911 N TAYLOR AVE,41.90243818,-87.77809757
16051250320000,907 N TAYLOR AVE,41.90234174,-87.77810014
16051250330000,905 N TAYLOR AVE,41.90223232,-87.77811157
16051250340000,901 N TAYLOR AVE,41.902117,-87.77810656
16051260010000,948 N TAYLOR AVE,41.90375141,-87.77758751
16051260020000,944 N TAYLOR AVE,41.90364882,-87.7775884
16051260030000,942 N TAYLOR AVE,41.90356089,-87.77758916
16051260040000,940 N TAYLOR AVE,41.90344365,-87.77759018
16051260050000,936 N TAYLOR AVE,41.90335206,-87.77759098
16051260060000,932 N TAYLOR AVE,41.90323839,-87.77757233
16051260070000,930 N TAYLOR AVE,41.90315051,-87.77758291
16051260080000,928 N TAYLOR AVE,41.90304441,-87.77758435
16051260090000,924 N TAYLOR AVE,41.90294648,-87.77754679
16051260100000,922 N TAYLOR AVE,41.90284616,-87.77755465
16051260110000,918 N TAYLOR AVE,41.90274446,-87.77754855
16051260120000,916 N TAYLOR AVE,41.90264152,-87.77755293
16051260130000,912 N TAYLOR AVE,41.90253458,-87.77753989
16051260140000,910 N TAYLOR AVE,41.90243159,-87.7775338
16051260150000,906 N TAYLOR AVE,41.90232995,-87.77753817
16051260160000,904 N TAYLOR AVE,41.90222824,-87.77752858
16051260170000,900 N TAYLOR AVE,41.90211638,-87.77750203
16051260180000,949 N HUMPHREY AVE,41.90377712,-87.77691958
16051260190000,947 N HUMPHREY AVE,41.90367085,-87.7769156
16051260200000,943 N HUMPHREY AVE,41.90358292,-87.77691636
16051260210000,941 N HUMPHREY AVE,41.90350598,-87.77691703
16051260220000,939 N HUMPHREY AVE,41.90341072,-87.77691786
16051260230000,937 N HUMPHREY AVE,41.9033118,-87.77691872
16051260240000,935 N HUMPHREY AVE,41.90320175,-87.77689023
16051260250000,929 N HUMPHREY AVE,41.9030903,-87.7768881
16051260260000,927 N HUMPHREY AVE,41.90299626,-87.77688892
16051260270000,923 N HUMPHREY AVE,41.90288562,-87.77688988
16051260280000,921 N HUMPHREY AVE,41.90279711,-87.77689065
16051260290000,919 N HUMPHREY AVE,41.90271413,-87.77689137
16051260300000,917 N HUMPHREY AVE,41.90263101,-87.77686245
16051260310000,915 N HUMPHREY AVE,41.90254799,-87.77685576
16051260320000,911 N HUMPHREY AVE,41.9024563,-87.77686612
16051260330000,909 N HUMPHREY AVE,41.90236779,-87.77686689
16051260340000,905 N HUMPHREY AVE,41.90228481,-87.77686761
16051260350000,903 N HUMPHREY AVE,41.9021963,-87.77686838
16051260360000,901 N HUMPHREY AVE,41.90211339,-87.77688392
16051270010000,948 N HUMPHREY AVE,41.90377467,-87.77639435
16051270020000,946 N HUMPHREY AVE,41.90368298,-87.77637552
16051270030000,944 N HUMPHREY AVE,41.90359505,-87.77637628
16051270040000,940 N HUMPHREY AVE,41.90349613,-87.77637714
16051270050000,938 N HUMPHREY AVE,41.90340817,-87.776373
16051270060000,936 N HUMPHREY AVE,41.90331651,-87.77635907
16051270070000,934 N HUMPHREY AVE,41.90323591,-87.77635977
16051270080000,930 N HUMPHREY AVE,41.90315897,-87.77636044
16051270090000,928 N HUMPHREY AVE,41.90306815,-87.77633791
16051270100000,926 N HUMPHREY AVE,41.90297961,-87.77633127
16051270110000,922 N HUMPHREY AVE,41.90289109,-87.77633204
16051270120000,920 N HUMPHREY AVE,41.90280812,-87.77633276
16051270130000,918 N HUMPHREY AVE,41.9027196,-87.77633353
16051270140000,916 N HUMPHREY AVE,41.90263659,-87.77632684
16051270150000,912 N HUMPHREY AVE,41.90255361,-87.77632756
16051270160000,910 N HUMPHREY AVE,41.90245431,-87.77631408
16051270170000,908 N HUMPHREY AVE,41.90237686,-87.77631475
16051270180000,906 N HUMPHREY AVE,41.90228282,-87.77631557
16051270190000,902 N HUMPHREY AVE,41.90220537,-87.77631624
16051270200000,900 N HUMPHREY AVE,41.90212243,-87.77632437
16051270240000,1238 N AUSTIN BLVD,41.90331252,-87.77572599
16051270250000,1232 N AUSTIN BLVD,41.90314245,-87.77570919
16051270260000,1228 N AUSTIN BLVD,41.90302652,-87.7758679
16051270270000,1226 N AUSTIN BLVD,41.90292833,-87.77569228
16051270280000,1224 N AUSTIN BLVD,41.90283285,-87.77565869
16051270290000,1220 N AUSTIN BLVD,41.90273327,-87.77565956
16051270300000,1218 N AUSTIN BLVD,41.9026337,-87.77566042
16051270330000,1212 N AUSTIN BLVD,41.90245115,-87.77566201
16051270390000,1216 N AUSTIN BLVD,41.90254519,-87.77566119
16051270410000,1252 N AUSTIN BLVD,41.90367396,-87.7758409
16051270420000,2 DIVISION ST,41.90236103,-87.7755371
16051270430000,4 DIVISION ST,41.90231463,-87.77553579
16051270440000,6 DIVISION ST,41.90226438,-87.77553438
16051270450000,8 DIVISION ST,41.90218406,-87.77553212
16051270460000,10 DIVISION ST,41.90216887,-87.77564111
16051270470000,12 DIVISION ST,41.90211468,-87.77572824
16051270480000,14 DIVISION ST,41.90211368,-87.77579152
16051270490000,16 DIVISION ST,41.90211273,-87.77585186
16051270500000,18 DIVISION ST,41.90211174,-87.77591511
16053000010000,848 N RIDGELAND AVE,41.90173364,-87.78467115
16053000030000,844 N RIDGELAND AVE,41.90156828,-87.78472444
16053000040000,842 N RIDGELAND AVE,41.9014799,-87.78475315
16053000050000,840 N RIDGELAND AVE,41.9013915,-87.78477613
16053000070000,834 N RIDGELAND AVE,41.90119161,-87.78481441
16053000080000,832 N RIDGELAND AVE,41.90110414,-87.78480243
16053000090000,828 N RIDGELAND AVE,41.90102051,-87.78479806
16053000100000,826 N RIDGELAND AVE,41.90093317,-87.78481153
16053000110000,824 N RIDGELAND AVE,41.90083616,-87.784792
16053000120000,820 N RIDGELAND AVE,41.9007526,-87.78480035
16053000130000,818 N RIDGELAND AVE,41.90066312,-87.78476549
16053000140000,816 N RIDGELAND AVE,41.90056448,-87.78480196
16053000150000,814 N RIDGELAND AVE,41.90048846,-87.78479752
16053000160000,810 N RIDGELAND AVE,41.90039343,-87.78479325
16053000170000,808 N RIDGELAND AVE,41.90030241,-87.78478639
16053000180000,806 N RIDGELAND AVE,41.90021122,-87.78478972
16053000190000,804 N RIDGELAND AVE,41.90012379,-87.78478538
16053000200000,800 N RIDGELAND AVE,41.90002877,-87.78478364
16053000210000,307 DIVISION ST,41.9017281,-87.78418739
16053000220000,847 N CUYLER AVE,41.90163959,-87.78418815
16053000230000,845 N CUYLER AVE,41.90155661,-87.78418886
16053000240000,843 N CUYLER AVE,41.90145707,-87.78419712
16053000250000,841 N CUYLER AVE,41.90136303,-87.78419793
16053000260000,837 N CUYLER AVE,41.90128537,-87.78415413
16053000270000,835 N CUYLER AVE,41.90119255,-87.78416986
16053000280000,831 N CUYLER AVE,41.90108804,-87.78416821
16053000290000,829 N CUYLER AVE,41.90098353,-87.7841691
16053000300000,825 N CUYLER AVE,41.90087907,-87.78418018
16053000310000,823 N CUYLER AVE,41.90079167,-87.78418093
16053000320000,817 N CUYLER AVE,41.90070229,-87.78416642
16053000330000,815 N CUYLER AVE,41.90059965,-87.78415967
16053000340000,813 N CUYLER AVE,41.90049694,-87.78414019
16053000350000,809 N CUYLER AVE,41.90036711,-87.78415218
16053000360000,805 N CUYLER AVE,41.90022145,-87.78414672
16053000370000,801 N CUYLER AVE,41.9000732,-87.78414035
16053010010000,850 N CUYLER AVE,41.90176053,-87.78361869
16053010020000,848 N CUYLER AVE,41.90167202,-87.78361945
16053010030000,846 N CUYLER AVE,41.90156138,-87.7836204
16053010040000,842 N CUYLER AVE,41.90144511,-87.78359917
16053010050000,836 N CUYLER AVE,41.90131791,-87.78360767
16053010060000,834 N CUYLER AVE,41.9011843,-87.78358901
16053010070000,830 N CUYLER AVE,41.90103233,-87.78359795
16053010080000,826 N CUYLER AVE,41.90090128,-87.78361181
16053010090000,822 N CUYLER AVE,41.90076623,-87.78358242
16053010100000,818 N CUYLER AVE,41.90063696,-87.7835708
16053010110000,812 N CUYLER AVE,41.90049824,-87.78356945
16053010120000,810 N CUYLER AVE,41.90036142,-87.78356808
16053010130000,806 N CUYLER AVE,41.90022792,-87.78356189
16053010140000,800 N CUYLER AVE,41.90008546,-87.78352455
16053010150000,851 N HARVEY AVE,41.90175547,-87.78296975
16053010160000,849 N HARVEY AVE,41.90166696,-87.78297051
16053010170000,845 N HARVEY AVE,41.90156738,-87.78297136
16053010180000,843 N HARVEY AVE,41.90146773,-87.7829574
16053010190000,839 N HARVEY AVE,41.90137922,-87.78295816
16053010200000,835 N HARVEY AVE,41.90126858,-87.78295911
16053010210000,833 N HARVEY AVE,41.90114299,-87.78294667
16053010220000,829 N HARVEY AVE,41.9010404,-87.7829501
16053010230000,827 N HARVEY AVE,41.90093784,-87.78296116
16053010240000,823 N HARVEY AVE,41.90082951,-87.782957
16053010250000,821 N HARVEY AVE,41.90072097,-87.78290957
16053010260000,817 N HARVEY AVE,41.90062026,-87.78290789
16053010270000,815 N HARVEY AVE,41.90051379,-87.78289608
16053010280000,811 N HARVEY AVE,41.90037889,-87.78289978
16053010290000,807 N HARVEY AVE,41.90027071,-87.78292656
16053010300000,805 N HARVEY AVE,41.90018892,-87.78290944
16053010310000,801 N HARVEY AVE,41.90007702,-87.78295367
16053020010000,850 N HARVEY AVE,41.90177272,-87.7823617
16053020020000,848 N HARVEY AVE,41.90168421,-87.78236246
16053020030000,844 N HARVEY AVE,41.90158463,-87.78236332
16053020040000,842 N HARVEY AVE,41.90149619,-87.7823789
16053020050000,840 N HARVEY AVE,41.90140761,-87.78236484
16053020060000,836 N HARVEY AVE,41.9013191,-87.7823656
16053020070000,834 N HARVEY AVE,41.90121403,-87.78237392
16053020080000,830 N HARVEY AVE,41.90111449,-87.78238218
16053020090000,828 N HARVEY AVE,41.90100938,-87.78238308
16053020100000,824 N HARVEY AVE,41.90090952,-87.78232466
16053020110000,822 N HARVEY AVE,41.90080995,-87.78232552
16053020120000,818 N HARVEY AVE,41.90068271,-87.78232661
16053020130000,816 N HARVEY AVE,41.90058867,-87.78232742
16053020140000,812 N HARVEY AVE,41.9004891,-87.78232828
16053020150000,810 N HARVEY AVE,41.90038952,-87.78232913
16053020160000,806 N HARVEY AVE,41.90028457,-87.78236351
16053020190000,851 MAPLETON AVE,41.90177182,-87.78176534
16053020200000,849 MAPLETON AVE,41.90167217,-87.78175137
16053020210000,845 MAPLETON AVE,41.90158919,-87.78175209
16053020220000,843 MAPLETON AVE,41.90149518,-87.78176031
16053020230000,841 MAPLETON AVE,41.90138454,-87.78176126
16053020240000,837 MAPLETON AVE,41.90127391,-87.78176221
16053020250000,833 MAPLETON AVE,41.90118529,-87.78174074
16053020260000,831 MAPLETON AVE,41.90109242,-87.78173683
16053020270000,827 MAPLETON AVE,41.90098686,-87.78173774
16053020280000,825 MAPLETON AVE,41.9008813,-87.78174061
16053020290000,821 MAPLETON AVE,41.90078594,-87.78172965
16053020300000,819 MAPLETON AVE,41.90067892,-87.7817345
16053020320000,811 MAPLETON AVE,41.90038844,-87.78169573
16053020330000,807 MAPLETON AVE,41.90029243,-87.78169656
16053020340000,805 MAPLETON AVE,41.90019282,-87.78169
16053020350000,801 MAPLETON AVE,41.90008772,-87.78169091
16053020360000,804 N HARVEY AVE,41.90017932,-87.78233478
16053020380000,240 THOMAS ST,41.90008978,-87.78212066
16053020390000,815 MAPLETON AVE,41.90053245,-87.78173154
16053030010000,850 MAPLETON AVE,41.90178542,-87.78114324
16053030020000,848 MAPLETON AVE,41.90169691,-87.78114401
16053030030000,844 MAPLETON AVE,41.90159181,-87.78114491
16053030040000,842 MAPLETON AVE,41.90151454,-87.78118263
16053030050000,838 MAPLETON AVE,41.90142588,-87.78115375
16053030060000,836 MAPLETON AVE,41.90129319,-87.78116971
16053030070000,834 MAPLETON AVE,41.90119893,-87.78112607
16053030100000,824 MAPLETON AVE,41.90091638,-87.78110927
16053030110000,822 MAPLETON AVE,41.90081097,-87.7811416
16053030120000,818 MAPLETON AVE,41.90071566,-87.78114242
16053030130000,816 MAPLETON AVE,41.90061137,-87.78110208
16053030140000,812 MAPLETON AVE,41.90051606,-87.7811029
16053030150000,810 MAPLETON AVE,41.90040313,-87.78109798
16053030160000,806 MAPLETON AVE,41.90030783,-87.7810988
16053030170000,804 MAPLETON AVE,41.90019787,-87.78110172
16053030180000,800 MAPLETON AVE,41.90007615,-87.78109687
16053030190000,209 DIVISION ST,41.90179952,-87.78076736
16053030210000,847 N LOMBARD AVE,41.90165505,-87.78049228
16053030220000,843 N LOMBARD AVE,41.9015337,-87.78056743
16053030230000,841 N LOMBARD AVE,41.90145594,-87.78050188
16053030240000,839 N LOMBARD AVE,41.90138395,-87.78048768
16053030250000,837 N LOMBARD AVE,41.9013286,-87.78048075
16053030260000,835 N LOMBARD AVE,41.90125668,-87.78048137
16053030270000,833 N LOMBARD AVE,41.90118477,-87.78048199
16053030280000,831 N LOMBARD AVE,41.90111285,-87.78048261
16053030290000,829 N LOMBARD AVE,41.90105269,-87.78048688
16053030300000,827 N LOMBARD AVE,41.90098373,-87.78047766
16053030310000,825 N LOMBARD AVE,41.90089433,-87.78048628
16053030320000,823 N LOMBARD AVE,41.90078425,-87.78046367
16053030330000,817 N LOMBARD AVE,41.90066696,-87.78046664
16053030340000,815 N LOMBARD AVE,41.90053062,-87.78047174
16053030350000,811 N LOMBARD AVE,41.90040739,-87.78045906
16053030360000,807 N LOMBARD AVE,41.90030614,-87.78044226
16053030370000,805 N LOMBARD AVE,41.90019921,-87.78046538
16053030380000,801 N LOMBARD AVE,41.90009947,-87.78045839
16053030400000,830 MAPLETON AVE,41.9010924,-87.7811215
16053030410000,826 MAPLETON AVE,41.9010044,-87.78111637
16053040030000,836 N LOMBARD AVE,41.90144611,-87.77998109
16053040040000,834 N LOMBARD AVE,41.90135136,-87.7799819
16053040050000,832 N LOMBARD AVE,41.9012589,-87.77993928
16053040060000,830 N LOMBARD AVE,41.90116914,-87.77994006
16053040070000,826 N LOMBARD AVE,41.9010794,-87.77994417
16053040080000,822 N LOMBARD AVE,41.90098709,-87.77993161
16053040090000,818 N LOMBARD AVE,41.90083759,-87.77995294
16053040100000,816 N LOMBARD AVE,41.90076528,-87.77995356
16053040110000,814 N LOMBARD AVE,41.90066803,-87.77995107
16053040120000,812 N LOMBARD AVE,41.90060322,-87.77995496
16053040130000,808 N LOMBARD AVE,41.90051835,-87.77993566
16053040140000,806 N LOMBARD AVE,41.90042618,-87.77995315
16053040150000,800 N LOMBARD AVE,41.90025865,-87.77985387
16053040160000,843 N HAYES AVE,41.90177171,-87.77925021
16053040170000,841 N HAYES AVE,41.90167964,-87.77928774
16053040180000,839 N HAYES AVE,41.90158737,-87.7792852
16053040190000,837 N HAYES AVE,41.90149013,-87.77928604
16053040210000,831 N HAYES AVE,41.90131316,-87.77929759
16053040220000,829 N HAYES AVE,41.90122099,-87.77931509
16053040230000,827 N HAYES AVE,41.90112117,-87.77929925
16053040240000,823 N HAYES AVE,41.9010023,-87.7792955
16053040280000,815 N HAYES AVE,41.90071475,-87.77929942
16053040290000,811 N HAYES AVE,41.90063492,-87.77929009
16053040300000,809 N HAYES AVE,41.90053773,-87.77930095
16053040310000,807 N HAYES AVE,41.90044299,-87.77930177
16053040320000,805 N HAYES AVE,41.90035323,-87.77930255
16053040330000,801 N HAYES AVE,41.90026078,-87.77926273
16053040340000,846 N LOMBARD AVE,41.90176759,-87.77994825
16053040350000,842 N LOMBARD AVE,41.90167309,-87.77999916
16053040360000,840 N LOMBARD AVE,41.90157087,-87.78000005
16053040370000,819 N HAYES AVE,41.90086437,-87.77930147
16053050010000,824 N HAYES AVE,41.90123883,-87.77851719
16053050020000,808 N HAYES AVE,41.90059483,-87.77873316
16053050030000,806 N HAYES AVE,41.90051006,-87.7787339
16053050040000,804 N HAYES AVE,41.9004228,-87.77873465
16053050050000,802 N HAYES AVE,41.90034542,-87.77871862
16053050060000,800 N HAYES AVE,41.90025571,-87.77872843
16053050070000,847 N TAYLOR AVE,41.90182562,-87.77809085
16053050080000,845 N TAYLOR AVE,41.90170843,-87.77809186
16053050090000,843 N TAYLOR AVE,41.90160121,-87.77808945
16053050100000,841 N TAYLOR AVE,41.90151135,-87.77807019
16053050110000,837 N TAYLOR AVE,41.90143655,-87.77807084
16053050120000,835 N TAYLOR AVE,41.90134679,-87.77807162
16053050130000,831 N TAYLOR AVE,41.90126463,-87.77809571
16053050140000,829 N TAYLOR AVE,41.90118732,-87.77809303
16053050150000,825 N TAYLOR AVE,41.90109999,-87.77808043
16053050160000,823 N TAYLOR AVE,41.90101579,-87.77812928
16053050170000,821 N TAYLOR AVE,41.90094028,-87.77805176
16053050180000,817 N TAYLOR AVE,41.90085041,-87.77802916
16053050190000,815 N TAYLOR AVE,41.90076813,-87.77802988
16053050200000,813 N TAYLOR AVE,41.9006883,-87.77802055
16053050210000,811 N TAYLOR AVE,41.90060602,-87.77802126
16053050220000,809 N TAYLOR AVE,41.90052374,-87.77802197
16053050230000,805 N TAYLOR AVE,41.90044149,-87.77802937
16053050240000,803 N TAYLOR AVE,41.90035674,-87.77803344
16053050250000,801 N TAYLOR AVE,41.9002819,-87.77802597
16053060010000,846 N TAYLOR AVE,41.90184061,-87.77751385
16053060020000,842 N TAYLOR AVE,41.90175332,-87.77750792
16053060030000,840 N TAYLOR AVE,41.90166605,-87.77750868
16053060040000,838 N TAYLOR AVE,41.9015688,-87.77750619
16053060050000,836 N TAYLOR AVE,41.90146659,-87.77751041
16053060060000,832 N TAYLOR AVE,41.90137434,-87.77751121
16053060070000,828 N TAYLOR AVE,41.90126701,-87.77748876
16053060080000,826 N TAYLOR AVE,41.90116725,-87.77748295
16053060090000,824 N TAYLOR AVE,41.90107505,-87.77749377
16053060100000,820 N TAYLOR AVE,41.90097281,-87.77749132
16053060110000,816 N TAYLOR AVE,41.90088044,-87.77746874
16053060120000,814 N TAYLOR AVE,41.9007733,-87.77748302
16053060130000,812 N TAYLOR AVE,41.90068857,-87.77749378
16053060140000,810 N TAYLOR AVE,41.90061378,-87.77749443
16053060150000,808 N TAYLOR AVE,41.900529,-87.77749516
16053060160000,804 N TAYLOR AVE,41.90044663,-87.77747584
16053060170000,802 N TAYLOR AVE,41.90036433,-87.77747321
16053060180000,800 N TAYLOR AVE,41.90027955,-87.77747061
16053060190000,847 N HUMPHREY AVE,41.90184775,-87.776864
16053060200000,843 N HUMPHREY AVE,41.90174817,-87.77686486
16053060210000,841 N HUMPHREY AVE,41.90165413,-87.77686568
16053060220000,839 N HUMPHREY AVE,41.90157108,-87.77685158
16053060230000,837 N HUMPHREY AVE,41.90148817,-87.77686712
16053060240000,833 N HUMPHREY AVE,41.90138292,-87.77683839
16053060250000,831 N HUMPHREY AVE,41.90129441,-87.77683916
16053060260000,829 N HUMPHREY AVE,41.9012059,-87.77683993
16053060270000,825 N HUMPHREY AVE,41.90111186,-87.77684075
16053060280000,823 N HUMPHREY AVE,41.90102335,-87.77684152
16053060290000,819 N HUMPHREY AVE,41.90092377,-87.77684238
16053060300000,817 N HUMPHREY AVE,41.90081306,-87.77682852
16053060310000,815 N HUMPHREY AVE,41.90071898,-87.77682193
16053060320000,811 N HUMPHREY AVE,41.9006138,-87.77680802
16053060330000,809 N HUMPHREY AVE,41.90053632,-87.77680129
16053060340000,805 N HUMPHREY AVE,41.90044774,-87.77678723
16053060350000,803 N HUMPHREY AVE,41.90037582,-87.77678786
16053060360000,801 N HUMPHREY AVE,41.90028731,-87.77678863
16053070010000,846 N HUMPHREY AVE,41.90185841,-87.77630659
16053070020000,844 N HUMPHREY AVE,41.90177543,-87.77630732
16053070030000,840 N HUMPHREY AVE,41.90167586,-87.77630818
16053070040000,836 N HUMPHREY AVE,41.90158181,-87.776309
16053070050000,834 N HUMPHREY AVE,41.90143798,-87.77631025
16053070060000,832 N HUMPHREY AVE,41.9013439,-87.77630366
16053070070000,828 N HUMPHREY AVE,41.90124426,-87.7762897
16053070080000,824 N HUMPHREY AVE,41.90112809,-87.77629071
16053070090000,822 N HUMPHREY AVE,41.90103404,-87.77629153
16053070100000,818 N HUMPHREY AVE,41.90094,-87.77629235
16053070110000,816 N HUMPHREY AVE,41.90085149,-87.77629312
16053070120000,814 N HUMPHREY AVE,41.90075745,-87.77629393
16053070130000,812 N HUMPHREY AVE,41.90066894,-87.7762947
16053070140000,808 N HUMPHREY AVE,41.90058592,-87.77628801
16053070150000,806 N HUMPHREY AVE,41.90049188,-87.77628883
16053070160000,804 N HUMPHREY AVE,41.90040883,-87.77627473
16053070170000,800 N HUMPHREY AVE,41.90030922,-87.77626819
16053070190000,1144 N AUSTIN BLVD,41.9017316,-87.77558677
16053070200000,1142 N AUSTIN BLVD,41.90158777,-87.77558802
16053070210000,1138 N AUSTIN BLVD,41.90150479,-87.77558874
16053070220000,1134 N AUSTIN BLVD,41.90139408,-87.77557488
16053070230000,1132 N AUSTIN BLVD,41.90130556,-87.77557565
16053070240000,1130 N AUSTIN BLVD,41.90122258,-87.77557638
16053070250000,1126 N AUSTIN BLVD,41.9011396,-87.7755771
16053070260000,1124 N AUSTIN BLVD,41.90104545,-87.77555569
16053070270000,1120 N AUSTIN BLVD,41.90094038,-87.77556401
16053070280000,1118 N AUSTIN BLVD,41.9008573,-87.7755425
16053070290000,1116 N AUSTIN BLVD,41.90076325,-87.77554332
16053070300000,1114 N AUSTIN BLVD,41.9006858,-87.775544
16053070310000,1110 N AUSTIN BLVD,41.90059729,-87.77554477
16053070320000,1108 N AUSTIN BLVD,41.90052538,-87.77554539
16053070330000,1106 N AUSTIN BLVD,41.90044797,-87.77555348
16053070340000,1102 N AUSTIN BLVD,41.90034949,-87.77550105
16053070350000,7 DIVISION ST,41.90184984,-87.77565559
16053080010000,742 N RIDGELAND AVE,41.89975878,-87.78471428
16053080020000,738 N RIDGELAND AVE,41.89965852,-87.78471514
16053080030000,736 N RIDGELAND AVE,41.89956517,-87.78471594
16053080040000,732 N RIDGELAND AVE,41.89946145,-87.78471683
16053080050000,728 N RIDGELAND AVE,41.89938539,-87.78471748
16053080060000,726 N RIDGELAND AVE,41.89927129,-87.78471846
16053080070000,724 N RIDGELAND AVE,41.89917103,-87.78471931
16053080080000,720 N RIDGELAND AVE,41.89907755,-87.78469233
16053080090000,718 N RIDGELAND AVE,41.89898418,-87.7846885
16053080100000,716 N RIDGELAND AVE,41.89888735,-87.7846847
16053080110000,712 N RIDGELAND AVE,41.89878015,-87.78468098
16053080120000,708 N RIDGELAND AVE,41.89867989,-87.78468184
16053080130000,706 N RIDGELAND AVE,41.89859199,-87.78470146
16053080140000,704 N RIDGELAND AVE,41.89849857,-87.78468837
16053080150000,700 N RIDGELAND AVE,41.89839139,-87.78468929
16053080160000,745 N CUYLER AVE,41.89977844,-87.78376492
16053080170000,741 N CUYLER AVE,41.89969542,-87.78375637
16053080180000,739 N CUYLER AVE,41.89960555,-87.78376177
16053080190000,735 N CUYLER AVE,41.8995087,-87.78375333
16053080200000,731 N CUYLER AVE,41.89940837,-87.78374031
16053080210000,729 N CUYLER AVE,41.89931157,-87.78374114
16053080220000,725 N CUYLER AVE,41.89922168,-87.78374191
16053080230000,723 N CUYLER AVE,41.8991387,-87.78374262
16053080240000,721 N CUYLER AVE,41.89904533,-87.78373879
16053080250000,717 N CUYLER AVE,41.89895386,-87.78373528
16053080260000,715 N CUYLER AVE,41.89885007,-87.78372229
16053080270000,711 N CUYLER AVE,41.89877062,-87.78373685
16053080280000,709 N CUYLER AVE,41.89868414,-87.78372833
16053080290000,707 N CUYLER AVE,41.89859082,-87.78373376
16053080300000,705 N CUYLER AVE,41.89849747,-87.78373456
16053080310000,701 N CUYLER AVE,41.89840059,-87.78372151
16053090010000,746 N CUYLER AVE,41.8997267,-87.78311581
16053090020000,744 N CUYLER AVE,41.8996472,-87.78312112
16053090090000,743 N HARVEY AVE,41.89978751,-87.78212899
16053090170000,739 N HARVEY AVE,41.89970814,-87.78212866
16053090180000,715 N HARVEY AVE,41.89901503,-87.78230752
16053090190000,734 N CUYLER AVE,41.89956075,-87.78311723
16053090200000,732 N CUYLER AVE,41.89946387,-87.78310418
16053090210000,730 N CUYLER AVE,41.89935328,-87.78311439
16053100010000,742 N HARVEY AVE,41.89980079,-87.78143929
16053100020000,738 N HARVEY AVE,41.89971187,-87.78146686
16053100030000,736 N HARVEY AVE,41.89962196,-87.781463
16053100040000,734 N HARVEY AVE,41.89952187,-87.78150091
16053100050000,730 N HARVEY AVE,41.89943191,-87.78148778
16053100060000,728 N HARVEY AVE,41.8993488,-87.78146072
16053100070000,726 N HARVEY AVE,41.89926242,-87.78147073
16053100080000,724 N HARVEY AVE,41.89916911,-87.78148079
16053100090000,722 N HARVEY AVE,41.89906883,-87.78147702
16053100100000,718 N HARVEY AVE,41.89898237,-87.78147314
16053100110000,716 N HARVEY AVE,41.89889434,-87.78146497
16053100120000,712 N HARVEY AVE,41.89880436,-87.78144723
16053100130000,710 N HARVEY AVE,41.89871103,-87.78145266
16053100140000,708 N HARVEY AVE,41.89861768,-87.78145347
16053100150000,704 N HARVEY AVE,41.89852781,-87.78145887
16053100160000,700 N HARVEY AVE,41.89842061,-87.78145516
16053100170000,213 THOMAS ST,41.89985685,-87.78088824
16053100180000,741 N LOMBARD AVE,41.89974285,-87.78048655
16053100190000,737 N LOMBARD AVE,41.89963436,-87.78047171
16053100200000,735 N LOMBARD AVE,41.89954097,-87.78046325
16053100210000,733 N LOMBARD AVE,41.89945101,-87.78045013
16053100220000,729 N LOMBARD AVE,41.89935418,-87.78044634
16053100230000,727 N LOMBARD AVE,41.8992228,-87.78044748
16053100240000,723 N LOMBARD AVE,41.89909142,-87.78044861
16053100250000,719 N LOMBARD AVE,41.89897398,-87.78047277
16053100260000,715 N LOMBARD AVE,41.89884794,-87.78046958
16053100290000,711 N LOMBARD AVE,41.89872346,-87.78046602
16053100300000,709 N LOMBARD AVE,41.89864385,-87.78044818
16053100310000,705 N LOMBARD AVE,41.89854008,-87.78043981
16053100320000,701 N LOMBARD AVE,41.89844673,-87.78044062
16053100330000,212 AUGUSTA ST,41.89851095,-87.78082891
16053110010000,746 N LOMBARD AVE,41.89997039,-87.77989489
16053110040000,734 N LOMBARD AVE,41.89960737,-87.77986931
16053110050000,732 N LOMBARD AVE,41.89950365,-87.7798702
16053110060000,728 N LOMBARD AVE,41.89939993,-87.7798711
16053110070000,726 N LOMBARD AVE,41.8992895,-87.77991465
16053110080000,722 N LOMBARD AVE,41.89916842,-87.77990088
16053110090000,718 N LOMBARD AVE,41.89902193,-87.7798647
16053110110000,714 N LOMBARD AVE,41.89888646,-87.77982957
16053110120000,712 N LOMBARD AVE,41.89879657,-87.77983034
16053110130000,708 N LOMBARD AVE,41.89870666,-87.77982649
16053110140000,706 N LOMBARD AVE,41.89857874,-87.77982759
16053110150000,130 AUGUSTA ST,41.89840974,-87.77956663
16053110160000,747 N HAYES AVE,41.89998811,-87.77923681
16053110170000,745 N HAYES AVE,41.89990176,-87.77925609
16053110180000,741 N HAYES AVE,41.89980495,-87.77925692
16053110190000,739 N HAYES AVE,41.89972189,-87.77923911
16053110200000,737 N HAYES AVE,41.8996216,-87.77923535
16053110210000,733 N HAYES AVE,41.89953165,-87.77922223
16053110220000,731 N HAYES AVE,41.89944867,-87.77922295
16053110230000,729 N HAYES AVE,41.89935882,-87.77923299
16053110240000,725 N HAYES AVE,41.89926545,-87.77922916
16053110250000,723 N HAYES AVE,41.89916862,-87.77922537
16053110260000,721 N HAYES AVE,41.89907184,-87.77923084
16053110270000,717 N HAYES AVE,41.89898193,-87.77922698
16053110280000,715 N HAYES AVE,41.89889203,-87.77922776
16053110290000,711 N HAYES AVE,41.89879864,-87.7792193
16053110300000,709 N HAYES AVE,41.89872258,-87.77921996
16053110310000,707 N HAYES AVE,41.89862571,-87.77920691
16053110320000,703 N HAYES AVE,41.89852199,-87.77920781
16053110330000,701 N HAYES AVE,41.89842509,-87.77919012
16053110340000,742 N LOMBARD AVE,41.89984315,-87.77989599
16053110350000,738 N LOMBARD AVE,41.89969925,-87.77988242
16053120010000,746 N HAYES AVE,41.90000311,-87.77864928
16053120020000,744 N HAYES AVE,41.89990349,-87.77864274
16053120030000,740 N HAYES AVE,41.89980959,-87.77867319
16053120040000,738 N HAYES AVE,41.89970449,-87.7786741
16053120050000,736 N HAYES AVE,41.89961876,-87.77865669
16053120060000,732 N HAYES AVE,41.89952946,-87.77865319
16053120070000,730 N HAYES AVE,41.89944975,-87.77865388
16053120080000,728 N HAYES AVE,41.89935718,-87.77863333
16053120090000,726 N HAYES AVE,41.89926471,-87.77863413
16053120100000,722 N HAYES AVE,41.89916904,-87.77863069
16053120110000,718 N HAYES AVE,41.89907655,-87.77862722
16053120120000,716 N HAYES AVE,41.89899048,-87.77863223
16053120130000,714 N HAYES AVE,41.89890439,-87.77863298
16053120140000,710 N HAYES AVE,41.89879285,-87.77864675
16053120150000,708 N HAYES AVE,41.89870657,-87.77860906
16053120160000,120 AUGUSTA ST,41.89846387,-87.77872577
16053120170000,118 AUGUSTA ST,41.89848622,-87.77862507
16053120180000,116 AUGUSTA ST,41.89848563,-87.77850273
16053120190000,747 N TAYLOR AVE,41.90001457,-87.77799186
16053120200000,743 N TAYLOR AVE,41.89991513,-87.77802236
16053120210000,741 N TAYLOR AVE,41.89980439,-87.77800109
16053120220000,737 N TAYLOR AVE,41.89970481,-87.77800196
16053120230000,735 N TAYLOR AVE,41.89959043,-87.7779917
16053120240000,731 N TAYLOR AVE,41.89945326,-87.77798008
16053120250000,727 N TAYLOR AVE,41.89931934,-87.77798124
16053120260000,723 N TAYLOR AVE,41.89918863,-87.77798664
16053120270000,719 N TAYLOR AVE,41.89905154,-87.7779921
16053120280000,715 N TAYLOR AVE,41.89890806,-87.77799334
16053120290000,711 N TAYLOR AVE,41.89877731,-87.7779902
16053120300000,707 N TAYLOR AVE,41.89864325,-87.77796147
16053120310000,701 N TAYLOR AVE,41.8984655,-87.77798451
16053130010000,746 N TAYLOR AVE,41.90001189,-87.77743877
16053130020000,742 N TAYLOR AVE,41.89990125,-87.77743973
16053130030000,740 N TAYLOR AVE,41.89979607,-87.77742583
16053130040000,736 N TAYLOR AVE,41.8996965,-87.77742669
16053130050000,734 N TAYLOR AVE,41.89961018,-87.77746143
16053130060000,730 N TAYLOR AVE,41.89946655,-87.77743277
16053130070000,726 N TAYLOR AVE,41.89937408,-87.77743358
16053130080000,724 N TAYLOR AVE,41.89927524,-87.77743443
16053130090000,720 N TAYLOR AVE,41.89916677,-87.77742256
16053130100000,718 N TAYLOR AVE,41.89906155,-87.77742347
16053130110000,716 N TAYLOR AVE,41.89889572,-87.77742064
16053130120000,710 N TAYLOR AVE,41.89875549,-87.77743467
16053130130000,706 N TAYLOR AVE,41.89864066,-87.77742712
16053130140000,700 N TAYLOR AVE,41.89850054,-87.77740982
16053130150000,747 N HUMPHREY AVE,41.89999405,-87.77677683
16053130160000,743 N HUMPHREY AVE,41.89988894,-87.77677774
16053130170000,741 N HUMPHREY AVE,41.89980036,-87.77676368
16053130180000,737 N HUMPHREY AVE,41.89971185,-87.77676445
16053130190000,735 N HUMPHREY AVE,41.89961224,-87.7767538
16053130200000,731 N HUMPHREY AVE,41.89952409,-87.77674146
16053130210000,729 N HUMPHREY AVE,41.89943274,-87.77674225
16053130220000,725 N HUMPHREY AVE,41.89933808,-87.77673433
16053130230000,723 N HUMPHREY AVE,41.8991815,-87.77674006
16053130240000,719 N HUMPHREY AVE,41.899051,-87.77674119
16053130250000,715 N HUMPHREY AVE,41.8989303,-87.77674661
16053130260000,713 N HUMPHREY AVE,41.89885524,-87.77674289
16053130270000,711 N HUMPHREY AVE,41.89876387,-87.77673932
16053130280000,707 N HUMPHREY AVE,41.89867906,-87.77674442
16053130290000,705 N HUMPHREY AVE,41.89860145,-87.77675394
16053130300000,701 N HUMPHREY AVE,41.89845868,-87.77678659
16053140010000,746 N HUMPHREY AVE,41.90002738,-87.7762412
16053140020000,742 N HUMPHREY AVE,41.89990988,-87.77623348
16053140030000,740 N HUMPHREY AVE,41.89981201,-87.77623433
16053140040000,736 N HUMPHREY AVE,41.89970095,-87.77620908
16053140050000,734 N HUMPHREY AVE,41.89962596,-87.77621847
16053140060000,730 N HUMPHREY AVE,41.89947906,-87.77620227
16053140070000,724 N HUMPHREY AVE,41.89935493,-87.77617276
16053140080000,722 N HUMPHREY AVE,41.89926036,-87.77618232
16053140090000,720 N HUMPHREY AVE,41.89917225,-87.77617871
16053140100000,718 N HUMPHREY AVE,41.89906459,-87.77617965
16053140110000,716 N HUMPHREY AVE,41.89896999,-87.77618484
16053140120000,714 N HUMPHREY AVE,41.89888515,-87.77618121
16053140130000,710 N HUMPHREY AVE,41.89880373,-87.77621251
16053140140000,706 N HUMPHREY AVE,41.89865024,-87.77618325
16053140150000,702 N HUMPHREY AVE,41.8985205,-87.77620639
16053140160000,1048 N AUSTIN BLVD,41.90004668,-87.77551288
16053140170000,1046 N AUSTIN BLVD,41.89997817,-87.77551348
16053140180000,1044 N AUSTIN BLVD,41.89990317,-87.77552287
16053140190000,1040 N AUSTIN BLVD,41.89977273,-87.77553711
16053140200000,1036 N AUSTIN BLVD,41.89967168,-87.77555548
16053140210000,1034 N AUSTIN BLVD,41.89958363,-87.77556498
16053140230000,1028 N AUSTIN BLVD,41.89934586,-87.77558453
16053140240000,1024 N AUSTIN BLVD,41.89919937,-87.77552769
16053140250000,1018 N AUSTIN BLVD,41.89902338,-87.77553085
16053140260000,1016 N AUSTIN BLVD,41.89893804,-87.77552459
16053140280000,1004 N AUSTIN BLVD,41.89866997,-87.77554275
16053140290000,1002 N AUSTIN BLVD,41.89858184,-87.77553478
16053140300000,1000 N AUSTIN BLVD,41.89848524,-87.77545567
16053140310000,1030 N AUSTIN BLVD,41.89943366,-87.77551291
16053140320000,1010 N AUSTIN BLVD,41.89874409,-87.77551757
16053150010000,646 N RIDGELAND AVE,41.89808014,-87.78469674
16053150020000,642 N RIDGELAND AVE,41.89791758,-87.78468423
16053150030000,636 N RIDGELAND AVE,41.89777232,-87.78467621
16053150040000,634 N RIDGELAND AVE,41.89767549,-87.78467241
16053150050000,632 N RIDGELAND AVE,41.89756473,-87.78464558
16053150060000,630 N RIDGELAND AVE,41.89744376,-87.78465587
16053150080000,622 N RIDGELAND AVE,41.8972812,-87.78464337
16053150090000,618 N RIDGELAND AVE,41.89712903,-87.78463541
16053150100000,614 N RIDGELAND AVE,41.89699754,-87.78461338
16053150130000,647 N CUYLER AVE,41.89809587,-87.78369588
16053150140000,645 N CUYLER AVE,41.8980198,-87.78369653
16053150150000,641 N CUYLER AVE,41.89791602,-87.78368353
16053150160000,639 N CUYLER AVE,41.89782267,-87.78368433
16053150170000,635 N CUYLER AVE,41.89769124,-87.78367619
16053150180000,633 N CUYLER AVE,41.89757365,-87.78366794
16053150190000,631 N CUYLER AVE,41.89746986,-87.78365494
16053150200000,625 N CUYLER AVE,41.89736614,-87.78365583
16053150210000,623 N CUYLER AVE,41.89724855,-87.78364757
16053150220000,619 N CUYLER AVE,41.89714837,-87.78366696
16053150230000,615 N CUYLER AVE,41.89702382,-87.7836495
16053150240000,314 IOWA ST,41.89664861,-87.78407214
16053150250000,611 N CUYLER AVE,41.8968563,-87.78361295
16053150260000,607 N CUYLER AVE,41.89677799,-87.7836041
16053150270000,605 N CUYLER AVE,41.89670327,-87.78359997
16053150280000,603 N CUYLER AVE,41.8966321,-87.78359582
16053150290000,601 N CUYLER AVE,41.89654677,-87.78360608
16053150300000,600 N RIDGELAND AVE,41.89669035,-87.78461022
16053150310000,316 IOWA ST,41.89664219,-87.78421035
16053160010000,255 AUGUSTA ST,41.89804812,-87.78272325
16053160020000,638 N CUYLER AVE,41.89783339,-87.783012
16053160030000,636 N CUYLER AVE,41.89773672,-87.78304062
16053160040000,632 N CUYLER AVE,41.89763289,-87.78301836
16053160050000,628 N CUYLER AVE,41.89744273,-87.78301999
16053160070000,622 N CUYLER AVE,41.89732514,-87.78301174
16053160080000,618 N CUYLER AVE,41.89720413,-87.78301277
16053160090000,616 N CUYLER AVE,41.89707621,-87.78301387
16053160100000,608 N CUYLER AVE,41.89694829,-87.78301497
16053160110000,264 IOWA ST,41.89662242,-87.78310092
16053160120000,260 IOWA ST,41.89665033,-87.78298633
16053160130000,258 IOWA ST,41.89662835,-87.78285311
16053160150000,647 N HARVEY AVE,41.89811236,-87.78206385
16053160160000,643 N HARVEY AVE,41.89801555,-87.78206468
16053160170000,641 N HARVEY AVE,41.89792564,-87.78206082
16053160180000,639 N HARVEY AVE,41.89783921,-87.78206157
16053160190000,635 N HARVEY AVE,41.8977424,-87.7820624
16053160200000,633 N HARVEY AVE,41.89765251,-87.78206317
16053160210000,629 N HARVEY AVE,41.89755568,-87.78205937
16053160220000,627 N HARVEY AVE,41.89746914,-87.78203697
16053160230000,625 N HARVEY AVE,41.89737233,-87.7820378
16053160240000,621 N HARVEY AVE,41.89722712,-87.78203905
16053160250000,617 N HARVEY AVE,41.89710611,-87.78204009
16053160260000,613 N HARVEY AVE,41.89696935,-87.78201354
16053160270000,250 IOWA ST,41.89663357,-87.78245761
16053160280000,246 IOWA ST,41.89663633,-87.78229083
16053160290000,244 IOWA ST,41.89663573,-87.78216695
16053160300000,242 IOWA ST,41.89663516,-87.78204785
16053160310000,240 IOWA ST,41.89665582,-87.78190473
16053160320000,256 IOWA ST,41.89662764,-87.78270542
16053160330000,254 IOWA ST,41.89663421,-87.78259101
16053170010000,646 N HARVEY AVE,41.89811621,-87.78142491
16053170020000,642 N HARVEY AVE,41.89804706,-87.78142551
16053170030000,640 N HARVEY AVE,41.89795371,-87.78142631
16053170050000,636 N HARVEY AVE,41.89785691,-87.78142714
16053170060000,634 N HARVEY AVE,41.89777393,-87.78142786
16053170070000,632 N HARVEY AVE,41.89768062,-87.78143792
16053170080000,630 N HARVEY AVE,41.89759408,-87.78141551
16053170090000,626 N HARVEY AVE,41.8974973,-87.78142098
16053170100000,624 N HARVEY AVE,41.8973832,-87.78142196
16053170110000,622 N HARVEY AVE,41.89729327,-87.78141347
16053170120000,618 N HARVEY AVE,41.89720338,-87.78141424
16053170130000,616 N HARVEY AVE,41.89711688,-87.7814011
16053170140000,614 N HARVEY AVE,41.89702353,-87.78140191
16053170150000,612 N HARVEY AVE,41.896937,-87.78138413
16053170160000,228 IOWA ST,41.89662177,-87.78148582
16053170170000,224 IOWA ST,41.89662115,-87.78135718
16053170180000,222 IOWA ST,41.89662767,-87.78123325
16053170190000,220 IOWA ST,41.89662705,-87.78110461
16053170200000,216 IOWA ST,41.89662634,-87.78095691
16053170230000,645 N LOMBARD AVE,41.89814186,-87.78043277
16053170250000,639 N LOMBARD AVE,41.89789439,-87.7804028
16053170260000,635 N LOMBARD AVE,41.89777271,-87.78043238
16053170270000,633 N LOMBARD AVE,41.89765186,-87.78046585
16053170280000,629 N LOMBARD AVE,41.89753094,-87.78048542
16053170290000,625 N LOMBARD AVE,41.89740617,-87.78042166
16053170300000,623 N LOMBARD AVE,41.89730586,-87.78041326
16053170310000,621 N LOMBARD AVE,41.89721942,-87.78041401
16053170320000,617 N LOMBARD AVE,41.89712953,-87.78041478
16053170330000,613 N LOMBARD AVE,41.89699815,-87.78041592
16053170340000,214 IOWA ST,41.89662568,-87.78081875
16053170350000,210 IOWA ST,41.8966322,-87.78069481
16053170360000,208 IOWA ST,41.89664585,-87.78057559
16053170370000,206 IOWA ST,41.89664521,-87.78044218
16053170380000,202 IOWA ST,41.89665171,-87.78031348
16053170400000,213 AUGUSTA ST,41.89809846,-87.78070773
16053170410000,643 N LOMBARD AVE,41.89800521,-87.78043889
16053170420000,219 AUGUSTA ST,41.89808002,-87.7810171
16053180010000,646 N LOMBARD AVE,41.89814642,-87.77979967
16053180020000,642 N LOMBARD AVE,41.89807036,-87.77980032
16053180030000,640 N LOMBARD AVE,41.8979735,-87.7797919
16053180040000,638 N LOMBARD AVE,41.89788013,-87.77978808
16053180050000,634 N LOMBARD AVE,41.89779372,-87.77979345
16053180060000,632 N LOMBARD AVE,41.89769692,-87.77979429
16053180070000,630 N LOMBARD AVE,41.89760355,-87.77979047
16053180080000,624 N LOMBARD AVE,41.89745131,-87.77976863
16053180090000,622 N LOMBARD AVE,41.89732339,-87.77976973
16053180100000,618 N LOMBARD AVE,41.89717465,-87.77975712
16053180130000,606 N LOMBARD AVE,41.89678415,-87.7797454
16053180140000,604 N LOMBARD AVE,41.89669166,-87.7797462
16053180150000,600 N LOMBARD AVE,41.89659922,-87.77975652
16053180160000,647 N TAYLOR AVE,41.89818461,-87.77879394
16053180170000,645 N TAYLOR AVE,41.89809472,-87.77879472
16053180180000,641 N TAYLOR AVE,41.89799787,-87.7787863
16053180190000,639 N TAYLOR AVE,41.89790452,-87.77878711
16053180200000,635 N TAYLOR AVE,41.89780772,-87.77878795
16053180210000,633 N TAYLOR AVE,41.89771782,-87.77878873
16053180220000,631 N TAYLOR AVE,41.89760719,-87.77878968
16053180230000,627 N TAYLOR AVE,41.89751182,-87.77877292
16053180240000,625 N TAYLOR AVE,41.89738792,-87.77878709
16053180250000,621 N TAYLOR AVE,41.89727687,-87.77876184
16053180260000,617 N TAYLOR AVE,41.89713989,-87.77876739
16053180270000,615 N TAYLOR AVE,41.89704854,-87.77876818
16053180280000,611 N TAYLOR AVE,41.89696049,-87.77877331
16053180290000,609 N TAYLOR AVE,41.89687571,-87.77878279
16053180300000,607 N TAYLOR AVE,41.89679011,-87.7787686
16053180310000,605 N TAYLOR AVE,41.89670829,-87.7787693
16053180320000,601 N TAYLOR AVE,41.89662292,-87.77877004
16053180340000,610 N LOMBARD AVE,41.89693269,-87.77976847
16053180360000,614 N LOMBARD AVE,41.89706058,-87.77976274
16053190010000,644 N TAYLOR AVE,41.89818099,-87.77818162
16053190020000,642 N TAYLOR AVE,41.89808968,-87.77818678
16053190030000,640 N TAYLOR AVE,41.8980016,-87.77818754
16053190040000,51 AUGUSTA ST,41.89811666,-87.77775917
16053190050000,638 N TAYLOR AVE,41.89788403,-87.77816235
16053190060000,634 N TAYLOR AVE,41.89777557,-87.77818166
16053190070000,630 N TAYLOR AVE,41.89761651,-87.77816028
16053190080000,626 N TAYLOR AVE,41.89748918,-87.77813954
16053190090000,622 N TAYLOR AVE,41.89734558,-87.77812768
16053190100000,618 N TAYLOR AVE,41.89725111,-87.77815472
16053190110000,616 N TAYLOR AVE,41.89714998,-87.77815559
16053190120000,614 N TAYLOR AVE,41.89704235,-87.77816089
16053190130000,612 N TAYLOR AVE,41.89692821,-87.77817062
16053190140000,608 N TAYLOR AVE,41.89683678,-87.77812021
16053190150000,604 N TAYLOR AVE,41.89674432,-87.77812578
16053190160000,600 N TAYLOR AVE,41.89664478,-87.77814093
16053190170000,47 AUGUSTA ST,41.89812894,-87.77760175
16053190180000,647 N HUMPHREY AVE,41.89820227,-87.7771852
16053190190000,643 N HUMPHREY AVE,41.89811093,-87.77718599
16053190200000,641 N HUMPHREY AVE,41.89800982,-87.77719124
16053190210000,639 N HUMPHREY AVE,41.89789889,-87.77718783
16053190220000,633 N HUMPHREY AVE,41.89776844,-87.7771977
16053190230000,631 N HUMPHREY AVE,41.89764442,-87.77718567
16053190240000,627 N HUMPHREY AVE,41.89750082,-87.77717381
16053190250000,623 N HUMPHREY AVE,41.89739632,-87.77715287
16053190260000,621 N HUMPHREY AVE,41.89731805,-87.77715791
16053190270000,619 N HUMPHREY AVE,41.89720061,-87.77715893
16053190280000,615 N HUMPHREY AVE,41.89707657,-87.77714253
16053190290000,611 N HUMPHREY AVE,41.89695254,-87.7771305
16053190300000,50 IOWA ST,41.89670607,-87.77755435
16053190310000,607 N HUMPHREY AVE,41.89683205,-87.77714352
16053190320000,605 N HUMPHREY AVE,41.89673594,-87.77713006
16053190330000,601 N HUMPHREY AVE,41.89663992,-87.77713566
16053200010000,646 N HUMPHREY AVE,41.89822316,-87.77659077
16053200020000,644 N HUMPHREY AVE,41.89811877,-87.77659168
16053200030000,642 N HUMPHREY AVE,41.89803067,-87.77658807
16053200040000,19 AUGUSTA ST,41.89817266,-87.77626788
16053200050000,15 AUGUSTA ST,41.89817528,-87.77613676
16053200060000,638 N HUMPHREY AVE,41.89793912,-87.77654517
16053200070000,634 N HUMPHREY AVE,41.89784447,-87.77653726
16053200080000,632 N HUMPHREY AVE,41.89775959,-87.77652489
16053200090000,630 N HUMPHREY AVE,41.89767467,-87.77650378
16053200100000,628 N HUMPHREY AVE,41.89758324,-87.77648709
16053200110000,626 N HUMPHREY AVE,41.89747902,-87.77652296
16053200120000,624 N HUMPHREY AVE,41.89739421,-87.77652369
16053200130000,618 N HUMPHREY AVE,41.89726052,-87.77653796
16053200140000,614 N HUMPHREY AVE,41.89716907,-87.77651691
16053200150000,612 N HUMPHREY AVE,41.89708426,-87.77651765
16053200180000,28 IOWA ST,41.89672617,-87.7765727
16053200190000,24 IOWA ST,41.89670755,-87.77641132
16053200200000,20 IOWA ST,41.89671748,-87.77625877
16053200210000,16 IOWA ST,41.89672021,-87.77608722
16053200230000,5 AUGUSTA ST,41.89821909,-87.77567689
16053200250000,940 N AUSTIN BLVD,41.89794627,-87.77552266
16053200260000,938 N AUSTIN BLVD,41.89786143,-87.77551904
16053200280000,930 N AUSTIN BLVD,41.89768412,-87.77557047
16053200290000,928 N AUSTIN BLVD,41.89752868,-87.77551922
16053200300000,924 N AUSTIN BLVD,41.89738199,-87.77554234
16053200350000,10 IOWA ST,41.89665946,-87.77592297
16053200360000,11 AUGUSTA ST,41.89814859,-87.77601465
16053200370000,942 N AUSTIN BLVD,41.89804085,-87.77551747
16053200380000,610 N HUMPHREY AVE,41.89699944,-87.77651839
16053200390000,608 N HUMPHREY AVE,41.89691789,-87.77651909
16053200400000,914 N AUSTIN BLVD,41.8971251,-87.77558467
16053210030000,538 N RIDGELAND AVE,41.8960179,-87.7845922
16053210040000,534 N RIDGELAND AVE,41.89587914,-87.78458861
16053210050000,532 N RIDGELAND AVE,41.89575113,-87.78459924
16053210060000,528 N RIDGELAND AVE,41.89561228,-87.7845766
16053210070000,522 N RIDGELAND AVE,41.89547704,-87.78456347
16053210080000,547 N CUYLER AVE,41.89626246,-87.78366107
16053210090000,541 N CUYLER AVE,41.8961344,-87.78366217
16053210100000,537 N CUYLER AVE,41.89599926,-87.78367279
16053210120000,533 N CUYLER AVE,41.89578927,-87.78365077
16053210140000,518 N RIDGELAND AVE,41.89528504,-87.78458417
16053210150000,512 N RIDGELAND AVE,41.89516405,-87.78457568
16053210160000,330 CHICAGO AVE,41.89497929,-87.78462951
16053210180000,519 N CUYLER AVE,41.89531266,-87.78366442
16053210190000,515 N CUYLER AVE,41.89522373,-87.78366518
16053210200000,511 N CUYLER AVE,41.89510629,-87.78365665
16053210230000,546 N RIDGELAND AVE,41.89627057,-87.78460909
16053210240000,542 N RIDGELAND AVE,41.89613893,-87.78460545
16053210250000,529 N CUYLER AVE,41.89559019,-87.78367633
16053210260000,525 N CUYLER AVE,41.89547987,-87.78366775
16053210280000,310 CHICAGO AVE,41.89475503,-87.78383904
16053210310000,320 CHICAGO AVE,41.89488862,-87.78424917
16053210320000,318 CHICAGO AVE,41.89483522,-87.78407044
16053210340000,300 CHICAGO AVE,41.89480663,-87.78347807
16053210350000,306 CHICAGO AVE,41.89481829,-87.78368284
16053220010000,546 N CUYLER AVE,41.89628387,-87.78297527
16053220020000,542 N CUYLER AVE,41.89618434,-87.78299042
16053220030000,540 N CUYLER AVE,41.89605624,-87.78298678
16053220040000,538 N CUYLER AVE,41.89594241,-87.78298775
16053220050000,532 N CUYLER AVE,41.89578933,-87.78296525
16053220060000,528 N CUYLER AVE,41.89565406,-87.78294735
16053220070000,524 N CUYLER AVE,41.89550475,-87.78296769
16053220080000,518 N CUYLER AVE,41.89536958,-87.78296885
16053220090000,516 N CUYLER AVE,41.89524845,-87.78293177
16053220100000,243 IOWA ST,41.89625435,-87.7820131
16053220110000,543 N HARVEY AVE,41.89616186,-87.7820139
16053220120000,541 N HARVEY AVE,41.89605502,-87.78199097
16053220130000,537 N HARVEY AVE,41.8959483,-87.78199189
16053220140000,533 N HARVEY AVE,41.89580241,-87.78198361
16053220150000,529 N HARVEY AVE,41.89567106,-87.78204192
16053220160000,525 N HARVEY AVE,41.89553231,-87.78203835
16053220170000,521 N HARVEY AVE,41.89538628,-87.78200148
16053220180000,517 N HARVEY AVE,41.8952688,-87.78198344
16053220190000,512 N CUYLER AVE,41.8950646,-87.78308006
16053220200000,262 CHICAGO AVE,41.8947453,-87.78297534
16053220210000,260 CHICAGO AVE,41.89474671,-87.78286861
16053220230000,250 CHICAGO AVE,41.89479746,-87.7823995
16053220240000,246 CHICAGO AVE,41.8949008,-87.78230111
16053220260000,511 N HARVEY AVE,41.8950799,-87.7819184
16053220280000,244 CHICAGO AVE,41.89495735,-87.78215204
16053220290000,240 CHICAGO AVE,41.8949554,-87.78191947
16053220300000,254 CHICAGO AVE,41.8948985,-87.78262504
16053230010000,546 N HARVEY AVE,41.89626916,-87.78140315
16053230020000,217 IOWA ST,41.89626015,-87.78100777
16053230030000,540 N HARVEY AVE,41.89608401,-87.7813618
16053230040000,536 N HARVEY AVE,41.89595942,-87.78134382
16053230050000,530 N HARVEY AVE,41.89583129,-87.78133063
16053230060000,528 N HARVEY AVE,41.8956926,-87.78134136
16053230070000,524 N HARVEY AVE,41.89553613,-87.78135223
16053230080000,520 N HARVEY AVE,41.89541502,-87.78131993
16053230090000,516 N HARVEY AVE,41.89528006,-87.78136396
16053230100000,547 N LOMBARD AVE,41.89631422,-87.7804069
16053230110000,543 N LOMBARD AVE,41.89621462,-87.78040776
16053230120000,541 N LOMBARD AVE,41.89610081,-87.78041351
16053230130000,539 N LOMBARD AVE,41.8959485,-87.78043395
16053230140000,533 N LOMBARD AVE,41.89585948,-87.78038182
16053230150000,529 N LOMBARD AVE,41.8956921,-87.78037899
16053230160000,525 N LOMBARD AVE,41.89556758,-87.7803753
16053230170000,521 N LOMBARD AVE,41.89542527,-87.78037177
16053230180000,515 N LOMBARD AVE,41.89529365,-87.7803729
16053230190000,238 CHICAGO AVE,41.89498174,-87.78141578
16053230200000,222 CHICAGO AVE,41.89487835,-87.78141989
16053230210000,218 CHICAGO AVE,41.89485164,-87.78105317
16053230220000,216 CHICAGO AVE,41.89487238,-87.78092426
16053230230000,214 CHICAGO AVE,41.89480064,-87.78080101
16053230240000,212 CHICAGO AVE,41.89474305,-87.78069561
16053230250000,200 CHICAGO AVE,41.89480496,-87.78025636
16053240010000,546 N LOMBARD AVE,41.89632884,-87.77975413
16053240020000,542 N LOMBARD AVE,41.89623294,-87.77978354
16053240030000,538 N LOMBARD AVE,41.89611899,-87.77976071
16053240040000,536 N LOMBARD AVE,41.89598715,-87.77971413
16053240050000,534 N LOMBARD AVE,41.89588754,-87.77971499
16053240060000,532 N LOMBARD AVE,41.89580206,-87.77969191
16053240070000,528 N LOMBARD AVE,41.89571668,-87.77969264
16053240080000,526 N LOMBARD AVE,41.89563131,-87.77969338
16053240090000,524 N LOMBARD AVE,41.89552815,-87.77969427
16053240100000,518 N LOMBARD AVE,41.89542854,-87.77969513
16053240120000,547 N TAYLOR AVE,41.89632802,-87.77883457
16053240130000,543 N TAYLOR AVE,41.89619973,-87.77878803
16053240140000,539 N TAYLOR AVE,41.89606808,-87.77879395
16053240150000,535 N TAYLOR AVE,41.89597562,-87.77879952
16053240160000,533 N TAYLOR AVE,41.89585823,-87.77880053
16053240170000,529 N TAYLOR AVE,41.8957514,-87.77877764
16053240180000,525 N TAYLOR AVE,41.89563034,-87.77875486
16053240190000,523 N TAYLOR AVE,41.89555203,-87.77874601
16053240200000,519 N TAYLOR AVE,41.8954631,-87.77874678
16053240210000,515 N TAYLOR AVE,41.89532079,-87.77874325
16053240230000,126 CHICAGO AVE,41.89486971,-87.77962849
16053240250000,116 CHICAGO AVE,41.89482884,-87.77926677
16053240260000,114 CHICAGO AVE,41.89482838,-87.77917148
16053240270000,112 CHICAGO AVE,41.89482794,-87.77908096
16053240280000,110 CHICAGO AVE,41.89482744,-87.77897615
16053240300000,130 CHICAGO AVE,41.89484573,-87.77981927
16053240310000,128 CHICAGO AVE,41.89483469,-87.77974314
16053240320000,511 N TAYLOR AVE,41.89513545,-87.77867335
16053240330000,100 CHICAGO AVE,41.89501519,-87.77881261
16053240340000,514 N LOMBARD AVE,41.89525057,-87.77967284
16053240360000,120 CHICAGO AVE,41.89494425,-87.77948497
16053250010000,544 N TAYLOR AVE,41.89634566,-87.77808162
16053250020000,542 N TAYLOR AVE,41.89625322,-87.77809195
16053250030000,538 N TAYLOR AVE,41.89615005,-87.77809284
16053250040000,536 N TAYLOR AVE,41.89602209,-87.77810824
16053250050000,530 N TAYLOR AVE,41.8958726,-87.77809047
16053250060000,528 N TAYLOR AVE,41.89574107,-87.77811067
16053250070000,524 N TAYLOR AVE,41.89557033,-87.77811215
16053250080000,520 N TAYLOR AVE,41.89547073,-87.77811301
16053250090000,516 N TAYLOR AVE,41.89533541,-87.77808559
16053250100000,514 N TAYLOR AVE,41.89526769,-87.77805759
16053250110000,45 IOWA ST,41.89634258,-87.77740013
16053250120000,541 N HUMPHREY AVE,41.89616672,-87.77711597
16053250130000,537 N HUMPHREY AVE,41.8960244,-87.7771172
16053250140000,533 N HUMPHREY AVE,41.89590352,-87.77713254
16053250150000,531 N HUMPHREY AVE,41.89582506,-87.77709034
16053250160000,529 N HUMPHREY AVE,41.89572908,-87.77710546
16053250170000,525 N HUMPHREY AVE,41.89561169,-87.77710648
16053250180000,521 N HUMPHREY AVE,41.89551188,-87.77706447
16053250190000,519 N HUMPHREY AVE,41.89541939,-87.77706527
16053250200000,517 N HUMPHREY AVE,41.89534825,-87.77706589
16053250210000,515 N HUMPHREY AVE,41.89528438,-87.7770998
16053250220000,62 CHICAGO AVE,41.89500773,-87.77798834
16053250230000,54 CHICAGO AVE,41.89492809,-87.7776824
16053250240000,50 CHICAGO AVE,41.89491327,-87.77758899
16053250250000,48 CHICAGO AVE,41.89491251,-87.77743177
16053250290000,40 CHICAGO AVE,41.89499273,-87.77711177
16053250301001,511 N HUMPHREY AVE,41.89516336,-87.77709144
16053260010000,546 N HUMPHREY AVE,41.89637703,-87.77648575
16053260020000,544 N HUMPHREY AVE,41.89626675,-87.77648671
16053260030000,540 N HUMPHREY AVE,41.89617426,-87.77648751
16053260040000,536 N HUMPHREY AVE,41.89602477,-87.77646968
16053260050000,532 N HUMPHREY AVE,41.89588603,-87.77647089
16053260060000,528 N HUMPHREY AVE,41.89575439,-87.77646727
16053260070000,526 N HUMPHREY AVE,41.89566546,-87.77646804
16053260080000,522 N HUMPHREY AVE,41.89556233,-87.7764737
16053260120000,848 N AUSTIN BLVD,41.89639004,-87.77549929
16053260130000,844 N AUSTIN BLVD,41.89628667,-87.77545731
16053260140000,840 N AUSTIN BLVD,41.89615884,-87.77550607
16053260150000,836 N AUSTIN BLVD,41.89605902,-87.775464
16053260160000,834 N AUSTIN BLVD,41.89596288,-87.77544578
16053260170000,832 N AUSTIN BLVD,41.89587039,-87.77544659
16053260180000,830 N AUSTIN BLVD,41.89579204,-87.77542821
16053260230000,510 N HUMPHREY AVE,41.89515664,-87.77644375
16053260240000,22 CHICAGO AVE,41.89486425,-87.77627681
16053260250000,20 CHICAGO AVE,41.89490277,-87.77616974
16053260260000,18 CHICAGO AVE,41.89493779,-87.77605509
16053260270000,12 CHICAGO AVE,41.89487246,-87.77573489
16053260300000,816 N AUSTIN BLVD,41.89530477,-87.77544685
16053260310000,520 N HUMPHREY AVE,41.89547342,-87.77647923
16053260320000,518 N HUMPHREY AVE,41.89539872,-87.77647988
16053260330000,514 N HUMPHREY AVE,41.89530979,-87.77648066
16053260340000,828 N AUSTIN BLVD,41.89567853,-87.77552458
16053260350000,824 N AUSTIN BLVD,41.89554372,-87.77554491
16053260360000,820 N AUSTIN BLVD,41.8954082,-87.7755174
16053260380000,10 CHICAGO AVE,41.89487381,-87.77564572
16061000270000,1235 N MARION ST,41.90831166,-87.8045095
16061000280000,1231 N MARION ST,41.9081618,-87.80449402
16061000290000,1227 N MARION ST,41.90803686,-87.80446829
16061000300000,1221 N MARION ST,41.90788222,-87.80449967
16061000310000,1217 N MARION ST,41.90774833,-87.80447081
16061000320000,1215 N MARION ST,41.90761497,-87.80447177
16061000330000,1209 N MARION ST,41.90745784,-87.80448503
16061000340000,1205 N MARION ST,41.90734137,-87.80444457
16061000350000,1201 N MARION ST,41.90722257,-87.80458523
16061000370000,7111 W NORTH AVE,41.90851655,-87.80468788
16061000380000,7123 W NORTH AVE,41.90820815,-87.80528397
16061000390000,1515 N HARLEM AVE,41.90769748,-87.80526662
16061010050000,7053 W NORTH AVE,41.90864468,-87.80366637
16061010080000,7047 W NORTH AVE,41.90865602,-87.8034188
16061010100000,7045 W NORTH AVE,41.90866034,-87.80327161
16061010110000,7041 W NORTH AVE,41.90867177,-87.80314273
16061010120000,7039 W NORTH AVE,41.90866878,-87.80306151
16061010130000,7037 W NORTH AVE,41.90866552,-87.8029569
16061010140000,7035 W NORTH AVE,41.90866852,-87.80288104
16061010150000,1234 N MARION ST,41.9083277,-87.80391393
16061010160000,1230 N MARION ST,41.90817033,-87.80389516
16061010170000,1226 N MARION ST,41.90803064,-87.80391973
16061010180000,1222 N MARION ST,41.90790319,-87.80389068
16061010190000,1218 N MARION ST,41.90778086,-87.8038917
16061010200000,1212 N MARION ST,41.90760846,-87.80385968
16061010210000,1210 N MARION ST,41.90749849,-87.80383383
16061010220000,1206 N MARION ST,41.90735379,-87.80385509
16061010230000,1200 N MARION ST,41.90722615,-87.80378592
16061010240000,1235 BELLEFORTE AVE,41.90830838,-87.80297307
16061010250000,1231 BELLEFORTE AVE,41.90819095,-87.80295398
16061010260000,1227 BELLEFORTE AVE,41.90805607,-87.80293837
16061010270000,1225 BELLEFORTE AVE,41.90790639,-87.80296302
16061010280000,1219 BELLEFORTE AVE,41.90779418,-87.8029907
16061010290000,1215 BELLEFORTE AVE,41.90765412,-87.80293501
16061010300000,1211 BELLEFORTE AVE,41.90752172,-87.80291604
16061010310000,1207 BELLEFORTE AVE,41.90738443,-87.80292052
16061010320000,1201 BELLEFORTE AVE,41.90724724,-87.80294507
16061010330000,7051 W NORTH AVE,41.90865162,-87.80354592
16061010340000,7061 W NORTH AVE,41.90864874,-87.80400411
16061010350000,7055 W NORTH AVE,41.90865038,-87.80382016
16061020020000,7025 W NORTH AVE,41.90863465,-87.80247177
16061020040000,7019 W NORTH AVE,41.90869073,-87.80218035
16061020050000,7017 W NORTH AVE,41.9087152,-87.80207313
16061020060000,7015 W NORTH AVE,41.90871485,-87.80200455
16061020080000,7011 W NORTH AVE,41.90870213,-87.80183739
16061020090000,7007 W NORTH AVE,41.90868262,-87.80171277
16061020100000,7005 W NORTH AVE,41.90868507,-87.80162225
16061020120000,7003 W NORTH AVE,41.90870576,-87.80145934
16061020130000,7001 W NORTH AVE,41.90870746,-87.80136935
16061020140000,1234 BELLEFORTE AVE,41.90834574,-87.80241389
16061020150000,1230 BELLEFORTE AVE,41.90820837,-87.80240165
16061020160000,1226 BELLEFORTE AVE,41.90805862,-87.80240958
16061020170000,1222 BELLEFORTE AVE,41.90794377,-87.80240719
16061020180000,1218 BELLEFORTE AVE,41.90780399,-87.80241169
16061020190000,1214 BELLEFORTE AVE,41.90764423,-87.80241635
16061020200000,1210 BELLEFORTE AVE,41.90752179,-87.80239061
16061020210000,1206 BELLEFORTE AVE,41.907391,-87.80232858
16061020220000,1200 BELLEFORTE AVE,41.90727114,-87.80232288
16061020230000,1235 FOREST AVE,41.9083559,-87.8015289
16061020240000,1229 FOREST AVE,41.9082215,-87.80145923
16061020250000,1227 FOREST AVE,41.90807429,-87.80147718
16061020260000,1223 FOREST AVE,41.90794198,-87.80147828
16061020270000,1219 FOREST AVE,41.90779861,-87.80147853
16061020280000,1215 FOREST AVE,41.90767879,-87.80148287
16061020290000,1211 FOREST AVE,41.90753239,-87.80144155
16061020300000,1205 FOREST AVE,41.90740228,-87.80146371
16061020310000,1201 FOREST AVE,41.90726817,-87.80153069
16061030120000,6935 W NORTH AVE,41.90876982,-87.79996534
16061030130000,1239 WOODBINE AVE,41.9085166,-87.79990685
16061030140000,1245 WOODBINE AVE,41.908614,-87.79978097
16061030150000,1234 FOREST AVE,41.90837242,-87.80085835
16061030160000,1228 FOREST AVE,41.90822774,-87.80088296
16061030170000,1226 FOREST AVE,41.90808543,-87.8008808
16061030180000,1220 FOREST AVE,41.90794312,-87.80087863
16061030190000,1216 FOREST AVE,41.90782074,-87.80086627
16061030200000,1212 FOREST AVE,41.90767829,-87.80083401
16061030210000,1210 FOREST AVE,41.90753597,-87.80083185
16061030220000,1206 FOREST AVE,41.90739114,-87.80082303
16061030230000,1200 FOREST AVE,41.90728131,-87.80082728
16061030240000,1233 WOODBINE AVE,41.90837135,-87.80001513
16061030250000,1229 WOODBINE AVE,41.90822899,-87.80000294
16061030260000,1227 WOODBINE AVE,41.9080938,-87.79992046
16061030270000,1223 WOODBINE AVE,41.90795411,-87.79994503
16061030280000,1217 WOODBINE AVE,41.90782924,-87.79993604
16061030290000,1215 WOODBINE AVE,41.90769444,-87.79993716
16061030300000,1209 WOODBINE AVE,41.90755455,-87.79991826
16061030360000,1244 FOREST AVE,41.9085504,-87.8010075
16061030370000,6955 W NORTH AVE,41.90875164,-87.80088852
16061030380000,6943 W NORTH AVE,41.9087616,-87.80038903
16061030390000,6939 W NORTH AVE,41.90876363,-87.80016215
16061030400000,6951 W NORTH AVE,41.90875851,-87.80073315
16061030410000,6945 W NORTH AVE,41.90876093,-87.80046379
16061030420000,1201 WOODBINE AVE,41.90730479,-87.7999686
16061040110000,6905 W NORTH AVE,41.90873644,-87.79852167
16061040120000,1245 N KENILWORTH AVE,41.90868091,-87.79840097
16061040130000,1234 WOODBINE AVE,41.9083714,-87.79925645
16061040140000,1230 WOODBINE AVE,41.90822153,-87.79924098
16061040150000,1226 WOODBINE AVE,41.90810444,-87.79929212
16061040160000,1222 WOODBINE AVE,41.907992,-87.79927299
16061040170000,1216 WOODBINE AVE,41.90783973,-87.79927426
16061040180000,1212 WOODBINE AVE,41.9076998,-87.79924867
16061040190000,1210 WOODBINE AVE,41.90756267,-87.7992866
16061040200000,1202 WOODBINE AVE,41.9073346,-87.79909454
16061040210000,1235 N KENILWORTH AVE,41.90838292,-87.79851393
16061040220000,1231 N KENILWORTH AVE,41.90824064,-87.79851846
16061040230000,1227 N KENILWORTH AVE,41.90811582,-87.7985195
16061040240000,1221 N KENILWORTH AVE,41.907981,-87.79851728
16061040250000,1219 N KENILWORTH AVE,41.90784363,-87.79850505
16061040260000,1215 N KENILWORTH AVE,41.90770635,-87.79850954
16061040270000,1211 N KENILWORTH AVE,41.90756404,-87.79850739
16061040280000,1201 N KENILWORTH AVE,41.90739932,-87.79851879
16061040290000,6909 W NORTH AVE,41.90864641,-87.79902406
16061050040000,6853 W NORTH AVE,41.90872166,-87.79753695
16061050060000,6843 W NORTH AVE,41.90871902,-87.7973414
16061050120000,6831 W NORTH AVE,41.90876544,-87.7967935
16061050130000,6829 W NORTH AVE,41.9087577,-87.79671947
16061050140000,1234 N KENILWORTH AVE,41.90837232,-87.79771326
16061050150000,1230 N KENILWORTH AVE,41.90824904,-87.7977231
16061050160000,1224 N KENILWORTH AVE,41.90811924,-87.79772418
16061050170000,1220 N KENILWORTH AVE,41.90798288,-87.7977077
16061050180000,1216 N KENILWORTH AVE,41.90785312,-87.7977176
16061050190000,1214 N KENILWORTH AVE,41.90769721,-87.79772771
16061050200000,1210 N KENILWORTH AVE,41.90755441,-87.79772009
16061050220000,1235 N GROVE AVE,41.90839809,-87.79685544
16061050230000,1231 N GROVE AVE,41.90826181,-87.79685658
16061050240000,1225 N GROVE AVE,41.90813842,-87.79684324
16061050250000,1221 N GROVE AVE,41.90800254,-87.79692865
16061050260000,1217 N GROVE AVE,41.90786626,-87.79692979
16061050270000,1215 N GROVE AVE,41.90772994,-87.79692212
16061050300000,1206 N KENILWORTH AVE,41.90742445,-87.79768653
16061050310000,1200 N KENILWORTH AVE,41.90730863,-87.79761059
16061050360000,1209 N GROVE AVE,41.90755455,-87.79692359
16061050370000,1201 N GROVE AVE,41.90734628,-87.79692388
16061050380000,6855 W NORTH AVE,41.90873629,-87.79778587
16061060010000,6821 W NORTH AVE,41.90873164,-87.79631116
16061060020000,6819 W NORTH AVE,41.90873385,-87.79623739
16061060080000,6811 W NORTH AVE,41.90883297,-87.79568558
16061060090000,6801 W NORTH AVE,41.90868441,-87.79534947
16061060100000,1234 N GROVE AVE,41.9084079,-87.79623632
16061060110000,1230 N GROVE AVE,41.90825838,-87.79622934
16061060120000,1226 N GROVE AVE,41.9081285,-87.79621281
16061060130000,1220 N GROVE AVE,41.90799238,-87.79624861
16061060140000,1218 N GROVE AVE,41.90786865,-87.79616272
16061060150000,1212 N GROVE AVE,41.90773242,-87.79617267
16061060160000,1210 N GROVE AVE,41.90758971,-87.79618268
16061060170000,1204 N GROVE AVE,41.90746626,-87.79615728
16061060180000,1200 N GROVE AVE,41.90732966,-87.7961414
16061060190000,1235 N OAK PARK AVE,41.90841538,-87.79533176
16061060200000,1231 N OAK PARK AVE,41.9082725,-87.79535939
16061060210000,1225 N OAK PARK AVE,41.90815582,-87.79539503
16061060220000,1221 N OAK PARK AVE,41.90802602,-87.79539612
16061060230000,1217 N OAK PARK AVE,41.90786359,-87.79534521
16061060240000,1215 N OAK PARK AVE,41.90772076,-87.79532937
16061060250000,1209 N OAK PARK AVE,41.90760432,-87.79541728
16061060260000,1205 N OAK PARK AVE,41.90747419,-87.79534848
16061060270000,1201 N OAK PARK AVE,41.90735091,-87.79535832
16061060290000,6817 W NORTH AVE,41.9087676,-87.79595729
16061060300000,6815 W NORTH AVE,41.90883135,-87.79580517
16061070160000,1149 N MARION ST,41.90688316,-87.80451636
16061070170000,1143 N MARION ST,41.90674226,-87.80442668
16061070180000,1139 N MARION ST,41.90662594,-87.80441466
16061070190000,1135 N MARION ST,41.90649509,-87.80440276
16061070200000,1129 N MARION ST,41.9063643,-87.80440384
16061070210000,1127 N MARION ST,41.90620441,-87.80439867
16061070220000,1123 N MARION ST,41.90606877,-87.80439979
16061070230000,1119 N MARION ST,41.90594274,-87.80438137
16061070240000,1115 N MARION ST,41.9058071,-87.80438249
16061070250000,1109 N MARION ST,41.90565699,-87.8043967
16061070260000,1107 N MARION ST,41.90552136,-87.80439782
16061070270000,1104 GREENFIELD ST,41.90540991,-87.80439225
16061070290000,1447 N HARLEM AVE,41.90687205,-87.80535656
16061070320000,1445 N HARLEM AVE,41.90687141,-87.80516964
16061070350000,1441 N HARLEM AVE,41.90673265,-87.80534814
16061070380000,1443 N HARLEM AVE,41.9067357,-87.80515051
16061070550000,1407 N HARLEM AVE,41.90552472,-87.80531026
16061070580000,1405 N HARLEM AVE,41.90552918,-87.80510462
16061070610000,1401 N HARLEM AVE,41.90538822,-87.80530851
16061070640000,1403 N HARLEM AVE,41.90538832,-87.80510054
16061070680000,1417 N HARLEM AVE,41.90584277,-87.8053172
16061070710000,1413 N HARLEM AVE,41.9058464,-87.80512514
16061070740000,1409 N HARLEM AVE,41.90568909,-87.8053089
16061070770000,1411 N HARLEM AVE,41.90568996,-87.80511269
16061070830000,1431 N HARLEM AVE,41.90642221,-87.80526414
16061070860000,1421 N HARLEM AVE,41.9060227,-87.80512954
16061070950000,1437 N HARLEM AVE,41.90653253,-87.805345
16061070980000,1439 N HARLEM AVE,41.90653982,-87.8051475
16061071070000,1419 N HARLEM AVE,41.90601786,-87.80531576
16061071100000,1427 N HARLEM AVE,41.90631239,-87.80533725
16061071130000,1429 N HARLEM AVE,41.90631421,-87.80513947
16061071160000,1423 N HARLEM AVE,41.90613581,-87.80532436
16061071190000,1425 N HARLEM AVE,41.90615422,-87.80513183
16061090010000,1147 WOODBINE AVE,41.90695551,-87.79992133
16061090020000,1143 WOODBINE AVE,41.90683818,-87.7999223
16061090030000,1139 WOODBINE AVE,41.90671219,-87.79995086
16061090040000,1135 WOODBINE AVE,41.90655932,-87.79987747
16061090050000,1131 WOODBINE AVE,41.90643604,-87.79985885
16061090060000,1127 WOODBINE AVE,41.90628959,-87.79990329
16061090070000,1123 WOODBINE AVE,41.90613984,-87.79986918
16061090080000,1119 WOODBINE AVE,41.90601078,-87.79987025
16061090090000,1115 WOODBINE AVE,41.90588466,-87.7998713
16061090100000,1111 WOODBINE AVE,41.90574378,-87.79985283
16061090110000,1107 WOODBINE AVE,41.90561187,-87.79986965
16061090120000,1103 WOODBINE AVE,41.9054711,-87.79987475
16061100010000,1146 WOODBINE AVE,41.90697033,-87.7991873
16061100020000,1142 WOODBINE AVE,41.90684408,-87.79916085
16061100030000,1138 WOODBINE AVE,41.90671545,-87.79925229
16061100040000,1134 WOODBINE AVE,41.90656276,-87.7992182
16061100050000,1130 WOODBINE AVE,41.90643378,-87.79923499
16061100060000,1126 WOODBINE AVE,41.90630766,-87.79923605
16061100070000,1122 WOODBINE AVE,41.90614323,-87.79919813
16061100080000,1118 WOODBINE AVE,41.90602293,-87.79919127
16061100090000,1114 WOODBINE AVE,41.90587348,-87.79922002
16061100100000,1110 WOODBINE AVE,41.90575602,-87.7991935
16061100110000,1104 WOODBINE AVE,41.90562396,-87.79917888
16061100120000,1100 WOODBINE AVE,41.90548028,-87.79918794
16061100130000,1147 N KENILWORTH AVE,41.90697666,-87.79851758
16061100140000,1143 N KENILWORTH AVE,41.90683875,-87.79850695
16061100150000,1139 N KENILWORTH AVE,41.90672415,-87.79846468
16061100160000,1135 N KENILWORTH AVE,41.9065951,-87.79846576
16061100170000,1131 N KENILWORTH AVE,41.90644845,-87.79846698
16061100180000,1127 N KENILWORTH AVE,41.90629305,-87.79848007
16061100190000,1123 N KENILWORTH AVE,41.90617279,-87.79848107
16061100200000,1119 N KENILWORTH AVE,41.9060584,-87.79848203
16061100210000,1115 N KENILWORTH AVE,41.90591756,-87.79847141
16061100220000,1111 N KENILWORTH AVE,41.90577089,-87.79846871
16061100230000,1107 N KENILWORTH AVE,41.90561557,-87.79849751
16061100240000,1101 N KENILWORTH AVE,41.90549241,-87.7985064
16061110010000,1146 N KENILWORTH AVE,41.90697381,-87.79768089
16061110020000,1140 N KENILWORTH AVE,41.90685049,-87.79768192
16061110030000,1138 N KENILWORTH AVE,41.90674004,-87.79766581
16061110040000,1132 N KENILWORTH AVE,41.90659076,-87.79771052
16061110050000,1130 N KENILWORTH AVE,41.90644797,-87.7977029
16061110060000,1126 N KENILWORTH AVE,41.90631169,-87.79770404
16061110070000,1122 N KENILWORTH AVE,41.90616226,-87.79766183
16061110080000,1118 N KENILWORTH AVE,41.90603893,-87.79766286
16061110090000,1114 N KENILWORTH AVE,41.90589618,-87.79766405
16061110100000,1110 N KENILWORTH AVE,41.90577278,-87.79764746
16061110110000,1104 N KENILWORTH AVE,41.90562354,-87.79764871
16061110120000,1100 N KENILWORTH AVE,41.90550646,-87.79759742
16061110130000,1147 N GROVE AVE,41.90698572,-87.79683454
16061110140000,1143 N GROVE AVE,41.90687531,-87.79682724
16061110150000,1139 N GROVE AVE,41.9067196,-87.79682855
16061110160000,1135 N GROVE AVE,41.90659628,-87.79682958
16061110170000,1131 N GROVE AVE,41.90645307,-87.79678732
16061110180000,1125 N GROVE AVE,41.90633012,-87.79686646
16061110190000,1121 N GROVE AVE,41.90619999,-87.79679766
16061110200000,1117 N GROVE AVE,41.90605068,-87.79678188
16061110210000,1115 N GROVE AVE,41.90590789,-87.79677426
16061110220000,1111 N GROVE AVE,41.905778,-87.79675773
16061110230000,1107 N GROVE AVE,41.90564217,-87.7968546
16061110240000,1101 N GROVE AVE,41.90549918,-87.79680353
16061120010000,1146 N GROVE AVE,41.90699938,-87.79618436
16061120020000,1140 N GROVE AVE,41.90686526,-87.79617037
16061120030000,1138 N GROVE AVE,41.90674834,-87.79615374
16061120040000,1132 N GROVE AVE,41.9065989,-87.7961638
16061120050000,1130 N GROVE AVE,41.90645627,-87.79619142
16061120060000,1126 N GROVE AVE,41.90632647,-87.79619251
16061120070000,1122 N GROVE AVE,41.90618359,-87.79616728
16061120080000,1118 N GROVE AVE,41.90605379,-87.79616837
16061120090000,1112 N GROVE AVE,41.90591723,-87.79610843
16061120100000,1110 N GROVE AVE,41.9057807,-87.79610958
16061120110000,1106 N GROVE AVE,41.9056509,-87.79611066
16061120120000,1102 N GROVE AVE,41.90550819,-87.79612067
16061120130000,1147 N OAK PARK AVE,41.90701872,-87.79540089
16061120140000,1141 N OAK PARK AVE,41.90690016,-87.79532267
16061120150000,1139 N OAK PARK AVE,41.90675089,-87.79531511
16061120160000,1135 N OAK PARK AVE,41.90662088,-87.79532501
16061120170000,1131 N OAK PARK AVE,41.90647813,-87.79532621
16061120180000,1125 N OAK PARK AVE,41.90636128,-87.79532719
16061120190000,1123 N OAK PARK AVE,41.90619906,-87.79531975
16061120200000,1119 N OAK PARK AVE,41.90607565,-87.79530316
16061120210000,1115 N OAK PARK AVE,41.90593934,-87.79529609
16061120220000,1111 N OAK PARK AVE,41.90577694,-87.79530567
16061120230000,1107 N OAK PARK AVE,41.90566022,-87.79533308
16061120240000,1101 N OAK PARK AVE,41.90551137,-87.79541647
16061130070000,1321 N HARLEM AVE,41.90423159,-87.80517715
16061130130000,1105 GREENFIELD ST,41.90505032,-87.80441633
16061130140000,1043 N MARION ST,41.90492577,-87.80437571
16061130150000,1039 N MARION ST,41.90477302,-87.80437301
16061130160000,1035 N MARION ST,41.90465243,-87.80438711
16061130170000,1031 N MARION ST,41.90449605,-87.80441898
16061130180000,1027 N MARION ST,41.90436219,-87.80438514
16061130190000,1023 N MARION ST,41.90424478,-87.80438174
16061130200000,1019 N MARION ST,41.90411115,-87.80439594
16061130210000,1015 N MARION ST,41.90396109,-87.80438408
16061130220000,1009 N MARION ST,41.90378498,-87.80438116
16061130230000,1005 N MARION ST,41.90367713,-87.80432964
16061130240000,1001 N MARION ST,41.90354672,-87.80433508
16061130260000,1327 N HARLEM AVE,41.90440563,-87.80514994
16061130300000,1307 N HARLEM AVE,41.90380997,-87.80516214
16061130310000,1305 N HARLEM AVE,41.90367574,-87.80509162
16061130320000,1345 N HARLEM AVE,41.90507564,-87.80518827
16061130350000,1339 N HARLEM AVE,41.90478225,-87.8051075
16061130360000,1309 N HARLEM AVE,41.90393028,-87.8051326
16061130371011,1301 N HARLEM AVE,41.90352756,-87.80509924
16061130380000,1329 N HARLEM AVE,41.90451284,-87.80521134
16061130390000,1341 N HARLEM AVE,41.9049442,-87.805154
16061140010000,1046 N MARION ST,41.90507242,-87.80374317
16061140020000,1044 N MARION ST,41.90497648,-87.8037779
16061140030000,1040 N MARION ST,41.9048189,-87.80378376
16061140040000,1034 N MARION ST,41.90469171,-87.80378045
16061140050000,1030 N MARION ST,41.90457096,-87.80375961
16061140060000,1026 N MARION ST,41.90445023,-87.80374313
16061140070000,1022 N MARION ST,41.90430997,-87.80373556
16061140080000,1020 N MARION ST,41.90417956,-87.803741
16061140090000,1016 N MARION ST,41.90406861,-87.80372444
16061140100000,1012 N MARION ST,41.90394802,-87.80373855
16061140110000,1008 N MARION ST,41.90382062,-87.80369155
16061140120000,1004 N MARION ST,41.90369373,-87.80375375
16061140130000,1000 N MARION ST,41.90355908,-87.8036831
16061140140000,1047 BELLEFORTE AVE,41.90507534,-87.80289834
16061140150000,1043 BELLEFORTE AVE,41.90496632,-87.80285343
16061140170000,1037 BELLEFORTE AVE,41.90473251,-87.80289321
16061140180000,1029 BELLEFORTE AVE,41.90452049,-87.80285166
16061140190000,1027 BELLEFORTE AVE,41.90438038,-87.80287466
16061140200000,1021 BELLEFORTE AVE,41.9042273,-87.80291524
16061140210000,1017 BELLEFORTE AVE,41.9040838,-87.80291206
16061140220000,1013 BELLEFORTE AVE,41.90398066,-87.80290396
16061140230000,1009 BELLEFORTE AVE,41.90382919,-87.80285738
16061140250000,1005 BELLEFORTE AVE,41.90369874,-87.8028541
16061140260000,1001 BELLEFORTE AVE,41.90357497,-87.8028857
16061150010000,1046 BELLEFORTE AVE,41.90507069,-87.80219349
16061150020000,1042 BELLEFORTE AVE,41.90495392,-87.80228962
16061150030000,1038 BELLEFORTE AVE,41.90482537,-87.8022919
16061150040000,1034 BELLEFORTE AVE,41.90466003,-87.80233631
16061150050000,1028 BELLEFORTE AVE,41.90453903,-87.80226306
16061150060000,1024 BELLEFORTE AVE,41.90439224,-87.80225117
16061150070000,1020 BELLEFORTE AVE,41.90424568,-87.8022917
16061150080000,1016 BELLEFORTE AVE,41.90410858,-87.80226226
16061150090000,1014 BELLEFORTE AVE,41.90396511,-87.80226345
16061150100000,1010 BELLEFORTE AVE,41.9038477,-87.80226006
16061150110000,1006 BELLEFORTE AVE,41.90370094,-87.8022569
16061150120000,1000 BELLEFORTE AVE,41.90355734,-87.80223189
16061150130000,1047 FOREST AVE,41.90508828,-87.8014556
16061150140000,1043 FOREST AVE,41.90499019,-87.80139963
16061150150000,1039 FOREST AVE,41.90482394,-87.80141412
16061150160000,1035 FOREST AVE,41.90469676,-87.80141268
16061150170000,1031 FOREST AVE,41.90455302,-87.80135709
16061150180000,1027 FOREST AVE,41.90441291,-87.80138009
16061150190000,1021 FOREST AVE,41.90426933,-87.80135944
16061150200000,1019 FOREST AVE,41.90413557,-87.80134745
16061150210000,1015 FOREST AVE,41.90399207,-87.80134428
16061150220000,1011 FOREST AVE,41.90385848,-87.80136722
16061150230000,1007 FOREST AVE,41.90373113,-87.80132897
16061150240000,1001 FOREST AVE,41.90361716,-87.80136486
16061160010000,1046 FOREST AVE,41.90511116,-87.80069724
16061160020000,1042 FOREST AVE,41.90497779,-87.80076824
16061160030000,1038 FOREST AVE,41.90484729,-87.80075622
16061160040000,1032 FOREST AVE,41.90470671,-87.80074428
16061160050000,1030 FOREST AVE,41.90454274,-87.80068034
16061160060000,1026 FOREST AVE,41.90444876,-87.80067217
16061160070000,1022 FOREST AVE,41.90427958,-87.80075657
16061160080000,1018 FOREST AVE,41.90415228,-87.80073141
16061160090000,1014 FOREST AVE,41.90401533,-87.80073255
16061160100000,1010 FOREST AVE,41.90387179,-87.80072064
16061160110000,1006 FOREST AVE,41.90373805,-87.80071302
16061160120000,1000 FOREST AVE,41.90360112,-87.80071853
16061160130000,1047 WOODBINE AVE,41.90511988,-87.79990114
16061160140000,1043 WOODBINE AVE,41.90499889,-87.79982789
16061160150000,1039 WOODBINE AVE,41.90485863,-87.79982032
16061160160000,1035 WOODBINE AVE,41.90473208,-87.79982096
16061160170000,1031 WOODBINE AVE,41.90459547,-87.79989636
16061160180000,1027 WOODBINE AVE,41.90447115,-87.79981003
16061160190000,1023 WOODBINE AVE,41.90432766,-87.79980685
16061160200000,1019 WOODBINE AVE,41.90419396,-87.79980797
16061160210000,1015 WOODBINE AVE,41.90405368,-87.79979603
16061160220000,1011 WOODBINE AVE,41.90390686,-87.79977978
16061160230000,1001 WOODBINE AVE,41.90372772,-87.79982495
16061170010000,1046 WOODBINE AVE,41.90512647,-87.79914582
16061170020000,1040 WOODBINE AVE,41.904993,-87.79919498
16061170030000,1038 WOODBINE AVE,41.90487559,-87.79919159
16061170040000,1034 WOODBINE AVE,41.90474211,-87.79917315
16061170050000,1030 WOODBINE AVE,41.90458875,-87.79915259
16061170060000,1026 WOODBINE AVE,41.90445487,-87.7991144
16061170070000,1022 WOODBINE AVE,41.90433096,-87.79911543
16061170080000,1018 WOODBINE AVE,41.90420055,-87.79912088
16061170090000,1014 WOODBINE AVE,41.90404395,-87.79910471
16061170100000,1010 WOODBINE AVE,41.90391995,-87.79908828
16061170110000,1006 WOODBINE AVE,41.90377986,-87.79911565
16061170120000,1000 WOODBINE AVE,41.90365214,-87.79899878
16061170130000,1047 N KENILWORTH AVE,41.90512985,-87.79847185
16061170140000,1043 N KENILWORTH AVE,41.90502182,-87.79838102
16061170150000,1037 N KENILWORTH AVE,41.90489807,-87.798417
16061170180000,1027 N KENILWORTH AVE,41.90449068,-87.79840022
16061170190000,1023 N KENILWORTH AVE,41.90434735,-87.79843199
16061170200000,1019 N KENILWORTH AVE,41.90419407,-87.7984289
16061170210000,1015 N KENILWORTH AVE,41.90406993,-87.79838189
16061170220000,1011 N KENILWORTH AVE,41.90392018,-87.79843556
16061170230000,1005 N KENILWORTH AVE,41.9037961,-87.79840165
16061170240000,1001 N KENILWORTH AVE,41.90365262,-87.79840285
16061170250000,1035 N KENILWORTH AVE,41.90476172,-87.79848095
16061170260000,1031 N KENILWORTH AVE,41.90461785,-87.79839916
16061180010000,1044 N KENILWORTH AVE,41.90514729,-87.7976059
16061180020000,1042 N KENILWORTH AVE,41.90504111,-87.79762151
16061180030000,1036 N KENILWORTH AVE,41.9048873,-87.79763753
16061180040000,1034 N KENILWORTH AVE,41.90474787,-87.79759452
16061180050000,1030 N KENILWORTH AVE,41.90461236,-87.79760547
16061180060000,1026 N KENILWORTH AVE,41.9044879,-87.79763105
16061180070000,1022 N KENILWORTH AVE,41.90435949,-87.79759286
16061180080000,1018 N KENILWORTH AVE,41.90422022,-87.79758421
16061180090000,1014 N KENILWORTH AVE,41.90406279,-87.79761006
16061180100000,1010 N KENILWORTH AVE,41.90394921,-87.79761101
16061180120000,1047 N GROVE AVE,41.90518697,-87.79672743
16061180130000,1043 N GROVE AVE,41.90503687,-87.79675323
16061180140000,1039 N GROVE AVE,41.90489786,-87.79679857
16061180150000,1035 N GROVE AVE,41.90477333,-87.79680942
16061180160000,1031 N GROVE AVE,41.90462307,-87.79676136
16061180170000,1027 N GROVE AVE,41.90449484,-87.79676243
16061180180000,1023 N GROVE AVE,41.9043776,-87.79676341
16061180190000,1017 N GROVE AVE,41.9042236,-87.79674016
16061180200000,1015 N GROVE AVE,41.90408072,-87.79674136
16061180210000,1011 N GROVE AVE,41.90395258,-87.79676206
16061180220000,1007 N GROVE AVE,41.90381349,-87.79679267
16061180230000,1001 N GROVE AVE,41.90367097,-87.79683251
16061180240000,1004 N KENILWORTH AVE,41.90378801,-87.79761236
16061180250000,1000 N KENILWORTH AVE,41.90365582,-87.79754966
16061190010000,1046 N GROVE AVE,41.90516592,-87.79610406
16061190020000,1042 N GROVE AVE,41.9050452,-87.79614434
16061190030000,1038 N GROVE AVE,41.90490964,-87.79614548
16061190040000,1034 N GROVE AVE,41.90478138,-87.79614164
16061190050000,1030 N GROVE AVE,41.90464944,-87.79613281
16061190060000,1026 N GROVE AVE,41.90452101,-87.79608972
16061190070000,1022 N GROVE AVE,41.90435989,-87.7961107
16061190080000,1018 N GROVE AVE,41.90422436,-87.79611674
16061190090000,1014 N GROVE AVE,41.90410693,-87.79607846
16061190100000,1010 N GROVE AVE,41.90397153,-87.79611395
16061190110000,1006 N GROVE AVE,41.90381742,-87.79606617
16061190120000,1000 N GROVE AVE,41.90368187,-87.79606731
16061190130000,1047 N OAK PARK AVE,41.90516955,-87.79531374
16061190140000,1043 N OAK PARK AVE,41.9050706,-87.79530966
16061190150000,1039 N OAK PARK AVE,41.90493873,-87.79531568
16061190160000,1035 N OAK PARK AVE,41.90479898,-87.79526337
16061190170000,1031 N OAK PARK AVE,41.90465655,-87.79530333
16061190180000,1027 N OAK PARK AVE,41.90452809,-87.79525532
16061190190000,1023 N OAK PARK AVE,41.90437421,-87.79525662
16061190200000,1019 N OAK PARK AVE,41.90424978,-87.79528711
16061190210000,1015 N OAK PARK AVE,41.9041068,-87.79526868
16061190220000,1009 N OAK PARK AVE,41.90397136,-87.79529436
16061190230000,1007 N OAK PARK AVE,41.90383578,-87.79529059
16061190240000,1001 N OAK PARK AVE,41.90369289,-87.79529179
16061200030000,1235 N HARLEM AVE,41.90288965,-87.80516896
16061200040000,1231 N HARLEM AVE,41.90276064,-87.80505481
16061200100000,1201 N HARLEM AVE,41.90181351,-87.80493155
16061200110000,947 N MARION ST,41.90322057,-87.80439061
16061200120000,943 N MARION ST,41.90309724,-87.80433889
16061200130000,939 N MARION ST,41.9029716,-87.80432276
16061200140000,935 N MARION ST,41.90283064,-87.80432049
16061200150000,931 N MARION ST,41.90268225,-87.80437456
16061200160000,927 N MARION ST,41.9025565,-87.8043344
16061200170000,923 N MARION ST,41.90244639,-87.80435247
16061200180000,919 N MARION ST,41.90232335,-87.80434662
16061200190000,917 N MARION ST,41.90219761,-87.8043099
16061200200000,911 N MARION ST,41.90207472,-87.80433495
16061200210000,909 N MARION ST,41.90195666,-87.80429816
16061200220000,905 N MARION ST,41.90185418,-87.80430244
16061200230000,901 N MARION ST,41.90172398,-87.80430903
16061200250000,1215 N HARLEM AVE,41.90221597,-87.80517874
16061200280000,1217 N HARLEM AVE,41.90221867,-87.80498899
16061200310000,1221 N HARLEM AVE,41.9023954,-87.80518756
16061200340000,1223 N HARLEM AVE,41.9023981,-87.80499781
16061200440000,1211 N HARLEM AVE,41.9021202,-87.80521611
16061200450000,1205 N HARLEM AVE,41.90190445,-87.8052162
16061210010000,946 N MARION ST,41.90324661,-87.80367404
16061210020000,942 N MARION ST,41.90312747,-87.80366927
16061210030000,938 N MARION ST,41.9030073,-87.80372862
16061210060000,926 N MARION ST,41.90256722,-87.80366225
16061210070000,922 N MARION ST,41.90242637,-87.80368401
16061210080000,918 N MARION ST,41.90226239,-87.8036888
16061210090000,914 N MARION ST,41.90211868,-87.80364537
16061210100000,910 N MARION ST,41.90199572,-87.80365668
16061210110000,906 N MARION ST,41.90184969,-87.80366475
16061210120000,900 N MARION ST,41.90173946,-87.8036588
16061210170000,933 BELLEFORTE AVE,41.90279843,-87.80289313
16061210180000,929 BELLEFORTE AVE,41.90267261,-87.80283886
16061210190000,927 BELLEFORTE AVE,41.90255987,-87.80284323
16061210200000,923 BELLEFORTE AVE,41.90243169,-87.80283326
16061210210000,919 BELLEFORTE AVE,41.90232914,-87.80282381
16061210220000,915 BELLEFORTE AVE,41.90219845,-87.80282489
16061210230000,913 BELLEFORTE AVE,41.90209082,-87.80282578
16061210240000,909 BELLEFORTE AVE,41.90195765,-87.80284405
16061210310000,930 N MARION ST,41.90270059,-87.80368518
16061210320000,934 N MARION ST,41.90284569,-87.80369479
16061210360000,939 BELLEFORTE AVE,41.90295499,-87.80294332
16061210370000,1041 BERKSHIRE ST,41.90316956,-87.80316174
16061210380000,1035 BERKSHIRE ST,41.90320652,-87.80289521
16061210390000,901 BELLEFORTE AVE,41.9017563,-87.80286318
16061210400000,1038 DIVISION ST,41.90168094,-87.80312784
16061220010000,946 BELLEFORTE AVE,41.90325904,-87.8021285
16061220020000,942 BELLEFORTE AVE,41.90311585,-87.80226183
16061220030000,940 BELLEFORTE AVE,41.90302356,-87.80225573
16061220040000,936 BELLEFORTE AVE,41.90294667,-87.80225293
16061220050000,934 BELLEFORTE AVE,41.90284663,-87.80223316
16061220060000,924 BELLEFORTE AVE,41.90275448,-87.80225452
16061220070000,922 BELLEFORTE AVE,41.90265443,-87.80223206
16061220080000,920 BELLEFORTE AVE,41.90255455,-87.80224661
16061220090000,918 BELLEFORTE AVE,41.90245969,-87.80223711
16061220100000,916 BELLEFORTE AVE,41.90235204,-87.80223456
16061220110000,914 BELLEFORTE AVE,41.90222392,-87.80223562
16061220120000,912 BELLEFORTE AVE,41.90211629,-87.80223652
16061220130000,910 BELLEFORTE AVE,41.90197758,-87.80216558
16061220150000,947 FOREST AVE,41.90325886,-87.80138531
16061220160000,943 FOREST AVE,41.90314007,-87.80140555
16061220170000,939 FOREST AVE,41.90300631,-87.80129755
16061220190000,931 FOREST AVE,41.90271929,-87.8012965
16061220200000,927 FOREST AVE,41.90258609,-87.80130863
16061220210000,921 FOREST AVE,41.90244758,-87.80128232
16061220220000,917 FOREST AVE,41.90232977,-87.80129703
16061220230000,915 FOREST AVE,41.90216057,-87.80128471
16061220240000,911 FOREST AVE,41.90203747,-87.80126513
16061220250000,907 FOREST AVE,41.90192046,-87.80131296
16061220260000,901 FOREST AVE,41.90179238,-87.80132432
16061220270000,900 BELLEFORTE AVE,41.90179044,-87.80215279
16061220280000,1018 DIVISION ST,41.90179164,-87.80185757
16061220310000,935 FOREST AVE,41.90285006,-87.80131258
16061230010000,946 FOREST AVE,41.90326842,-87.80063332
16061230050000,930 FOREST AVE,41.90274455,-87.80066491
16061230060000,926 FOREST AVE,41.90256778,-87.80067595
16061230070000,920 FOREST AVE,41.90245744,-87.80064597
16061230080000,916 FOREST AVE,41.90230385,-87.80068157
16061230100000,904 FOREST AVE,41.90189363,-87.80064036
16061230110000,900 FOREST AVE,41.90177078,-87.80067571
16061230120000,935 WOODBINE AVE,41.90261527,-87.8000206
16061230130000,914 FOREST AVE,41.90217061,-87.80068612
16061230140000,908 FOREST AVE,41.90200903,-87.80065657
16061230150000,940 FOREST AVE,41.90309582,-87.8006828
16061230200000,934 FOREST AVE,41.90285461,-87.80063654
16061240010000,921 N KENILWORTH AVE,41.90259597,-87.79850027
16061250010000,946 N KENILWORTH AVE,41.90331877,-87.79755751
16061250020000,942 N KENILWORTH AVE,41.90318537,-87.79758108
16061250030000,938 N KENILWORTH AVE,41.90308303,-87.79755802
16061250040000,934 N KENILWORTH AVE,41.90294316,-87.79756734
16061250050000,930 N KENILWORTH AVE,41.90278293,-87.79753688
16061250060000,926 N KENILWORTH AVE,41.90267188,-87.79752346
16061250070000,920 N KENILWORTH AVE,41.90252791,-87.79749503
16061250080000,918 N KENILWORTH AVE,41.90241741,-87.79752559
16061250090000,914 N KENILWORTH AVE,41.90224592,-87.79752702
16061250100000,908 N KENILWORTH AVE,41.90210762,-87.79752818
16061250110000,904 N KENILWORTH AVE,41.90198028,-87.79750701
16061250120000,900 N KENILWORTH AVE,41.90183607,-87.79742671
16061250130000,947 N GROVE AVE,41.90332239,-87.79676255
16061250140000,941 N GROVE AVE,41.90318701,-87.79674634
16061250150000,939 N GROVE AVE,41.90306516,-87.79671772
16061250160000,935 N GROVE AVE,41.90295199,-87.79674305
16061250170000,931 N GROVE AVE,41.9027941,-87.79671999
16061250200000,923 N GROVE AVE,41.90251544,-87.79670224
16061250210000,915 N GROVE AVE,41.90236608,-87.79670349
16061250220000,911 N GROVE AVE,41.90214463,-87.7966683
16061250230000,907 N GROVE AVE,41.90199001,-87.79672888
16061250240000,903 N GROVE AVE,41.90184573,-87.79670785
16061250250000,927 N GROVE AVE,41.90266126,-87.79670628
16061260010000,946 N GROVE AVE,41.90334448,-87.79602143
16061260020000,942 N GROVE AVE,41.9032262,-87.79608172
16061260030000,938 N GROVE AVE,41.90308783,-87.79606806
16061260040000,934 N GROVE AVE,41.90295244,-87.79607613
16061260050000,930 N GROVE AVE,41.90282226,-87.79606287
16061260060000,928 N GROVE AVE,41.9026618,-87.79605681
16061260070000,922 N GROVE AVE,41.90253086,-87.79603042
16061260080000,918 N GROVE AVE,41.90240288,-87.79606676
16061260090000,914 N GROVE AVE,41.90226219,-87.79606384
16061260100000,910 N GROVE AVE,41.90214658,-87.79597652
16061260110000,906 N GROVE AVE,41.90198657,-87.79606678
16061260120000,900 N GROVE AVE,41.90185353,-87.79600861
16061260130000,947 N OAK PARK AVE,41.9033484,-87.79529468
16061260140000,943 N OAK PARK AVE,41.90325,-87.79525851
16061260150000,939 N OAK PARK AVE,41.90311153,-87.79522262
16061260160000,933 N OAK PARK AVE,41.9029511,-87.79522397
16061260170000,929 N OAK PARK AVE,41.90282369,-87.79518799
16061260180000,927 N OAK PARK AVE,41.902691,-87.79520392
16061260190000,921 N OAK PARK AVE,41.90254348,-87.79518077
16061260200000,919 N OAK PARK AVE,41.90242829,-87.79519441
16061260210000,915 N OAK PARK AVE,41.90227815,-87.79522746
16061260220000,911 N OAK PARK AVE,41.90213415,-87.79519162
16061260230000,907 N OAK PARK AVE,41.90199599,-87.79522242
16061260240000,901 N OAK PARK AVE,41.90187985,-87.79523081
16062000020000,6747 W NORTH AVE,41.908599,-87.79477461
16062000030000,6743 W NORTH AVE,41.9087837,-87.79466241
16062000040000,6741 W NORTH AVE,41.90878487,-87.79460476
16062000110000,1232 N OAK PARK AVE,41.9084424,-87.7947454
16062000120000,1230 N OAK PARK AVE,41.90833195,-87.79472929
16062000130000,1226 N OAK PARK AVE,41.90822835,-87.79479066
16062000140000,1224 N OAK PARK AVE,41.9081309,-87.79478326
16062000150000,1220 N OAK PARK AVE,41.90802045,-87.79476656
16062000160000,1218 N OAK PARK AVE,41.90791652,-87.79475863
16062000170000,1214 N OAK PARK AVE,41.90783231,-87.79475934
16062000180000,1212 N OAK PARK AVE,41.90772195,-87.79476026
16062000190000,1210 N OAK PARK AVE,41.90759194,-87.79471789
16062000200000,1204 N OAK PARK AVE,41.90746214,-87.79471898
16062000210000,1200 N OAK PARK AVE,41.90735186,-87.79473753
16062000220000,1233 N EUCLID AVE,41.90846052,-87.79416963
16062000230000,1231 N EUCLID AVE,41.90835007,-87.79415353
16062000240000,1229 N EUCLID AVE,41.90823966,-87.79414565
16062000250000,1225 N EUCLID AVE,41.90814889,-87.79418106
16062000260000,1223 N EUCLID AVE,41.90804488,-87.79415609
16062000270000,1219 N EUCLID AVE,41.90794763,-87.79413929
16062000280000,1217 N EUCLID AVE,41.9078437,-87.79413136
16062000290000,1211 N EUCLID AVE,41.90773322,-87.79410644
16062000300000,1209 N EUCLID AVE,41.90760981,-87.79408986
16062000310000,1205 N EUCLID AVE,41.90748005,-87.79409976
16062000320000,1201 N EUCLID AVE,41.90737637,-87.7941441
16062000330000,6729 W NORTH AVE,41.90880699,-87.79412679
16062010030000,6717 W NORTH AVE,41.90879284,-87.79347732
16062010040000,6715 W NORTH AVE,41.90883083,-87.79338326
16062010050000,6711 W NORTH AVE,41.90876599,-87.79327609
16062010060000,6707 W NORTH AVE,41.90877841,-87.79316204
16062010090000,6701 W NORTH AVE,41.90877719,-87.79291245
16062010110000,1232 N EUCLID AVE,41.90845495,-87.79354358
16062010120000,1230 N EUCLID AVE,41.90835102,-87.79353565
16062010130000,1226 N EUCLID AVE,41.9082537,-87.79355409
16062010140000,1224 N EUCLID AVE,41.90814976,-87.79354615
16062010150000,1220 N EUCLID AVE,41.90805252,-87.79352935
16062010160000,1218 N EUCLID AVE,41.9079356,-87.7935133
16062010170000,1216 N EUCLID AVE,41.9078381,-87.79349651
16062010180000,1212 N EUCLID AVE,41.90773425,-87.79350619
16062010190000,1210 N EUCLID AVE,41.90761741,-87.79350717
16062010200000,1206 N EUCLID AVE,41.907507,-87.7934993
16062010210000,1200 N EUCLID AVE,41.90738368,-87.79350033
16062010240000,1227 N LINDEN AVE,41.90826209,-87.79287745
16062010250000,1225 N LINDEN AVE,41.90814536,-87.79290427
16062010260000,1223 N LINDEN AVE,41.90804804,-87.79287044
16062010270000,1221 N LINDEN AVE,41.90795714,-87.79288002
16062010280000,1215 N LINDEN AVE,41.90784682,-87.79288917
16062010290000,1211 N LINDEN AVE,41.90773649,-87.79289891
16062010300000,1209 N LINDEN AVE,41.90761313,-87.79289114
16062010310000,1205 N LINDEN AVE,41.90749628,-87.79289213
16062010320000,1201 N LINDEN AVE,41.90735993,-87.79287625
16062010330000,1231 N LINDEN AVE,41.90838544,-87.79288463
16062020010000,6645 W NORTH AVE,41.9087723,-87.79242277
16062020020000,6643 W NORTH AVE,41.90877283,-87.79233169
16062020080000,6621 W NORTH AVE,41.9088248,-87.79167855
16062020090000,1234 N LINDEN AVE,41.90846321,-87.79228251
16062020100000,1230 N LINDEN AVE,41.90835924,-87.79226577
16062020110000,1228 N LINDEN AVE,41.90826491,-87.7923333
16062020120000,1224 N LINDEN AVE,41.9081586,-87.79235439
16062020130000,1222 N LINDEN AVE,41.90806098,-87.79231175
16062020140000,1218 N LINDEN AVE,41.90795066,-87.79232149
16062020200000,1233 COLUMBIAN AVE,41.90847884,-87.79170634
16062020210000,1231 COLUMBIAN AVE,41.90835806,-87.7917231
16062020220000,1227 COLUMBIAN AVE,41.90824876,-87.79168587
16062020230000,1219 COLUMBIAN AVE,41.90812182,-87.79173913
16062020240000,1217 COLUMBIAN AVE,41.90789453,-87.79172402
16062020250000,1213 COLUMBIAN AVE,41.90775813,-87.79169875
16062020260000,1209 COLUMBIAN AVE,41.90764505,-87.79167865
16062020270000,1205 COLUMBIAN AVE,41.90751145,-87.79169202
16062020280000,1201 COLUMBIAN AVE,41.90739456,-87.79168479
16062020310000,1208 N LINDEN AVE,41.90766449,-87.79223699
16062020320000,1204 N LINDEN AVE,41.90752817,-87.79222933
16062020330000,1200 N LINDEN AVE,41.90740477,-87.79221334
16062020350000,1216 N LINDEN AVE,41.90784669,-87.79230534
16062030010000,6619 W NORTH AVE,41.90881124,-87.79122245
16062030020000,6617 W NORTH AVE,41.90881722,-87.79111786
16062030030000,6615 W NORTH AVE,41.90882333,-87.79103969
16062030040000,6611 W NORTH AVE,41.90883571,-87.79091801
16062030060000,6607 W NORTH AVE APT 1,41.90891244,-87.7907512
16062030070000,6607 W NORTH AVE APT 2,41.90891074,-87.79072195
16062030080000,6605 W NORTH AVE UNIT 2,41.90879769,-87.79058498
16062030090000,6605 W NORTH AVE,41.90892589,-87.79046059
16062030100000,1243 N EAST AVE,41.90872905,-87.79036671
16062030110000,1234 COLUMBIAN AVE,41.90847052,-87.79108604
16062030120000,1228 COLUMBIAN AVE,41.9083536,-87.79106941
16062030130000,1224 COLUMBIAN AVE,41.90821716,-87.79103591
16062030140000,1220 COLUMBIAN AVE,41.90807436,-87.79102831
16062030150000,1216 COLUMBIAN AVE,41.90793148,-87.79100309
16062030160000,1212 COLUMBIAN AVE,41.9077952,-87.79100425
16062030170000,1208 COLUMBIAN AVE,41.90765228,-87.79102308
16062030180000,1204 COLUMBIAN AVE,41.90750978,-87.79107655
16062030190000,1200 COLUMBIAN AVE,41.9073926,-87.79100765
16062030200000,1235 N EAST AVE,41.90846831,-87.79061799
16062030210000,1231 N EAST AVE,41.90834441,-87.79049688
16062030220000,1227 N EAST AVE,41.90821461,-87.79049798
16062030230000,1221 N EAST AVE,41.90807174,-87.79047334
16062030240000,1219 N EAST AVE,41.90792292,-87.79056153
16062030250000,1215 N EAST AVE,41.90779956,-87.79055377
16062030260000,1209 N EAST AVE,41.90765007,-87.79055503
16062030270000,1205 N EAST AVE,41.90751982,-87.7904604
16062030280000,1201 N EAST AVE,41.90739667,-87.79049668
16062040010000,6557 W NORTH AVE,41.90888217,-87.79004477
16062040020000,6555 W NORTH AVE,41.90889387,-87.78994109
16062040030000,6553 W NORTH AVE,41.9088037,-87.78988862
16062040040000,6551 W NORTH AVE,41.90884191,-87.7897491
16062040050000,6549 W NORTH AVE,41.90882846,-87.78964467
16062040060000,6547 W NORTH AVE,41.90883456,-87.7895665
16062040070000,6545 W NORTH AVE,41.90878885,-87.78948877
16062040100000,6539 W NORTH AVE,41.9088717,-87.78920086
16062040110000,6537 W NORTH AVE,41.90885181,-87.78910529
16062040120000,6535 W NORTH AVE,41.90890735,-87.78900028
16062040130000,1245 FAIR OAKS AVE,41.90873188,-87.78890795
16062040140000,1234 N EAST AVE,41.90849078,-87.78988896
16062040150000,1228 N EAST AVE,41.90834802,-87.78989017
16062040160000,1224 N EAST AVE,41.90819867,-87.789865
16062040170000,1220 N EAST AVE,41.90807518,-87.7898314
16062040180000,1216 N EAST AVE,41.90793882,-87.78981494
16062040190000,1212 N EAST AVE,41.90782206,-87.78983355
16062040200000,1208 N EAST AVE,41.90769214,-87.78980881
16062040210000,1204 N EAST AVE,41.90755611,-87.78986223
16062040220000,1200 N EAST AVE,41.90740251,-87.78977782
16062040230000,1235 FAIR OAKS AVE,41.908468,-87.78902458
16062040240000,1231 FAIR OAKS AVE,41.90836419,-87.78904308
16062040250000,1225 FAIR OAKS AVE,41.90823427,-87.78901776
16062040260000,1221 FAIR OAKS AVE,41.9080786,-87.78902789
16062040270000,1217 FAIR OAKS AVE,41.90794224,-87.78901202
16062040280000,1213 FAIR OAKS AVE,41.90782585,-87.78910874
16062040290000,1209 FAIR OAKS AVE,41.90767654,-87.78909239
16062040300000,1205 FAIR OAKS AVE,41.9075401,-87.7890589
16062040310000,1201 FAIR OAKS AVE,41.90741009,-87.78906881
16062050130000,1234 FAIR OAKS AVE,41.90849393,-87.7884247
16062050140000,1230 FAIR OAKS AVE,41.90838326,-87.78836062
16062050150000,1226 FAIR OAKS AVE,41.90824039,-87.78839161
16062050160000,1220 FAIR OAKS AVE,41.9080976,-87.78838461
16062050170000,1216 FAIR OAKS AVE,41.90796784,-87.78839393
16062050180000,1212 FAIR OAKS AVE,41.90784071,-87.78837431
16062050190000,1210 FAIR OAKS AVE,41.90768253,-87.78840696
16062050200000,1204 FAIR OAKS AVE,41.9075461,-87.78840633
16062050210000,1200 FAIR OAKS AVE,41.90742897,-87.78834624
16062050220000,1235 N ELMWOOD AVE,41.90854187,-87.78760673
16062050230000,1229 N ELMWOOD AVE,41.9084188,-87.78766005
16062050240000,1227 N ELMWOOD AVE,41.90830843,-87.78766099
16062050250000,1223 N ELMWOOD AVE,41.90819806,-87.78766193
16062050260000,1219 N ELMWOOD AVE,41.90809413,-87.787654
16062050270000,1215 N ELMWOOD AVE,41.90797729,-87.787655
16062050280000,1213 N ELMWOOD AVE,41.90786692,-87.78765594
16062050290000,1211 N ELMWOOD AVE,41.90775631,-87.78760461
16062050300000,1207 N ELMWOOD AVE,41.90765271,-87.7876143
16062050310000,1205 N ELMWOOD AVE,41.90754898,-87.78764983
16062050320000,1201 N ELMWOOD AVE,41.90741918,-87.78765094
16062050330000,6525 W NORTH AVE,41.90881989,-87.78839083
16062050340000,6501 W NORTH AVE,41.90883397,-87.78752438
16062060020000,6445 W NORTH AVE,41.90886532,-87.78704602
16062060040000,6443 W NORTH AVE,41.90890996,-87.78684536
16062060050000,6441 W NORTH AVE,41.90883809,-87.78676785
16062060070000,6437 W NORTH AVE,41.9088439,-87.78662861
16062060080000,6435 W NORTH AVE,41.90893824,-87.78652852
16062060120000,1234 N ELMWOOD AVE,41.90854545,-87.78699763
16062060130000,1230 N ELMWOOD AVE,41.90842848,-87.78697279
16062060140000,1226 N ELMWOOD AVE,41.90831799,-87.7869473
16062060150000,1222 N ELMWOOD AVE,41.90820115,-87.7869483
16062060160000,1220 N ELMWOOD AVE,41.90809722,-87.78694037
16062060170000,1216 N ELMWOOD AVE,41.90799337,-87.78695007
16062060180000,1214 N ELMWOOD AVE,41.90788317,-87.78698625
16062060190000,1210 N ELMWOOD AVE,41.90776612,-87.7869432
16062060200000,1206 N ELMWOOD AVE,41.90765596,-87.78693591
16062060210000,1204 N ELMWOOD AVE,41.90755211,-87.78694502
16062060220000,1200 N ELMWOOD AVE,41.90744826,-87.78695472
16062060230000,1235 ROSSELL AVE,41.90855417,-87.78636659
16062060240000,1229 ROSSELL AVE,41.90844392,-87.78639337
16062060250000,1227 ROSSELL AVE,41.90831913,-87.78637706
16062060260000,1223 ROSSELL AVE,41.90821512,-87.78635152
16062060270000,1219 ROSSELL AVE,41.90811111,-87.78632656
16062060280000,1215 ROSSELL AVE,41.90800742,-87.78631864
16062060290000,1213 ROSSELL AVE,41.90789054,-87.78631083
16062060300000,1211 ROSSELL AVE,41.90778022,-87.78632058
16062060310000,1207 ROSSELL AVE,41.90768264,-87.78628676
16062060320000,1205 ROSSELL AVE,41.90756563,-87.7862531
16062060330000,1201 ROSSELL AVE,41.90744243,-87.78628
16062060340000,6433 W NORTH AVE,41.90889162,-87.7863853
16062070100000,6405 W NORTH AVE,41.90886464,-87.7849938
16062070120000,1234 ROSSELL AVE,41.9085587,-87.7857005
16062070130000,1230 ROSSELL AVE,41.90844834,-87.78570144
16062070140000,1226 ROSSELL AVE,41.90833818,-87.78574585
16062070150000,1222 ROSSELL AVE,41.90822765,-87.78571214
16062070160000,1218 ROSSELL AVE,41.90813679,-87.78567768
16062070170000,1216 ROSSELL AVE,41.908007,-87.78567878
16062070180000,1212 ROSSELL AVE,41.90790311,-87.78567967
16062070190000,1210 ROSSELL AVE,41.90779274,-87.78568062
16062070200000,1208 ROSSELL AVE,41.90768225,-87.78565572
16062070210000,1204 ROSSELL AVE,41.90757188,-87.78565666
16062070220000,1200 ROSSELL AVE,41.90746148,-87.7856488
16062070230000,1231 EDMER AVE,41.90855563,-87.78505689
16062070240000,1229 EDMER AVE,41.90845174,-87.78505778
16062070250000,1227 EDMER AVE,41.90834121,-87.78502349
16062070260000,1223 EDMER AVE,41.9082308,-87.78501621
16062070270000,1221 EDMER AVE,41.9081206,-87.78499953
16062070280000,1217 EDMER AVE,41.90801057,-87.78506978
16062070290000,1213 EDMER AVE,41.9079002,-87.78507072
16062070300000,1211 EDMER AVE,41.90778348,-87.78509815
16062070310000,1207 EDMER AVE,41.90768586,-87.78505552
16062070320000,1205 EDMER AVE,41.9075821,-87.78508225
16062070330000,1201 EDMER AVE,41.90746509,-87.7850486
16062070340000,6407 W NORTH AVE,41.90889844,-87.78523667
16062070350000,6417 W NORTH AVE,41.90880706,-87.78541621
16062080010000,1140 N OAK PARK AVE,41.90702666,-87.79461683
16062080030000,1132 N OAK PARK AVE,41.90677395,-87.79470587
16062080040000,1128 N OAK PARK AVE,41.90664411,-87.79469874
16062080050000,1122 N OAK PARK AVE,41.90652066,-87.79467335
16062080060000,1120 N OAK PARK AVE,41.90637131,-87.79470104
16062080100000,1141 N EUCLID AVE,41.90705022,-87.79411539
16062080110000,1137 N EUCLID AVE,41.90693973,-87.79409048
16062080120000,1133 N EUCLID AVE,41.90678394,-87.79407417
16062080130000,1129 N EUCLID AVE,41.90666074,-87.79410164
16062080140000,1125 N EUCLID AVE,41.90651147,-87.79409409
16062080150000,1121 N EUCLID AVE,41.90638142,-87.79404291
16062080160000,1117 N EUCLID AVE,41.90625146,-87.79406162
16062080170000,1115 N EUCLID AVE,41.90613453,-87.79404499
16062080180000,1109 N EUCLID AVE,41.90601777,-87.79406359
16062080210000,1100 N OAK PARK AVE,41.9057481,-87.79467985
16062080220000,1105 N EUCLID AVE,41.90587501,-87.79406479
16062080230000,1101 N EUCLID AVE,41.90573877,-87.79407416
16062080240000,1108 N OAK PARK AVE,41.90599454,-87.79463431
16062080260000,1116 N OAK PARK AVE,41.9062347,-87.7946323
16062080270000,1112 N OAK PARK AVE,41.90611138,-87.79463333
16062080280000,1106 N OAK PARK AVE,41.90588429,-87.79466167
16062080300000,1138 N OAK PARK AVE,41.90692318,-87.79470462
16062090010000,1140 N EUCLID AVE,41.90704726,-87.79348607
16062090020000,1136 N EUCLID AVE,41.90694337,-87.79348694
16062090030000,1132 N EUCLID AVE,41.90680045,-87.79345349
16062090040000,1126 N EUCLID AVE,41.90665762,-87.79343767
16062090050000,1124 N EUCLID AVE,41.9064953,-87.79346488
16062090060000,1122 N EUCLID AVE,41.90636538,-87.79344013
16062090110000,1141 N LINDEN AVE,41.90704433,-87.79286252
16062090120000,1137 N LINDEN AVE,41.90695339,-87.79286329
16062090160000,1121 N LINDEN AVE,41.90640168,-87.79284152
16062090170000,1117 N LINDEN AVE,41.90627172,-87.79280796
16062090180000,1113 N LINDEN AVE,41.90611593,-87.79284393
16062090190000,1109 N LINDEN AVE,41.90599256,-87.79283616
16062090200000,1101 N LINDEN AVE,41.90579151,-87.79283785
16062090230000,1108 N EUCLID AVE,41.90598906,-87.79346914
16062090260000,1100 N EUCLID AVE,41.90575501,-87.793393
16062090270000,1116 N EUCLID AVE,41.90626158,-87.79340577
16062090280000,1112 N EUCLID AVE,41.90612526,-87.79345037
16062090290000,1133 N LINDEN AVE,41.90681715,-87.79287266
16062090300000,1125 N LINDEN AVE,41.90652496,-87.79283167
16062100010000,1140 N LINDEN AVE,41.90707378,-87.79223922
16062100020000,1136 N LINDEN AVE,41.90697022,-87.79225772
16062100030000,1132 N LINDEN AVE,41.9068143,-87.79226784
16062100040000,1128 N LINDEN AVE,41.90667795,-87.79225138
16062100050000,1124 N LINDEN AVE,41.9065545,-87.79222658
16062100060000,1120 N LINDEN AVE,41.90640552,-87.7922801
16062100070000,1116 N LINDEN AVE,41.90628203,-87.79224591
16062100080000,1112 N LINDEN AVE,41.90613259,-87.79225598
16062100110000,1104 N LINDEN AVE,41.90588587,-87.79224103
16062100120000,1100 N LINDEN AVE,41.90578181,-87.7921544
16062100130000,1141 COLUMBIAN AVE,41.9070784,-87.7917033
16062100140000,1137 COLUMBIAN AVE,41.90697447,-87.79164309
16062100150000,1133 COLUMBIAN AVE,41.90683795,-87.79164425
16062100160000,1129 COLUMBIAN AVE,41.90670167,-87.7916454
16062100170000,1125 COLUMBIAN AVE,41.90655891,-87.79164661
16062100180000,1121 COLUMBIAN AVE,41.90640964,-87.79163906
16062100190000,1117 COLUMBIAN AVE,41.90626701,-87.79166669
16062100300000,1108 N LINDEN AVE,41.90602247,-87.79225691
16062100310000,1111 COLUMBIAN AVE,41.90598073,-87.79168072
16062110010000,1140 COLUMBIAN AVE,41.9070323,-87.79106955
16062110020000,1134 COLUMBIAN AVE,41.90689611,-87.79108832
16062110030000,1130 COLUMBIAN AVE,41.90675971,-87.79106305
16062110040000,1126 COLUMBIAN AVE,41.90663634,-87.79105587
16062110050000,1122 COLUMBIAN AVE,41.9065065,-87.79104816
16062110060000,1118 COLUMBIAN AVE,41.90636379,-87.79105818
16062110070000,1114 COLUMBIAN AVE,41.90621419,-87.79103301
16062110080000,1110 COLUMBIAN AVE,41.90607787,-87.79102536
16062110090000,1106 COLUMBIAN AVE,41.9059545,-87.79101759
16062110100000,1100 COLUMBIAN AVE,41.90580499,-87.79095837
16062110110000,1141 N EAST AVE,41.90705247,-87.79046839
16062110120000,1135 N EAST AVE,41.90692259,-87.79045246
16062110130000,1131 N EAST AVE,41.90678623,-87.79043599
16062110140000,1127 N EAST AVE,41.90665643,-87.79043709
16062110150000,1123 N EAST AVE,41.90652011,-87.79042944
16062110160000,1119 N EAST AVE,41.90638379,-87.79042178
16062110170000,1115 N EAST AVE,41.90624751,-87.79042294
16062110180000,1111 N EAST AVE,41.906098,-87.79041598
16062110190000,1107 N EAST AVE,41.90595528,-87.79042541
16062110200000,1101 N EAST AVE,41.90581315,-87.7904167
16062120010000,1140 N EAST AVE,41.90706898,-87.78985098
16062120020000,1134 N EAST AVE,41.90691319,-87.78983468
16062120030000,1130 N EAST AVE,41.90678978,-87.78981869
16062120040000,1126 N EAST AVE,41.90665347,-87.78981104
16062120050000,1122 N EAST AVE,41.90651715,-87.78980339
16062120060000,1118 N EAST AVE,41.90637431,-87.78978698
16062120070000,1114 N EAST AVE,41.90624455,-87.78979689
16062120080000,1110 N EAST AVE,41.90611442,-87.78978096
16062120090000,1106 N EAST AVE,41.9059649,-87.78972115
16062120100000,1100 N EAST AVE,41.90583511,-87.78972225
16062120110000,1141 FAIR OAKS AVE,41.90708051,-87.7890575
16062120120000,1135 FAIR OAKS AVE,41.90694382,-87.78902401
16062120130000,1131 FAIR OAKS AVE,41.90681377,-87.78897284
16062120140000,1127 FAIR OAKS AVE,41.9066777,-87.78901746
16062120150000,1123 FAIR OAKS AVE,41.90652826,-87.78897526
16062120160000,1119 FAIR OAKS AVE,41.90640494,-87.78897631
16062120170000,1115 FAIR OAKS AVE,41.90626223,-87.78898633
16062120180000,1111 FAIR OAKS AVE,41.90614539,-87.78898733
16062120190000,1107 FAIR OAKS AVE,41.90600907,-87.78897968
16062120200000,1101 FAIR OAKS AVE,41.90586619,-87.78900673
16062130010000,1140 FAIR OAKS AVE,41.90709075,-87.78834441
16062130020000,1132 FAIR OAKS AVE,41.90696755,-87.7883713
16062130030000,1128 FAIR OAKS AVE,41.9068268,-87.78837576
16062130040000,1124 FAIR OAKS AVE,41.90663577,-87.78837009
16062130050000,1120 FAIR OAKS AVE,41.90647316,-87.78833682
16062130060000,1116 FAIR OAKS AVE,41.90635887,-87.78835063
16062130070000,1112 FAIR OAKS AVE,41.90620287,-87.78834315
16062130080000,1108 FAIR OAKS AVE,41.90607286,-87.78830079
16062130090000,1104 FAIR OAKS AVE,41.90594319,-87.78832774
16062130100000,1100 FAIR OAKS AVE,41.90580039,-87.78832014
16062130110000,1141 N ELMWOOD AVE,41.9071349,-87.78762222
16062130120000,1135 N ELMWOOD AVE,41.90704397,-87.78762299
16062130130000,1133 N ELMWOOD AVE,41.9069206,-87.78761523
16062130140000,1129 N ELMWOOD AVE,41.90681667,-87.78760731
16062130150000,1127 N ELMWOOD AVE,41.90669983,-87.7876083
16062130160000,1125 N ELMWOOD AVE,41.90658934,-87.7875834
16062130170000,1121 N ELMWOOD AVE,41.90647914,-87.78756672
16062130180000,1117 N ELMWOOD AVE,41.90635598,-87.78760242
16062130190000,1113 N ELMWOOD AVE,41.90620634,-87.78756904
16062130200000,1109 N ELMWOOD AVE,41.90608941,-87.78755242
16062130230000,1101 N ELMWOOD AVE,41.90592735,-87.78758023
16062140010000,1140 N ELMWOOD AVE,41.90712741,-87.78693914
16062140020000,1136 N ELMWOOD AVE,41.90702996,-87.78693116
16062140030000,1132 N ELMWOOD AVE,41.90692611,-87.78694086
16062140040000,1128 N ELMWOOD AVE,41.90680927,-87.78694186
16062140050000,1124 N ELMWOOD AVE,41.90669238,-87.78693404
16062140060000,1122 N ELMWOOD AVE,41.90659518,-87.78692606
16062140070000,1120 N ELMWOOD AVE,41.90649129,-87.78692695
16062140080000,1116 N ELMWOOD AVE,41.90636801,-87.78693681
16062140090000,1112 N ELMWOOD AVE,41.90621209,-87.78694695
16062140100000,1108 N ELMWOOD AVE,41.90607577,-87.7869393
16062140110000,1104 N ELMWOOD AVE,41.90593933,-87.78690581
16062140120000,1100 N ELMWOOD AVE,41.90580953,-87.78690692
16062140130000,1141 ROSSELL AVE,41.90713859,-87.78630543
16062140140000,1137 ROSSELL AVE,41.90704068,-87.78632203
16062140150000,1133 ROSSELL AVE,41.90693028,-87.78631475
16062140160000,1129 ROSSELL AVE,41.90682651,-87.7862892
16062140170000,1125 ROSSELL AVE,41.9067161,-87.78628134
16062140180000,1123 ROSSELL AVE,41.90661217,-87.786274
16062140190000,1121 ROSSELL AVE,41.90650164,-87.7862397
16062140200000,1117 ROSSELL AVE,41.90639119,-87.78622362
16062140210000,1115 ROSSELL AVE,41.90623548,-87.78622495
16062140220000,1111 ROSSELL AVE,41.90609929,-87.78629541
16062140230000,1105 ROSSELL AVE,41.90594989,-87.78626203
16062140240000,1101 ROSSELL AVE,41.90582657,-87.78626309
16062150010000,1140 ROSSELL AVE,41.90714745,-87.78570546
16062150020000,1134 ROSSELL AVE,41.90705664,-87.7856804
16062150030000,1132 ROSSELL AVE,41.90695264,-87.78565761
16062150040000,1130 ROSSELL AVE,41.90683571,-87.78564158
16062150050000,1126 ROSSELL AVE,41.90671882,-87.78563377
16062150060000,1124 ROSSELL AVE,41.90660846,-87.78563471
16062150070000,1120 ROSSELL AVE,41.90649166,-87.78564452
16062150080000,1116 ROSSELL AVE,41.90635554,-87.78568033
16062150090000,1112 ROSSELL AVE,41.90623189,-87.7856115
16062150100000,1108 ROSSELL AVE,41.906115,-87.78560369
16062150110000,1104 ROSSELL AVE,41.90597873,-87.78560485
16062150120000,1100 ROSSELL AVE,41.90584868,-87.78560596
16062150130000,1141 EDMER AVE,41.90715709,-87.78501171
16062150140000,1137 EDMER AVE,41.90706018,-87.78506438
16062150150000,1133 EDMER AVE,41.9069505,-87.78506947
16062150160000,1131 EDMER AVE,41.90683963,-87.78496587
16062150170000,1127 EDMER AVE,41.90673587,-87.78499319
16062150180000,1125 EDMER AVE,41.90663202,-87.7850023
16062150190000,1121 EDMER AVE,41.90651518,-87.7850033
16062150200000,1117 EDMER AVE,41.90638517,-87.78496095
16062150210000,1115 EDMER AVE,41.90627497,-87.78499714
16062150220000,1111 EDMER AVE,41.90611897,-87.78493739
16062150230000,1107 EDMER AVE,41.90597585,-87.78491278
16062150240000,1101 EDMER AVE,41.90585921,-87.78495723
16062160010000,1048 N OAK PARK AVE,41.90541029,-87.79463444
16062160020000,1044 N OAK PARK AVE,41.90526754,-87.79463564
16062160030000,1040 N OAK PARK AVE,41.90515057,-87.79461078
16062160040000,1036 N OAK PARK AVE,41.90501621,-87.79464769
16062160050000,1032 N OAK PARK AVE,41.90484044,-87.79466879
16062160060000,1030 N OAK PARK AVE,41.90469741,-87.79464067
16062160070000,1024 N OAK PARK AVE,41.90456916,-87.79463684
16062160080000,1020 N OAK PARK AVE,41.90446657,-87.79463771
16062160090000,1016 N OAK PARK AVE,41.90431622,-87.79460952
16062160100000,1012 N OAK PARK AVE,41.90415829,-87.79452742
16062160110000,1008 N OAK PARK AVE,41.90402676,-87.79460705
16062160120000,1004 N OAK PARK AVE,41.90390959,-87.79462276
16062160130000,1000 N OAK PARK AVE,41.90378119,-87.79458948
16062160150000,1041 N EUCLID AVE,41.9051416,-87.79407918
16062160160000,1037 N EUCLID AVE,41.90502482,-87.79405476
16062160170000,1033 N EUCLID AVE,41.9048746,-87.79405602
16062160180000,1029 N EUCLID AVE,41.90473533,-87.79404726
16062160190000,1025 N EUCLID AVE,41.90460346,-87.79405327
16062160200000,1021 N EUCLID AVE,41.90446412,-87.79402991
16062160210000,1017 N EUCLID AVE,41.90433211,-87.79400648
16062160220000,1011 N EUCLID AVE,41.90417478,-87.79405197
16062160230000,1009 N EUCLID AVE,41.90404625,-87.79398925
16062160240000,1005 N EUCLID AVE,41.90392177,-87.79400993
16062160250000,1001 N EUCLID AVE,41.90379008,-87.79405521
16062160260000,1049 N EUCLID AVE,41.90542711,-87.79407678
16062160270000,1045 N EUCLID AVE,41.90527759,-87.79401755
16062170010000,1048 N EUCLID AVE,41.90539573,-87.79345766
16062170020000,1044 N EUCLID AVE,41.90530043,-87.79344865
16062170030000,1040 N EUCLID AVE,41.90513547,-87.7934309
16062170040000,1036 N EUCLID AVE,41.90502157,-87.79336316
16062170050000,1032 N EUCLID AVE,41.90487861,-87.79334963
16062170060000,1028 N EUCLID AVE,41.90475771,-87.79335065
16062170070000,1024 N EUCLID AVE,41.90460351,-87.79332238
16062170080000,1020 N EUCLID AVE,41.90447205,-87.79341674
16062170090000,1016 N EUCLID AVE,41.90434359,-87.79336874
16062170100000,1012 N EUCLID AVE,41.90421183,-87.7933993
16062170110000,1008 N EUCLID AVE,41.90405065,-87.79340556
16062170120000,1004 N EUCLID AVE,41.90392606,-87.79340171
16062170130000,1000 N EUCLID AVE,41.90381937,-87.79330936
16062170140000,1047 N LINDEN AVE,41.90540761,-87.79286849
16062170150000,1045 N LINDEN AVE,41.90530118,-87.79283012
16062170160000,1043 N LINDEN AVE,41.90517283,-87.79280667
16062170170000,1037 N LINDEN AVE,41.90502264,-87.79281284
16062170180000,1033 N LINDEN AVE,41.90489068,-87.79279923
16062170190000,1029 N LINDEN AVE,41.90474781,-87.79280534
16062170200000,1025 N LINDEN AVE,41.90461594,-87.79281174
16062170210000,1021 N LINDEN AVE,41.90448395,-87.79279322
16062170220000,1017 N LINDEN AVE,41.90432996,-87.79276998
16062170230000,1015 N LINDEN AVE,41.90418343,-87.79277612
16062170240000,1009 N LINDEN AVE,41.90405154,-87.79277724
16062170250000,1005 N LINDEN AVE,41.90392331,-87.79277832
16062170260000,1001 N LINDEN AVE,41.90382098,-87.79283316
16062180010000,1034 N LINDEN AVE,41.90455689,-87.79211557
16062180050000,1004 N LINDEN AVE,41.90392793,-87.79220357
16062180060000,1000 N LINDEN AVE,41.90384331,-87.79213067
16062180070000,1025 COLUMBIAN AVE,41.90539562,-87.79187782
16062180080000,1017 COLUMBIAN AVE,41.90433547,-87.79160641
16062180090000,1013 COLUMBIAN AVE,41.90421097,-87.79162218
16062180100000,1007 COLUMBIAN AVE,41.90407145,-87.79155957
16062180120000,1001 COLUMBIAN AVE,41.90384453,-87.79161056
16062190060000,1030 COLUMBIAN AVE,41.90478686,-87.7909842
16062190070000,1024 COLUMBIAN AVE,41.90464392,-87.7909756
16062190080000,1020 COLUMBIAN AVE,41.90450074,-87.79091301
16062190090000,1016 COLUMBIAN AVE,41.90438732,-87.79094833
16062190100000,1010 COLUMBIAN AVE,41.90423344,-87.79094963
16062190110000,1008 COLUMBIAN AVE,41.90410894,-87.7909654
16062190120000,1004 COLUMBIAN AVE,41.90398046,-87.7909125
16062190130000,1000 COLUMBIAN AVE,41.90385223,-87.79091359
16062190140000,1049 N EAST AVE,41.90544918,-87.79046015
16062190150000,1045 N EAST AVE,41.90533193,-87.79037423
16062190160000,1041 N EAST AVE,41.90519565,-87.79037538
16062190170000,1037 N EAST AVE,41.9050404,-87.79036367
16062190180000,1033 N EAST AVE,41.90493048,-87.7903646
16062190190000,1029 N EAST AVE,41.90478396,-87.79037075
16062190200000,1025 N EAST AVE,41.90465934,-87.79036199
16062190210000,1021 N EAST AVE,41.90451975,-87.79034329
16062190220000,1015 N EAST AVE,41.90438083,-87.79034963
16062190230000,1013 N EAST AVE,41.90423794,-87.79035084
16062190240000,1009 N EAST AVE,41.90410973,-87.79035683
16062190250000,1005 N EAST AVE,41.90398892,-87.79037749
16062190260000,1003 N EAST AVE,41.90384599,-87.79036888
16062190290000,1032 COLUMBIAN AVE,41.90491502,-87.7909684
16062200010000,1048 N EAST AVE,41.90546426,-87.78973018
16062200020000,1044 N EAST AVE,41.90535866,-87.78979215
16062200030000,1040 N EAST AVE,41.90520278,-87.78975824
16062200040000,1036 N EAST AVE,41.90507782,-87.78977416
16062200050000,1032 N EAST AVE,41.90494926,-87.78970654
16062200060000,1028 N EAST AVE,41.90480661,-87.78975683
16062200070000,1024 N EAST AVE,41.90467828,-87.78971828
16062200080000,1020 N EAST AVE,41.90453906,-87.78971946
16062200090000,1016 N EAST AVE,41.90437067,-87.78975034
16062200100000,1012 N EAST AVE,41.90424988,-87.7897759
16062200110000,1008 N EAST AVE,41.90411432,-87.78977705
16062200120000,1004 N EAST AVE,41.9039786,-87.78974385
16062200130000,1000 N EAST AVE,41.90385762,-87.78973015
16062200140000,1047 FAIR OAKS AVE,41.90544435,-87.78901083
16062200150000,1043 FAIR OAKS AVE,41.90530485,-87.78895312
16062200160000,1037 FAIR OAKS AVE,41.90513263,-87.78894967
16062200190000,1029 FAIR OAKS AVE,41.90480282,-87.78893775
16062200200000,1025 FAIR OAKS AVE,41.90465636,-87.78895825
16062200210000,1021 FAIR OAKS AVE,41.90453919,-87.78897397
16062200220000,1015 FAIR OAKS AVE,41.90439978,-87.78893589
16062200230000,1013 FAIR OAKS AVE,41.90425321,-87.78893223
16062200240000,1009 FAIR OAKS AVE,41.90412866,-87.7889382
16062200250000,1005 FAIR OAKS AVE,41.90401513,-87.78894898
16062200260000,1001 FAIR OAKS AVE,41.90388679,-87.78892553
16062200270000,1033 FAIR OAKS AVE,41.90497504,-87.78894119
16062210030000,1036 FAIR OAKS AVE,41.90507765,-87.78825297
16062210040000,1032 FAIR OAKS AVE,41.90493476,-87.78825418
16062210050000,1028 FAIR OAKS AVE,41.90482104,-87.7882257
16062210060000,1024 FAIR OAKS AVE,41.90466716,-87.78822701
16062210070000,1020 FAIR OAKS AVE,41.90452418,-87.7882086
16062210080000,1016 FAIR OAKS AVE,41.90440358,-87.78827342
16062210090000,1010 FAIR OAKS AVE,41.90426779,-87.7882255
16062210100000,1008 FAIR OAKS AVE,41.90412878,-87.78827086
16062210120000,1049 N ELMWOOD AVE,41.90548808,-87.78749844
16062210130000,1045 N ELMWOOD AVE,41.90538183,-87.78749935
16062210140000,1041 N ELMWOOD AVE,41.90524252,-87.7874809
16062210150000,1037 N ELMWOOD AVE,41.90511415,-87.78745255
16062210160000,1033 N ELMWOOD AVE,41.90496764,-87.78746361
16062210170000,1029 N ELMWOOD AVE,41.90487238,-87.78746442
16062210180000,1027 N ELMWOOD AVE,41.90474795,-87.78749443
16062210190000,1023 N ELMWOOD AVE,41.90462334,-87.78748568
16062210200000,1021 N ELMWOOD AVE,41.90449877,-87.78748674
16062210210000,1019 N ELMWOOD AVE,41.90438149,-87.78747792
16062210220000,1015 N ELMWOOD AVE,41.90427512,-87.78745429
16062210230000,1009 N ELMWOOD AVE,41.90413951,-87.78744563
16062210240000,1005 N ELMWOOD AVE,41.90402582,-87.78742206
16062210250000,1003 N ELMWOOD AVE,41.90389763,-87.78743297
16062210260000,1004 FAIR OAKS AVE,41.90401877,-87.78825216
16062210270000,1000 FAIR OAKS AVE,41.90390148,-87.78824334
16062210280000,1046 FAIR OAKS AVE,41.90547339,-87.78818102
16062210290000,1044 FAIR OAKS AVE,41.9053086,-87.78828045
16062220010000,1048 N ELMWOOD AVE,41.90550345,-87.78688418
16062220020000,1044 N ELMWOOD AVE,41.90541176,-87.78686533
16062220030000,1040 N ELMWOOD AVE,41.90529468,-87.78690069
16062220040000,461 GREENFIELD ST,41.90541757,-87.78654702
16062220050000,459 GREENFIELD ST,41.90542789,-87.7864046
16062220060000,455 GREENFIELD ST,41.90543092,-87.78627206
16062220070000,451 GREENFIELD ST,41.9054337,-87.78608554
16062220080000,447 GREENFIELD ST,41.90544373,-87.78588423
16062220090000,443 GREENFIELD ST,41.90546116,-87.78569758
16062220100000,439 GREENFIELD ST,41.90544953,-87.78556517
16062220110000,437 GREENFIELD ST,41.9054489,-87.78543266
16062220120000,433 GREENFIELD ST,41.90545196,-87.78530503
16062220130000,431 GREENFIELD ST,41.90546969,-87.78518218
16062220140000,427 GREENFIELD ST,41.90547281,-87.78506927
16062220150000,425 GREENFIELD ST,41.90547225,-87.78495149
16062220170000,1030 N ELMWOOD AVE,41.90500936,-87.78699686
16062220180000,464 LENOX ST,41.90500502,-87.78685457
16062220190000,460 LENOX ST,41.90500436,-87.78671716
16062220200000,456 LENOX ST,41.90500366,-87.78656993
16062220210000,452 LENOX ST,41.90500298,-87.78642761
16062220220000,448 LENOX ST,41.9049736,-87.78627962
16062220230000,446 LENOX ST,41.90496891,-87.78606372
16062220240000,442 LENOX ST,41.90496438,-87.78588217
16062220250000,438 LENOX ST,41.9049779,-87.78572084
16062220260000,434 LENOX ST,41.90497701,-87.78553435
16062220270000,430 LENOX ST,41.90497976,-87.78534292
16062220280000,426 LENOX ST,41.90498948,-87.78513205
16062220290000,422 LENOX ST,41.90498516,-87.78499467
16062220300000,418 LENOX ST,41.90498427,-87.78480818
16062220310000,414 LENOX ST,41.90499432,-87.78461178
16062220320000,410 LENOX ST,41.9050008,-87.78443504
16062220330000,408 LENOX ST,41.90500022,-87.78431234
16062220350000,423 GREENFIELD ST,41.90547164,-87.78482388
16062220360000,419 GREENFIELD ST,41.90547567,-87.78467074
16062220380000,402 LENOX ST,41.90501014,-87.78414477
16062230010000,463 LENOX ST,41.9044411,-87.78692368
16062230020000,459 LENOX ST,41.90445123,-87.78674201
16062230030000,455 LENOX ST,41.90443587,-87.7865949
16062230040000,451 LENOX ST,41.90443125,-87.78639372
16062230050000,447 LENOX ST,41.90443039,-87.78621301
16062230060000,443 LENOX ST,41.90443314,-87.78602158
16062230070000,439 LENOX ST,41.90442497,-87.78584497
16062230080000,435 LENOX ST,41.90444604,-87.78565339
16062230090000,431 LENOX ST,41.9044343,-87.78549557
16062230100000,427 LENOX ST,41.9044809,-87.78527922
16062230110000,423 LENOX ST,41.90448369,-87.78509761
16062230120000,419 LENOX ST,41.90448278,-87.78490621
16062230130000,417 LENOX ST,41.90451094,-87.78466549
16062230140000,411 LENOX ST,41.90448821,-87.78450864
16062230150000,407 LENOX ST,41.90448739,-87.78433687
16062230160000,1015 N RIDGELAND AVE,41.90451554,-87.7842079
16062230170000,1000 N ELMWOOD AVE,41.90399312,-87.78686167
16062230180000,452 BERKSHIRE ST,41.90399707,-87.78664356
16062230190000,448 BERKSHIRE ST,41.90396708,-87.7865015
16062230200000,444 BERKSHIRE ST,41.90397005,-87.786373
16062230210000,442 BERKSHIRE ST,41.9039875,-87.78619126
16062230220000,438 BERKSHIRE ST,41.90400871,-87.78602912
16062230230000,432 BERKSHIRE ST,41.90397853,-87.78584779
16062230240000,430 BERKSHIRE ST,41.90398129,-87.78565637
16062230250000,426 BERKSHIRE ST,41.90399862,-87.78545009
16062230260000,422 BERKSHIRE ST,41.90401976,-87.78527323
16062230270000,418 BERKSHIRE ST,41.90398968,-87.78511153
16062230280000,414 BERKSHIRE ST,41.90398876,-87.78492013
16062230290000,410 BERKSHIRE ST,41.90397672,-87.78469939
16062230300000,408 BERKSHIRE ST,41.90400539,-87.78456663
16062230310000,400 BERKSHIRE ST,41.90399368,-87.78441459
16062240010000,948 N OAK PARK AVE,41.90342931,-87.79455784
16062240020000,944 N OAK PARK AVE,41.90328645,-87.79456395
16062240030000,940 N OAK PARK AVE,41.90314912,-87.7945628
16062240040000,936 N OAK PARK AVE,41.90302164,-87.79451199
16062240050000,932 N OAK PARK AVE,41.90287242,-87.79454289
16062240060000,928 N OAK PARK AVE,41.90275072,-87.79454392
16062240070000,924 N OAK PARK AVE,41.90261248,-87.7945599
16062240080000,920 N OAK PARK AVE,41.90246309,-87.79455374
16062240090000,916 N OAK PARK AVE,41.90231376,-87.79456241
16062240100000,912 N OAK PARK AVE,41.90219759,-87.79456339
16062240110000,908 N OAK PARK AVE,41.90205362,-87.79453495
16062240120000,904 N OAK PARK AVE,41.90190975,-87.79452875
16062240130000,949 N EUCLID AVE,41.9034598,-87.79402767
16062240140000,945 N EUCLID AVE,41.90331309,-87.79399455
16062240150000,941 N EUCLID AVE,41.90315755,-87.79400217
16062240160000,937 N EUCLID AVE,41.90302493,-87.79403293
16062240170000,933 N EUCLID AVE,41.90289752,-87.79399695
16062240180000,929 N EUCLID AVE,41.90274822,-87.79401303
16062240190000,925 N EUCLID AVE,41.90261336,-87.79398452
16062240200000,921 N EUCLID AVE,41.9024585,-87.79399324
16062240210000,915 N EUCLID AVE,41.90233679,-87.79399426
16062240220000,911 N EUCLID AVE,41.90220392,-87.79397315
16062240230000,907 N EUCLID AVE,41.90207115,-87.79397427
16062240240000,901 N EUCLID AVE,41.90189998,-87.79404239
16062250010000,948 N EUCLID AVE,41.90343877,-87.79335511
16062250020000,944 N EUCLID AVE,41.90331585,-87.79338506
16062250030000,940 N EUCLID AVE,41.90319481,-87.79336215
16062250040000,938 N EUCLID AVE,41.90304095,-87.79337265
16062250050000,930 N EUCLID AVE,41.90290215,-87.79337198
16062250060000,928 N EUCLID AVE,41.9027561,-87.79333432
16062250070000,924 N EUCLID AVE,41.9025901,-87.79332831
16062250080000,920 N EUCLID AVE,41.9024701,-87.79334846
16062250090000,916 N EUCLID AVE,41.90236493,-87.79333452
16062250100000,912 N EUCLID AVE,41.9022211,-87.79333573
16062250130000,949 N LINDEN AVE,41.90351144,-87.79278869
16062250140000,945 N LINDEN AVE,41.90332328,-87.79277546
16062250150000,941 N LINDEN AVE,41.90318498,-87.79277663
16062250160000,937 N LINDEN AVE,41.90304662,-87.79276297
16062250170000,933 N LINDEN AVE,41.90292484,-87.79274918
16062250180000,929 N LINDEN AVE,41.90276995,-87.79275049
16062250210000,917 N LINDEN AVE,41.90236611,-87.79275436
16062250220000,913 N LINDEN AVE,41.90223871,-87.79271839
16062250230000,909 N LINDEN AVE,41.90210041,-87.79271955
16062250240000,901 N LINDEN AVE,41.90192892,-87.792721
16062250260000,925 N LINDEN AVE,41.90262781,-87.79276866
16062250270000,923 N LINDEN AVE,41.90247682,-87.79276825
16062250280000,908 N EUCLID AVE,41.9020828,-87.7933369
16062250290000,900 N EUCLID AVE,41.90193343,-87.79333816
16062260010000,948 N LINDEN AVE,41.90348613,-87.79211289
16062260020000,942 N LINDEN AVE,41.90332591,-87.79215871
16062260030000,940 N LINDEN AVE,41.90318922,-87.79217494
16062260040000,934 N LINDEN AVE,41.90304355,-87.79217433
16062260050000,930 N LINDEN AVE,41.9029116,-87.79216808
16062260060000,926 N LINDEN AVE,41.9028029,-87.79213771
16062260070000,922 N LINDEN AVE,41.90265853,-87.79212237
16062260080000,918 N LINDEN AVE,41.90250354,-87.7921833
16062260090000,914 N LINDEN AVE,41.90237847,-87.79218068
16062260100000,912 N LINDEN AVE,41.9022361,-87.79216481
16062260110000,908 N LINDEN AVE,41.90208653,-87.79212161
16062260120000,900 N LINDEN AVE,41.90193716,-87.79212287
16062260130000,949 COLUMBIAN AVE,41.90350585,-87.79160357
16062260140000,945 COLUMBIAN AVE,41.90338951,-87.7915675
16062260150000,941 COLUMBIAN AVE,41.90326787,-87.79158335
16062260160000,937 COLUMBIAN AVE,41.90311277,-87.7915402
16062260170000,933 COLUMBIAN AVE,41.90297993,-87.79152651
16062260180000,929 COLUMBIAN AVE,41.90283057,-87.79152777
16062260190000,925 COLUMBIAN AVE,41.90268691,-87.79156603
16062260210000,915 COLUMBIAN AVE,41.90234924,-87.7915218
16062260220000,909 COLUMBIAN AVE,41.90216115,-87.79152339
16062260230000,901 COLUMBIAN AVE,41.90195143,-87.7916289
16062260240000,921 COLUMBIAN AVE,41.9025429,-87.79152757
16062270010000,950 COLUMBIAN AVE,41.90346923,-87.79087721
16062270020000,942 COLUMBIAN AVE,41.90329802,-87.79093794
16062270030000,938 COLUMBIAN AVE,41.90316518,-87.79092424
16062270040000,934 COLUMBIAN AVE,41.90302692,-87.79093282
16062270050000,930 COLUMBIAN AVE,41.90289958,-87.79091167
16062270060000,926 COLUMBIAN AVE,41.90276419,-87.79094275
16062270070000,922 COLUMBIAN AVE,41.90263703,-87.79092532
16062270080000,918 COLUMBIAN AVE,41.90249532,-87.79089811
16062270090000,914 COLUMBIAN AVE,41.90235706,-87.79090669
16062270100000,908 COLUMBIAN AVE,41.90221309,-87.79087827
16062270110000,906 COLUMBIAN AVE,41.90208578,-87.79086453
16062270120000,900 COLUMBIAN AVE,41.90195291,-87.79084342
16062270130000,949 N EAST AVE,41.90351078,-87.79030411
16062270140000,945 N EAST AVE,41.90340018,-87.79031245
16062270150000,943 N EAST AVE,41.90326191,-87.79032103
16062270160000,939 N EAST AVE,41.90314039,-87.79035911
16062270170000,935 N EAST AVE,41.90298079,-87.79034086
16062270180000,929 N EAST AVE,41.9028468,-87.79035156
16062270190000,925 N EAST AVE,41.90266419,-87.79034139
16062270200000,923 N EAST AVE,41.90248206,-87.79035944
16062270210000,915 N EAST AVE,41.90232702,-87.79033111
16062270220000,911 N EAST AVE,41.90221366,-87.79031725
16062270230000,907 N EAST AVE,41.90205582,-87.79030377
16062270240000,901 N EAST AVE,41.90195624,-87.79030461
16062280010000,948 N EAST AVE,41.90353011,-87.78971328
16062280020000,944 N EAST AVE,41.90343597,-87.78969184
16062280030000,940 N EAST AVE,41.90328189,-87.78971539
16062280040000,936 N EAST AVE,41.90312577,-87.78970746
16062280050000,930 N EAST AVE,41.90294346,-87.78971086
16062280060000,926 N EAST AVE,41.9027721,-87.78969566
16062280070000,922 N EAST AVE,41.90265181,-87.78967078
16062280080000,918 N EAST AVE,41.90251088,-87.78966087
16062280090000,912 N EAST AVE,41.90237283,-87.78967685
16062280130000,949 FAIR OAKS AVE,41.90351267,-87.7887802
16062280140000,945 FAIR OAKS AVE,41.90332434,-87.78872993
16062280150000,937 FAIR OAKS AVE,41.90316948,-87.78873866
16062280160000,933 FAIR OAKS AVE,41.90302565,-87.78873988
16062280170000,929 FAIR OAKS AVE,41.90289848,-87.78875578
16062280180000,925 FAIR OAKS AVE,41.90275469,-87.78876441
16062280190000,921 FAIR OAKS AVE,41.90260712,-87.78873077
16062280200000,917 FAIR OAKS AVE,41.90246322,-87.78871717
16062280210000,911 FAIR OAKS AVE,41.90233041,-87.78871089
16062280220000,909 FAIR OAKS AVE,41.90219215,-87.78871948
16062280230000,903 FAIR OAKS AVE,41.90207619,-87.78876492
16062280240000,901 FAIR OAKS AVE,41.90195988,-87.78873627
16062280290000,900 N EAST AVE,41.90195036,-87.78962969
16062280300000,904 N EAST AVE,41.90207193,-87.78966965
16062280310000,910 N EAST AVE,41.90222238,-87.78956043
16062290010000,948 FAIR OAKS AVE,41.90354191,-87.78801885
16062290020000,944 FAIR OAKS AVE,41.90337602,-87.78803508
16062290030000,938 FAIR OAKS AVE,41.90325424,-87.7880213
16062290040000,934 FAIR OAKS AVE,41.90312151,-87.78802984
16062290050000,930 FAIR OAKS AVE,41.90298314,-87.78801619
16062290060000,928 FAIR OAKS AVE,41.90284484,-87.78801737
16062290070000,924 FAIR OAKS AVE,41.90272314,-87.78801841
16062290080000,920 FAIR OAKS AVE,41.90259241,-87.7880365
16062290090000,916 FAIR OAKS AVE,41.90244851,-87.7880229
16062290100000,910 FAIR OAKS AVE,41.90229908,-87.78800935
16062290110000,906 FAIR OAKS AVE,41.90216078,-87.78801053
16062290120000,900 FAIR OAKS AVE,41.90200546,-87.78792293
16062290130000,949 N ELMWOOD AVE,41.90358091,-87.78723076
16062290140000,945 N ELMWOOD AVE,41.90344853,-87.78712883
16062290150000,939 N ELMWOOD AVE,41.90327638,-87.78714011
16062290160000,935 N ELMWOOD AVE,41.90308506,-87.7871261
16062290170000,931 N ELMWOOD AVE,41.90298968,-87.78713648
16062290180000,927 N ELMWOOD AVE,41.90284585,-87.78713771
16062290190000,923 N ELMWOOD AVE,41.90270741,-87.78710925
16062290200000,919 N ELMWOOD AVE,41.90256071,-87.78711312
16062290230000,907 N ELMWOOD AVE,41.90214014,-87.78708707
16062290240000,901 N ELMWOOD AVE,41.90200184,-87.78708825
16062290250000,911 N ELMWOOD AVE,41.9022729,-87.78708594
16062290260000,915 N ELMWOOD AVE,41.90240018,-87.78709226
16063000010000,1145 N HARLEM AVE,41.90123542,-87.80500516
16063000080000,1117 N HARLEM AVE,41.900367,-87.80508689
16063000150000,831 N MARION ST,41.90088105,-87.80423229
16063000160000,827 N MARION ST,41.90074743,-87.8042334
16063000170000,823 N MARION ST,41.90059159,-87.80424214
16063000180000,817 N MARION ST,41.90043021,-87.80425839
16063000190000,815 N MARION ST,41.9002966,-87.80425949
16063000200000,1112 THOMAS ST,41.89989823,-87.80457173
16063000210000,809 N MARION ST,41.9001403,-87.80417129
16063000250000,843 N MARION ST,41.90128738,-87.80421402
16063000270000,841 N MARION ST,41.901176,-87.80420749
16063000280000,837 N MARION ST,41.90107023,-87.80420836
16063000290000,835 N MARION ST,41.90097002,-87.80420919
16063000300000,1125 DIVISION ST,41.90138456,-87.80464947
16063000310000,847 N MARION ST,41.90138759,-87.8042132
16063000320000,805 N MARION ST,41.90000112,-87.80417244
16063000330000,801 N MARION ST,41.89986755,-87.804181
16063000390000,1125 N HARLEM AVE,41.90062366,-87.80503589
16063000450000,1121 N HARLEM AVE,41.90048896,-87.80503461
16063000480000,1135 N HARLEM AVE,41.901048,-87.80497972
16063000491001,1120 THOMAS ST,41.89995974,-87.80495419
16063000500000,1115 N HARLEM AVE,41.90026872,-87.805052
16063000510000,1111 N HARLEM AVE,41.90013932,-87.80504112
16063010010000,846 N MARION ST,41.90142799,-87.80331589
16063010020000,844 N MARION ST,41.90131099,-87.80363963
16063010030000,840 N MARION ST,41.90122752,-87.80364777
16063010040000,838 N MARION ST,41.90111618,-87.80364869
16063010050000,834 N MARION ST,41.9010271,-87.80364943
16063010060000,832 N MARION ST,41.90093232,-87.80362039
16063010070000,828 N MARION ST,41.90083211,-87.80362122
16063010080000,824 N MARION ST,41.90068142,-87.80354044
16063010090000,822 N MARION ST,41.90056482,-87.80360851
16063010100000,818 N MARION ST,41.90044231,-87.80360207
16063010110000,816 N MARION ST,41.90034203,-87.80358798
16063010120000,812 N MARION ST,41.90026169,-87.80359075
16063010130000,810 N MARION ST,41.90012241,-87.80356953
16063010140000,804 N MARION ST,41.9000111,-87.80357791
16063010170000,839 BELLEFORTE AVE,41.90119079,-87.80273262
16063010180000,835 BELLEFORTE AVE,41.90104293,-87.80277689
16063010190000,831 BELLEFORTE AVE,41.90090021,-87.80277807
16063010200000,827 BELLEFORTE AVE,41.90070843,-87.80277966
16063010210000,821 BELLEFORTE AVE,41.90060139,-87.80278054
16063010220000,817 BELLEFORTE AVE,41.90044083,-87.80278187
16063010230000,813 BELLEFORTE AVE,41.90030643,-87.80284517
16063010240000,811 BELLEFORTE AVE,41.90017252,-87.80282238
16063010250000,807 BELLEFORTE AVE,41.90004807,-87.80272297
16063010270000,803 BELLEFORTE AVE,41.89994549,-87.80272382
16063010280000,1045 DIVISION ST,41.90136022,-87.80310765
16063010290000,1041 DIVISION ST,41.90137067,-87.80286992
16063010300000,1037 DIVISION ST,41.90138645,-87.80267877
16063010310000,1050 THOMAS ST,41.89992614,-87.80326331
16063010320000,1046 THOMAS ST,41.89989747,-87.80308458
16063020030000,838 BELLEFORTE AVE,41.90118799,-87.80212688
16063020050000,830 BELLEFORTE AVE,41.90088575,-87.80216049
16063020060000,824 BELLEFORTE AVE,41.90074308,-87.80217362
16063020070000,820 BELLEFORTE AVE,41.90052441,-87.80214556
16063020080000,822 BELLEFORTE AVE,41.90060931,-87.8021807
16063020090000,818 BELLEFORTE AVE,41.90043075,-87.80214633
16063020100000,812 BELLEFORTE AVE,41.90031832,-87.8021377
16063020110000,810 BELLEFORTE AVE,41.90019804,-87.80216856
16063020130000,804 BELLEFORTE AVE,41.90000193,-87.80219889
16063020140000,800 BELLEFORTE AVE,41.89990257,-87.80212801
16063020160000,1015 DIVISION ST,41.9014072,-87.80163386
16063020170000,847 FOREST AVE,41.90146178,-87.80122863
16063020180000,845 FOREST AVE,41.90137863,-87.8012326
16063020190000,841 FOREST AVE,41.90128325,-87.80123667
16063020200000,837 FOREST AVE,41.9011903,-87.80123744
16063020210000,835 FOREST AVE,41.90111243,-87.80121555
16063020220000,833 FOREST AVE,41.90101789,-87.80120725
16063020230000,831 FOREST AVE,41.900904,-87.80121688
16063020240000,827 FOREST AVE,41.90076954,-87.80123438
16063020250000,825 FOREST AVE,41.90065946,-87.80123202
16063020260000,821 FOREST AVE,41.90057915,-87.80120804
16063020270000,819 FOREST AVE,41.9004614,-87.80120409
16063020280000,813 FOREST AVE,41.90033073,-87.80121199
16063020290000,809 FOREST AVE,41.90014305,-87.80119876
16063020320000,803 FOREST AVE,41.89998486,-87.80120008
16063020330000,801 FOREST AVE,41.89989838,-87.80119587
16063020370000,1017 DIVISION ST,41.90142741,-87.80177157
16063020400000,1023 DIVISION ST,41.90138667,-87.80219758
16063020410000,1019 DIVISION ST,41.90140905,-87.80197456
16063020430000,1010 THOMAS ST,41.89991589,-87.8015738
16063020440000,836 BELLEFORTE AVE,41.90110323,-87.80212161
16063020460000,805 FOREST AVE,41.90006212,-87.8012019
16063020470000,1016 THOMAS ST,41.89991305,-87.80173166
16063030010000,846 FOREST AVE,41.9013966,-87.80064551
16063030020000,945 DIVISION ST,41.90145132,-87.8002718
16063030030000,840 FOREST AVE,41.90123525,-87.80066651
16063030040000,834 FOREST AVE,41.90102989,-87.80069115
16063030050000,830 FOREST AVE,41.90091254,-87.80070523
16063030060000,826 FOREST AVE,41.90076326,-87.80069009
16063030070000,822 FOREST AVE,41.90064351,-87.80071402
16063030080000,818 FOREST AVE,41.90051404,-87.8006777
16063030090000,814 FOREST AVE,41.90034462,-87.80063708
16063030120000,802 FOREST AVE,41.89998969,-87.80065481
16063030130000,800 FOREST AVE,41.89990127,-87.80062844
16063030140000,943 DIVISION ST,41.9014213,-87.80012788
16063030150000,941 DIVISION ST,41.90142538,-87.7999542
16063030160000,937 DIVISION ST,41.90141478,-87.79977736
16063030170000,933 DIVISION ST,41.90141643,-87.79960697
16063030180000,837 WOODBINE AVE,41.90118815,-87.79972001
16063030200000,833 WOODBINE AVE,41.90102683,-87.79974756
16063030210000,827 WOODBINE AVE,41.90087244,-87.79968659
16063030220000,825 WOODBINE AVE,41.90076741,-87.79972023
16063030230000,823 WOODBINE AVE,41.90067436,-87.79969807
16063030240000,819 WOODBINE AVE,41.9005961,-87.799702
16063030280000,811 WOODBINE AVE,41.90021904,-87.79969174
16063030290000,807 WOODBINE AVE,41.9001123,-87.7996803
16063030300000,805 WOODBINE AVE,41.90001848,-87.79967862
16063030310000,801 WOODBINE AVE,41.89992476,-87.79969911
16063030320000,808 FOREST AVE,41.90021768,-87.8006332
16063030330000,804 FOREST AVE,41.90006562,-87.80065128
16063030340000,815 WOODBINE AVE,41.90037545,-87.79970275
16063040010000,846 WOODBINE AVE,41.90149442,-87.79910148
16063040020000,842 WOODBINE AVE,41.90137444,-87.79907627
16063040030000,838 WOODBINE AVE,41.90125957,-87.79909688
16063040050000,834 WOODBINE AVE,41.90112255,-87.7990882
16063040060000,830 WOODBINE AVE,41.90100269,-87.7990892
16063040070000,828 WOODBINE AVE,41.90087062,-87.79909357
16063040080000,824 WOODBINE AVE,41.90075804,-87.7990814
16063040090000,820 WOODBINE AVE,41.90066998,-87.79908214
16063040100000,818 WOODBINE AVE,41.90059097,-87.79906819
16063040110000,816 WOODBINE AVE,41.90048047,-87.79903954
16063040140000,810 WOODBINE AVE,41.90028601,-87.79899479
16063040190000,802 WOODBINE AVE,41.89995716,-87.79900775
16063040200000,847 N KENILWORTH AVE,41.90149695,-87.79826976
16063040210000,841 N KENILWORTH AVE,41.90137459,-87.79825768
16063040220000,837 N KENILWORTH AVE,41.90122538,-87.79825892
16063040230000,835 N KENILWORTH AVE,41.90109825,-87.79827309
16063040240000,829 N KENILWORTH AVE,41.90092682,-87.79823192
16063040260000,821 N KENILWORTH AVE,41.90069454,-87.79825352
16063040270000,819 N KENILWORTH AVE,41.9005395,-87.79821918
16063040280000,815 N KENILWORTH AVE,41.90040887,-87.79821288
16063040290000,809 N KENILWORTH AVE,41.90027631,-87.79823269
16063040340000,807 N KENILWORTH AVE,41.9001292,-87.7982413
16063040360000,804 WOODBINE AVE,41.90012226,-87.79903195
16063040370000,803 N KENILWORTH AVE,41.89998924,-87.79818479
16063040380000,912 THOMAS ST,41.89998267,-87.79835485
16063040390000,914 THOMAS ST,41.89997787,-87.79850764
16063050010000,846 N KENILWORTH AVE,41.9015091,-87.79757764
16063050020000,842 N KENILWORTH AVE,41.90137616,-87.79754171
16063050030000,838 N KENILWORTH AVE,41.90123786,-87.79754286
16063050040000,834 N KENILWORTH AVE,41.90110506,-87.79753656
16063050050000,830 N KENILWORTH AVE,41.90096126,-87.79754517
16063050060000,826 N KENILWORTH AVE,41.9008285,-87.79754628
16063050070000,822 N KENILWORTH AVE,41.9006902,-87.79754744
16063050080000,818 N KENILWORTH AVE,41.90052967,-87.79752655
16063050110000,810 N KENILWORTH AVE,41.90026944,-87.79747996
16063050120000,806 N KENILWORTH AVE,41.90013667,-87.79748107
16063050130000,800 N KENILWORTH AVE,41.9000039,-87.79748218
16063050140000,847 N GROVE AVE,41.90154723,-87.79668502
16063050150000,845 N GROVE AVE,41.90146422,-87.79667831
16063050160000,841 N GROVE AVE,41.90136464,-87.79667914
16063050170000,839 N GROVE AVE,41.90124294,-87.79668016
16063050180000,835 N GROVE AVE,41.90112677,-87.79668113
16063050190000,831 N GROVE AVE,41.90097737,-87.79667497
16063050200000,827 N GROVE AVE,41.90085007,-87.79666122
16063050210000,823 N GROVE AVE,41.9007173,-87.79666233
16063050220000,821 N GROVE AVE,41.90060666,-87.79666326
16063050230000,817 N GROVE AVE,41.90051258,-87.79665664
16063050240000,813 N GROVE AVE,41.90033745,-87.79664423
16063050250000,807 N GROVE AVE,41.90019362,-87.79664543
16063050260000,805 N GROVE AVE,41.90009948,-87.79662399
16063050270000,801 N GROVE AVE,41.89999437,-87.79662487
16063050280000,814 N KENILWORTH AVE,41.9003968,-87.79750543
16063060010000,825 DIVISION ST,41.90150748,-87.79604641
16063060020000,842 N GROVE AVE,41.90140791,-87.79604724
16063060030000,838 N GROVE AVE,41.9013028,-87.79604812
16063060040000,836 N GROVE AVE,41.90119769,-87.796049
16063060050000,834 N GROVE AVE,41.90104847,-87.7960799
16063060060000,830 N GROVE AVE,41.90093229,-87.79608087
16063060070000,824 N GROVE AVE,41.90082162,-87.79607439
16063060080000,820 N GROVE AVE,41.90072187,-87.79603817
16063060090000,818 N GROVE AVE,41.9005899,-87.7960118
16063060100000,814 N GROVE AVE,41.90044514,-87.7960118
16063060110000,812 N GROVE AVE,41.90030141,-87.79603429
16063060120000,806 N GROVE AVE,41.90016857,-87.79602058
16063060130000,800 N GROVE AVE,41.90002481,-87.79603661
16063060140000,847 N OAK PARK AVE,41.90151483,-87.79525347
16063060150000,843 N OAK PARK AVE,41.90141526,-87.79525431
16063060160000,839 N OAK PARK AVE,41.90127153,-87.79527775
16063060170000,835 N OAK PARK AVE,41.90111625,-87.79519754
16063060200000,827 N OAK PARK AVE,41.90088121,-87.79522549
16063060210000,823 N OAK PARK AVE,41.90072895,-87.79518597
16063060220000,819 N OAK PARK AVE,41.90058518,-87.795202
16063060230000,815 N OAK PARK AVE,41.90045255,-87.79523275
16063060240000,811 N OAK PARK AVE,41.90029577,-87.79517479
16063060250000,807 N OAK PARK AVE,41.9001685,-87.79516845
16063060260000,803 N OAK PARK AVE,41.9000413,-87.79517692
16063060270000,833 N OAK PARK AVE,41.90097795,-87.7951987
16063070030000,1029 N HARLEM AVE,41.89905647,-87.80505105
16063070040000,1027 N HARLEM AVE,41.8989583,-87.80503992
16063070060000,1021 N HARLEM AVE,41.89876211,-87.80505348
16063070070000,1017 N HARLEM AVE,41.89867283,-87.80503629
16063070080000,1015 N HARLEM AVE,41.89857028,-87.80504311
16063070110000,1111 THOMAS ST,41.89955907,-87.80455372
16063070130000,739 N MARION ST,41.89932235,-87.80417918
16063070160000,725 N MARION ST,41.89891304,-87.80416441
16063070170000,721 N MARION ST,41.89879056,-87.80416542
16063070180000,719 N MARION ST,41.89869578,-87.80413637
16063070190000,717 N MARION ST,41.89857334,-87.80414484
16063070200000,713 N MARION ST,41.8984676,-87.80415317
16063070210000,707 N MARION ST,41.89833955,-87.80415423
16063070220000,1114 AUGUSTA ST,41.89811363,-87.80447822
16063070230000,705 N MARION ST,41.8982325,-87.80413119
16063070240000,703 N MARION ST,41.89813786,-87.80413198
16063070250000,701 N MARION ST,41.89804311,-87.80411039
16063070290000,1031 N HARLEM AVE,41.89915019,-87.80506223
16063070340000,1037 N HARLEM AVE,41.8993088,-87.80513943
16063070370000,1011 N HARLEM AVE,41.89845837,-87.80505681
16063070390000,1013 N HARLEM AVE,41.89845954,-87.80493495
16063070420000,1007 N HARLEM AVE,41.89827678,-87.80509097
16063070450000,1009 N HARLEM AVE,41.89828114,-87.80490141
16063070470000,1001 N HARLEM AVE,41.89810076,-87.80497213
16063070480000,1025 N HARLEM AVE,41.8988648,-87.80507653
16063070490000,741 N MARION ST,41.89943926,-87.80417821
16063070500000,743 N MARION ST,41.89950109,-87.80414838
16063070510000,745 N MARION ST,41.89958515,-87.80417109
16063070520000,731 N MARION ST,41.89904906,-87.80434225
16063070530000,735 N MARION ST,41.89918758,-87.80419942
16063080020000,738 N MARION ST,41.89937072,-87.80354916
16063080030000,734 N MARION ST,41.89917994,-87.80356986
16063080040000,730 N MARION ST,41.8990686,-87.80357078
16063080050000,728 N MARION ST,41.89897396,-87.80357157
16063080060000,724 N MARION ST,41.89886251,-87.80355012
16063080070000,720 N MARION ST,41.89874169,-87.80363815
16063080080000,718 N MARION ST,41.89863429,-87.80355946
16063080090000,714 N MARION ST,41.89853965,-87.80356025
16063080100000,710 N MARION ST,41.89841202,-87.80365078
16063080110000,708 N MARION ST,41.89833359,-87.80354703
16063080130000,1045 THOMAS ST,41.89955814,-87.80302384
16063080140000,747 BELLEFORTE AVE,41.89960264,-87.80265138
16063080150000,743 BELLEFORTE AVE,41.8994956,-87.80265226
16063080160000,739 BELLEFORTE AVE,41.89939307,-87.80266506
16063080170000,735 BELLEFORTE AVE,41.89923437,-87.80267834
16063080180000,731 BELLEFORTE AVE,41.89908296,-87.80272982
16063080190000,725 BELLEFORTE AVE,41.89896698,-87.80272481
16063080200000,721 BELLEFORTE AVE,41.89879272,-87.80266411
16063080210000,719 BELLEFORTE AVE,41.89864122,-87.80269524
16063080240000,711 BELLEFORTE AVE,41.89849853,-87.80270239
16063080250000,709 BELLEFORTE AVE,41.89835416,-87.80272869
16063080260000,746 N MARION ST,41.89959211,-87.80340385
16063080270000,742 N MARION ST,41.89946567,-87.80361549
16063080280000,704 N MARION ST,41.89817351,-87.80350151
16063080290000,1050 AUGUSTA ST,41.89811629,-87.80316642
16063080300000,701 BELLEFORTE AVE,41.89813718,-87.80268502
16063080310000,1040 AUGUSTA ST,41.89813234,-87.80302462
16063090020000,738 BELLEFORTE AVE,41.89935308,-87.80212181
16063090030000,734 BELLEFORTE AVE,41.89924155,-87.80211675
16063090040000,730 BELLEFORTE AVE,41.89905047,-87.80216853
16063090050000,724 BELLEFORTE AVE,41.89889385,-87.80208786
16063090060000,720 BELLEFORTE AVE,41.89879996,-87.80210847
16063090070000,716 BELLEFORTE AVE,41.89864821,-87.80208583
16063090080000,714 BELLEFORTE AVE,41.89849655,-87.80208111
16063090100000,1009 THOMAS ST,41.89962249,-87.80134148
16063090110000,745 FOREST AVE,41.89963326,-87.80113734
16063090130000,741 FOREST AVE,41.89948619,-87.80115077
16063090140000,739 FOREST AVE,41.89938459,-87.80114289
16063090150000,735 FOREST AVE,41.89923566,-87.80117412
16063090160000,731 FOREST AVE,41.89909176,-87.80117149
16063090170000,727 FOREST AVE,41.8989485,-87.80116395
16063090180000,723 FOREST AVE,41.89879655,-87.80118017
16063090190000,719 FOREST AVE,41.89865818,-87.80115742
16063090200000,715 FOREST AVE,41.89852884,-87.8011585
16063090210000,1028 AUGUSTA ST,41.89816961,-87.80217343
16063090220000,1024 AUGUSTA ST,41.89819133,-87.8020478
16063090230000,1022 AUGUSTA ST,41.89818621,-87.80190447
16063090240000,1018 AUGUSTA ST,41.8981856,-87.80177305
16063090250000,1016 AUGUSTA ST,41.89815477,-87.80166699
16063090310000,701 FOREST AVE,41.8981461,-87.80114615
16063090320000,1017 THOMAS ST,41.89959334,-87.80199436
16063090330000,740 BELLEFORTE AVE,41.89948693,-87.80213264
16063090340000,1012 AUGUSTA ST,41.89816738,-87.80149962
16063090350000,703 FOREST AVE,41.89823976,-87.80114537
16063090360000,705 FOREST AVE,41.89834683,-87.80115046
16063090370000,1011 THOMAS ST,41.89960836,-87.80152374
16063100020000,951 THOMAS ST,41.89964668,-87.80023427
16063100030000,738 FOREST AVE,41.89939602,-87.80059011
16063100040000,734 FOREST AVE,41.89925027,-87.80059481
16063100050000,730 FOREST AVE,41.89913392,-87.80067887
16063100060000,726 FOREST AVE,41.89896768,-87.80059891
16063100090000,710 FOREST AVE,41.89854312,-87.80058126
16063100100000,708 FOREST AVE,41.89840035,-87.8005705
16063100120000,945 THOMAS ST,41.89967558,-87.80001995
16063100130000,745 WOODBINE AVE,41.899669,-87.79965432
16063100140000,741 WOODBINE AVE,41.89955759,-87.79967317
16063100150000,737 WOODBINE AVE,41.89945052,-87.79966809
16063100170000,733 WOODBINE AVE,41.89927653,-87.79965759
16063100180000,731 WOODBINE AVE,41.89918188,-87.79963688
16063100200000,725 WOODBINE AVE,41.89899979,-87.7996121
16063100210000,723 WOODBINE AVE,41.89886153,-87.79961325
16063100230000,719 WOODBINE AVE,41.89871884,-87.79962042
16063100240000,715 WOODBINE AVE,41.89860723,-87.79959745
16063100250000,711 WOODBINE AVE,41.89851357,-87.79959823
16063100260000,709 WOODBINE AVE,41.89841545,-87.79959905
16063100270000,707 WOODBINE AVE,41.89829952,-87.79960599
16063100280000,703 WOODBINE AVE,41.89816319,-87.79963461
16063100290000,720 FOREST AVE,41.89882867,-87.80060278
16063100300000,718 FOREST AVE,41.89869473,-87.80057403
16063100310000,746 FOREST AVE,41.8996435,-87.80060898
16063100320000,740 FOREST AVE,41.89951194,-87.80059787
16063100350000,950 AUGUSTA ST,41.89813378,-87.80015476
16063100360000,704 FOREST AVE,41.89822988,-87.80054922
16063100380000,952 AUGUSTA ST,41.89813728,-87.80029579
16063110010000,742 WOODBINE AVE,41.8996792,-87.7989696
16063110020000,740 WOODBINE AVE,41.89956319,-87.79895862
16063110030000,915 THOMAS ST,41.89969241,-87.7986896
16063110040000,738 WOODBINE AVE,41.89945163,-87.7989476
16063110050000,734 WOODBINE AVE,41.89932675,-87.79894864
16063110060000,730 WOODBINE AVE,41.89919738,-87.79894375
16063110070000,726 WOODBINE AVE,41.89907251,-87.79894479
16063110080000,722 WOODBINE AVE,41.89895197,-87.7989219
16063110090000,720 WOODBINE AVE,41.89882699,-87.79889905
16063110100000,716 WOODBINE AVE,41.89872452,-87.79892379
16063110110000,714 WOODBINE AVE,41.89860848,-87.79890684
16063110120000,708 WOODBINE AVE,41.89842997,-87.79888444
16063110130000,706 WOODBINE AVE,41.89830971,-87.79892128
16063110140000,700 WOODBINE AVE,41.89818037,-87.79892236
16063110150000,745 N KENILWORTH AVE,41.8996808,-87.79815952
16063110160000,741 N KENILWORTH AVE,41.89955592,-87.79816056
16063110170000,737 N KENILWORTH AVE,41.89941306,-87.79813188
16063110180000,733 N KENILWORTH AVE,41.89926619,-87.79819882
16063110190000,729 N KENILWORTH AVE,41.89910981,-87.79814039
16063110200000,725 N KENILWORTH AVE,41.89901274,-87.79817468
16063110210000,723 N KENILWORTH AVE,41.8989057,-87.79817557
16063110220000,719 N KENILWORTH AVE,41.89877978,-87.79814314
16063110230000,715 N KENILWORTH AVE,41.89864598,-87.79814426
16063110240000,711 N KENILWORTH AVE,41.89849872,-87.79812757
16063110250000,707 N KENILWORTH AVE,41.898356,-87.79812876
16063110270000,701 N KENILWORTH AVE,41.8982135,-87.79817774
16063120010000,744 N KENILWORTH AVE,41.89970833,-87.79748302
16063120020000,742 N KENILWORTH AVE,41.89966915,-87.79748734
16063120050000,736 N KENILWORTH AVE,41.89944014,-87.79749358
16063120060000,732 N KENILWORTH AVE,41.89931601,-87.7974994
16063120070000,730 N KENILWORTH AVE,41.89922528,-87.79750016
16063120080000,726 N KENILWORTH AVE,41.89907751,-87.79750139
16063120090000,724 N KENILWORTH AVE,41.89894262,-87.79748169
16063120100000,722 N KENILWORTH AVE,41.89883545,-87.79746419
16063120110000,716 N KENILWORTH AVE,41.89873174,-87.79744145
16063120120000,712 N KENILWORTH AVE,41.8985797,-87.79746124
16063120130000,708 N KENILWORTH AVE,41.89845549,-87.7975177
16063120140000,706 N KENILWORTH AVE,41.89837201,-87.79743443
16063120150000,704 N KENILWORTH AVE,41.89827877,-87.79745837
16063120160000,700 N KENILWORTH AVE,41.89818886,-87.79745449
16063120170000,745 N GROVE AVE,41.89972879,-87.79659053
16063120180000,741 N GROVE AVE,41.8996227,-87.79663309
16063120190000,739 N GROVE AVE,41.89951619,-87.79658537
16063120200000,735 N GROVE AVE,41.89937376,-87.79661781
16063120210000,731 N GROVE AVE,41.89926746,-87.79661523
16063120220000,729 N GROVE AVE,41.89915095,-87.79664745
16063120230000,725 N GROVE AVE,41.89901615,-87.79664858
16063120240000,721 N GROVE AVE,41.89886828,-87.79662552
16063120250000,717 N GROVE AVE,41.89876894,-87.79662162
16063120260000,715 N GROVE AVE,41.89865139,-87.7966226
16063120270000,711 N GROVE AVE,41.89851651,-87.79661447
16063120300000,740 N KENILWORTH AVE,41.89957494,-87.79749245
16063120340000,840 AUGUSTA ST,41.89822261,-87.7966123
16063120350000,707 N GROVE AVE,41.8983506,-87.79662512
16063130010000,744 N GROVE AVE,41.8997251,-87.79601154
16063130020000,742 N GROVE AVE,41.89963695,-87.79600881
16063130030000,740 N GROVE AVE,41.89954364,-87.79601307
16063130040000,738 N GROVE AVE,41.89943468,-87.79599662
16063130050000,730 N GROVE AVE,41.89930766,-87.79599768
16063130070000,728 N GROVE AVE,41.89920142,-87.79600899
16063130080000,726 N GROVE AVE,41.89909778,-87.79602028
16063130090000,722 N GROVE AVE,41.89898638,-87.7960351
16063130100000,720 N GROVE AVE,41.89888252,-87.79600125
16063130110000,718 N GROVE AVE,41.89877285,-87.79600537
16063130120000,716 N GROVE AVE,41.89867607,-87.79601081
16063130130000,714 N GROVE AVE,41.89861038,-87.79601136
16063130140000,712 N GROVE AVE,41.89853762,-87.79597956
16063130150000,710 N GROVE AVE,41.89846852,-87.79598939
16063130160000,708 N GROVE AVE,41.89839246,-87.79599003
16063130170000,700 N GROVE AVE,41.89825071,-87.79599122
16063130180000,818 AUGUSTA ST,41.8982607,-87.79573751
16063130190000,745 N OAK PARK AVE,41.89973165,-87.79519465
16063130210000,741 N OAK PARK AVE,41.89958649,-87.79519934
16063130220000,737 N OAK PARK AVE,41.89944106,-87.79514501
16063130250000,729 N OAK PARK AVE,41.89918975,-87.79517706
16063130270000,725 N OAK PARK AVE,41.89901602,-87.7951681
16063130290000,719 N OAK PARK AVE,41.8988246,-87.79514328
16063130300000,715 N OAK PARK AVE,41.89867593,-87.79514453
16063130310000,711 N OAK PARK AVE,41.89853749,-87.79511327
16063130330000,812 AUGUSTA ST,41.8982485,-87.79544526
16063130340000,707 N OAK PARK AVE,41.89837155,-87.79514321
16063130350000,703 N OAK PARK AVE,41.89825057,-87.79514886
16063140030000,1129 AUGUSTA ST,41.89764113,-87.80481808
16063140040000,1127 AUGUSTA ST,41.89766224,-87.80458624
16063140050000,1123 AUGUSTA ST,41.89768375,-87.8044435
16063140060000,1119 AUGUSTA ST,41.89768734,-87.80425933
16063140070000,1113 AUGUSTA ST,41.8976909,-87.80406921
16063140080000,1140 MILLER AVE,41.89728515,-87.80512396
16063140090000,1136 MILLER AVE,41.89728457,-87.80499922
16063140100000,1132 MILLER AVE,41.89730171,-87.8048684
16063140110000,1130 MILLER AVE,41.89730105,-87.80472584
16063140120000,1126 MILLER AVE,41.8973004,-87.80458329
16063140130000,1124 MILLER AVE,41.89731307,-87.80444656
16063140140000,1120 MILLER AVE,41.89731245,-87.80430994
16063140150000,1118 MILLER AVE,41.89730744,-87.80418524
16063140160000,1114 MILLER AVE,41.89728898,-87.80403095
16063140170000,641 N MARION ST,41.89771353,-87.80360685
16063140180000,637 N MARION ST,41.89760257,-87.80358995
16063140190000,633 N MARION ST,41.89747396,-87.80359101
16063140200000,629 N MARION ST,41.89737193,-87.80358592
16063140210000,625 N MARION ST,41.89726561,-87.80361056
16063140220000,1137 AUGUSTA ST,41.89762716,-87.80514249
16063140230000,1135 AUGUSTA ST,41.89763108,-87.80496949
16063150010000,1139 MILLER AVE,41.89688512,-87.80514986
16063150020000,1135 MILLER AVE,41.89688439,-87.80498949
16063150030000,1131 MILLER AVE,41.89691486,-87.80486449
16063150040000,1129 MILLER AVE,41.89691874,-87.80474566
16063150050000,1127 MILLER AVE,41.89691809,-87.8046031
16063150060000,1123 MILLER AVE,41.89691749,-87.80447242
16063150070000,1119 MILLER AVE,41.8969168,-87.80432393
16063150080000,1117 MILLER AVE,41.89691615,-87.80418137
16063150090000,1113 MILLER AVE,41.89693392,-87.80402825
16063150110000,1122 SCHNEIDER AVE,41.89649048,-87.80439063
16063150120000,1120 SCHNEIDER AVE,41.89646776,-87.80427201
16063150130000,1116 SCHNEIDER AVE,41.89647165,-87.80415318
16063150140000,1114 SCHNEIDER AVE,41.89648443,-87.80404021
16063150150000,615 N MARION ST,41.89698018,-87.80361423
16063150170000,611 N MARION ST,41.89678541,-87.80356207
16063150180000,609 N MARION ST,41.89666143,-87.80357875
16063150190000,605 N MARION ST,41.89654612,-87.8035797
16063150210000,1154 SCHNEIDER AVE,41.89661625,-87.80510687
16063150220000,1150 SCHNEIDER AVE,41.89661584,-87.80501759
16063150230000,1146 SCHNEIDER AVE,41.89661551,-87.8049453
16063150240000,1142 SCHNEIDER AVE,41.89661521,-87.80488025
16063150250000,1136 SCHNEIDER AVE,41.89662529,-87.80472357
16063150260000,1132 SCHNEIDER AVE,41.89662495,-87.80464883
16063150270000,1128 SCHNEIDER AVE,41.89662457,-87.80456686
16063150280000,1152 SCHNEIDER AVE,41.89644156,-87.80508472
16063150290000,1148 SCHNEIDER AVE,41.89644132,-87.80503168
16063150300000,1144 SCHNEIDER AVE,41.89644093,-87.80494729
16063150310000,1140 SCHNEIDER AVE,41.89644056,-87.80486532
16063150320000,1134 SCHNEIDER AVE,41.89643455,-87.80471558
16063150330000,1130 SCHNEIDER AVE,41.89643606,-87.80465288
16063150340000,1126 SCHNEIDER AVE,41.89643567,-87.8045685
16063160040000,1127 SCHNEIDER AVE,41.89610727,-87.8045885
16063160050000,1125 SCHNEIDER AVE,41.89610669,-87.80446376
16063160060000,1123 SCHNEIDER AVE,41.89611942,-87.80433892
16063160070000,1119 SCHNEIDER AVE,41.89612783,-87.80423787
16063160080000,1117 SCHNEIDER AVE,41.89612731,-87.80412502
16063160090000,1115 SCHNEIDER AVE,41.89613111,-87.80398836
16063160100000,553 N MARION ST,41.89618427,-87.80357328
16063160110000,547 N MARION ST,41.89600685,-87.80356881
16063160150000,1122 PAULINA ST,41.89560232,-87.80432768
16063160160000,1120 PAULINA ST,41.89556632,-87.80421512
16063160170000,1118 PAULINA ST,41.89561899,-87.80409589
16063160180000,1114 PAULINA ST,41.8955785,-87.80397148
16063160190000,1112 PAULINA ST,41.89558228,-87.80382889
16063160200000,539 N MARION ST,41.89586912,-87.80351649
16063160210000,537 N MARION ST,41.89574491,-87.80351158
16063160220000,535 N MARION ST,41.89558082,-87.80351293
16063160230000,1128 PAULINA ST,41.89557103,-87.80460036
16063160240000,1126 PAULINA ST,41.89557885,-87.80446472
16063160260000,1129 SCHNEIDER AVE,41.89610947,-87.80472032
16063160270000,837 N HARLEM AVE,41.89563572,-87.80497646
16063160280000,1130 PAULINA ST,41.89556987,-87.80471334
16063160290000,1134 PAULINA ST,41.895559,-87.8048304
16063160300000,1135 SCHNEIDER AVE,41.89608921,-87.80493747
16063170020000,1133 PAULINA ST,41.89486153,-87.80480531
16063170030000,1129 PAULINA ST,41.89513296,-87.80470577
16063170040000,1125 PAULINA ST,41.89509682,-87.80456351
16063170050000,1123 PAULINA ST,41.89514065,-87.80445029
16063170070000,1115 PAULINA ST,41.89513008,-87.8040821
16063170080000,1113 PAULINA ST,41.89512948,-87.80395143
16063170090000,1109 PAULINA ST,41.8951556,-87.8038443
16063170100000,521 N MARION ST,41.89512734,-87.80343474
16063170120000,515 N MARION ST,41.89489614,-87.80354829
16063170130000,1146 CHICAGO AVE,41.89433828,-87.80511365
16063170170000,1122 CHICAGO AVE,41.89455982,-87.80428749
16063170180000,1120 CHICAGO AVE,41.89446821,-87.80417388
16063170190000,1118 CHICAGO AVE,41.89446475,-87.80404048
16063170200000,1116 CHICAGO AVE,41.89446422,-87.80392612
16063170210000,1108 CHICAGO AVE,41.89443161,-87.80368787
16063170220000,511 N MARION ST,41.89471632,-87.80353796
16063170230000,509 N MARION ST,41.89463254,-87.80350411
16063170240000,1106 CHICAGO AVE,41.89440812,-87.80351716
16063170270000,1121 PAULINA ST,41.89512542,-87.80435549
16063170280000,1119 PAULINA ST,41.89513058,-87.80418901
16063170300000,1130 CHICAGO AVE,41.89443857,-87.80469542
16063170330000,825 N HARLEM AVE,41.89514469,-87.80500659
16063170340000,823 N HARLEM AVE,41.89509239,-87.80500702
16063170350000,821 N HARLEM AVE,41.89504684,-87.80500739
16063170360000,819 N HARLEM AVE,41.89499286,-87.80500784
16063170370000,817 N HARLEM AVE,41.89493209,-87.80500156
16063170380000,815 N HARLEM AVE,41.8948781,-87.80499974
16063170390000,813 N HARLEM AVE,41.89481228,-87.80499351
16063180010000,646 N MARION ST,41.89772976,-87.8030927
16063180020000,642 N MARION ST,41.89760996,-87.80308181
16063180030000,638 N MARION ST,41.89749036,-87.8031125
16063180040000,634 N MARION ST,41.89735728,-87.80310766
16063180050000,630 N MARION ST,41.89721096,-87.80311482
16063180060000,624 N MARION ST,41.89706874,-87.80305065
16063180090000,612 N MARION ST,41.89681168,-87.80308841
16063180100000,608 N MARION ST,41.89667864,-87.80308952
16063180110000,606 N MARION ST,41.89654094,-87.80304314
16063180120000,556 N MARION ST,41.89639456,-87.80303841
16063180130000,552 N MARION ST,41.89628454,-87.80301062
16063180140000,550 N MARION ST,41.89614703,-87.80300582
16063180150000,546 N MARION ST,41.89599644,-87.80304864
16063180160000,542 N MARION ST,41.8958543,-87.8030023
16063180170000,534 N MARION ST,41.89565811,-87.80301711
16063180180000,532 N MARION ST,41.89551547,-87.80304699
16063180190000,528 N MARION ST,41.89537344,-87.80302441
16063180200000,522 N MARION ST,41.89522868,-87.80294214
16063180210000,518 N MARION ST,41.89507357,-87.80296718
16063180220000,516 N MARION ST,41.89498925,-87.802956
16063180230000,514 N MARION ST,41.89490953,-87.80298042
16063180240000,1050 CHICAGO AVE,41.89447797,-87.80306072
16063180250000,1046 CHICAGO AVE,41.89448205,-87.80290733
16063180260000,1042 CHICAGO AVE,41.89445235,-87.80271835
16063180270000,1033 AUGUSTA ST,41.89773963,-87.8023501
16063180280000,641 BELLEFORTE AVE,41.89763763,-87.80235095
16063180290000,637 BELLEFORTE AVE,41.89751345,-87.80235198
16063180310000,633 BELLEFORTE AVE,41.89740258,-87.8023529
16063180320000,631 BELLEFORTE AVE,41.89729168,-87.80234787
16063180330000,629 BELLEFORTE AVE,41.89718081,-87.80234879
16063180340000,627 BELLEFORTE AVE,41.89706112,-87.80236166
16063180350000,621 BELLEFORTE AVE,41.89695471,-87.80236849
16063180360000,617 BELLEFORTE AVE,41.89680935,-87.80236969
16063180370000,615 BELLEFORTE AVE,41.89668225,-87.80235292
16063180380000,611 BELLEFORTE AVE,41.89654307,-87.80233032
16063180390000,607 BELLEFORTE AVE,41.89641434,-87.80230762
16063180400000,605 BELLEFORTE AVE,41.8962546,-87.80228981
16063180410000,551 BELLEFORTE AVE,41.89613486,-87.80229081
16063180420000,547 BELLEFORTE AVE,41.89601065,-87.80228589
16063180430000,543 BELLEFORTE AVE,41.89586882,-87.80230489
16063180440000,539 BELLEFORTE AVE,41.89570544,-87.8023003
16063180450000,537 BELLEFORTE AVE,41.89559013,-87.80230126
16063180460000,531 BELLEFORTE AVE,41.89543574,-87.80229559
16063180470000,527 BELLEFORTE AVE,41.89528939,-87.80229681
16063180480000,523 BELLEFORTE AVE,41.8951676,-87.80222754
16063180530000,1040 CHICAGO AVE,41.89462599,-87.80247432
16063180540000,1030 CHICAGO AVE,41.89461338,-87.80221138
16063180550000,519 BELLEFORTE AVE,41.89503783,-87.80232396
16063180580000,622 N MARION ST,41.89696699,-87.80310495
16063190010000,644 BELLEFORTE AVE,41.89777978,-87.80178852
16063190020000,642 BELLEFORTE AVE,41.89768586,-87.8017893
16063190030000,640 BELLEFORTE AVE,41.89758341,-87.80179396
16063190040000,638 BELLEFORTE AVE,41.89750032,-87.80181276
16063190050000,636 BELLEFORTE AVE,41.89745386,-87.80180995
16063190060000,634 BELLEFORTE AVE,41.89736135,-87.80178436
16063190070000,630 BELLEFORTE AVE,41.89724173,-87.8017701
16063190080000,626 BELLEFORTE AVE,41.89713644,-87.80177479
16063190090000,624 BELLEFORTE AVE,41.89703399,-87.80177945
16063190100000,622 BELLEFORTE AVE,41.89691721,-87.80176136
16063190110000,618 BELLEFORTE AVE,41.89680323,-87.80173562
16063190120000,614 BELLEFORTE AVE,41.89668369,-87.80173661
16063190130000,612 BELLEFORTE AVE,41.89658981,-87.80174882
16063190140000,608 BELLEFORTE AVE,41.89648452,-87.80175351
16063190150000,604 BELLEFORTE AVE,41.89638205,-87.80175436
16063190160000,602 BELLEFORTE AVE,41.89629301,-87.80172453
16063190170000,600 BELLEFORTE AVE,41.89618521,-87.80170658
16063190180000,548 BELLEFORTE AVE,41.89608846,-87.8017112
16063190190000,544 BELLEFORTE AVE,41.89597752,-87.80172737
16063190200000,542 BELLEFORTE AVE,41.89586936,-87.80172826
16063190210000,538 BELLEFORTE AVE,41.89572415,-87.80171803
16063190220000,534 BELLEFORTE AVE,41.89558177,-87.80170396
16063190230000,530 BELLEFORTE AVE,41.89545081,-87.80169742
16063190240000,526 BELLEFORTE AVE,41.89530565,-87.80169863
16063190250000,522 BELLEFORTE AVE,41.89518311,-87.80166915
16063190260000,518 BELLEFORTE AVE,41.89502066,-87.80162475
16063190290000,643 FOREST AVE,41.89756835,-87.80100195
16063190300000,639 FOREST AVE,41.8974629,-87.80097233
16063190310000,635 FOREST AVE,41.89732055,-87.80096588
16063190320000,631 FOREST AVE,41.89718681,-87.80097462
16063190330000,627 FOREST AVE,41.89705583,-87.80096427
16063190340000,623 FOREST AVE,41.8969249,-87.80096536
16063190350000,619 FOREST AVE,41.89677117,-87.80095901
16063190360000,615 FOREST AVE,41.89666579,-87.80094463
16063190380000,607 FOREST AVE,41.89635563,-87.80096627
16063190390000,603 FOREST AVE,41.89623412,-87.80100076
16063190400000,549 FOREST AVE,41.89609224,-87.80099834
16063190410000,547 FOREST AVE,41.8959641,-87.80098797
16063190420000,541 FOREST AVE,41.89581613,-87.80099683
16063190430000,537 FOREST AVE,41.89567672,-87.80100942
16063190440000,535 FOREST AVE,41.89554867,-87.80101811
16063190450000,529 FOREST AVE,41.89543479,-87.80101143
16063190460000,525 FOREST AVE,41.89527241,-87.80098228
16063190470000,521 FOREST AVE,41.89511604,-87.8010217
16063190480000,517 FOREST AVE,41.89498492,-87.80098086
16063190490000,1020 CHICAGO AVE,41.89460466,-87.80167484
16063190530000,645 FOREST AVE,41.89769629,-87.80097039
16063190540000,649 FOREST AVE,41.89780175,-87.80100001
16063190550000,1018 CHICAGO AVE,41.89459833,-87.8015378
16063190560000,1016 CHICAGO AVE,41.89460411,-87.8013861
16063190570000,1012 CHICAGO AVE,41.89461618,-87.8012202
16063190580000,515 FOREST AVE,41.89484591,-87.80091235
16063190590000,511 FOREST AVE,41.89471214,-87.80091346
16063190600000,505 FOREST AVE,41.89455275,-87.80091479
16063190620000,611 FOREST AVE,41.89649531,-87.80101086
16063200020000,644 FOREST AVE,41.89769317,-87.80044602
16063200030000,642 FOREST AVE,41.89759071,-87.80044687
16063200040000,638 FOREST AVE,41.89746257,-87.8004365
16063200050000,634 FOREST AVE,41.89734092,-87.80042697
16063200060000,630 FOREST AVE,41.8972156,-87.80040895
16063200070000,626 FOREST AVE,41.89707256,-87.80042449
16063200080000,622 FOREST AVE,41.89693392,-87.80043327
16063200090000,618 FOREST AVE,41.89677648,-87.8004117
16063200100000,614 FOREST AVE,41.89665114,-87.80038987
16063200110000,610 FOREST AVE,41.8965089,-87.8004063
16063200120000,606 FOREST AVE,41.89637797,-87.80040739
16063200130000,602 FOREST AVE,41.89625459,-87.80022077
16063200140000,550 FOREST AVE,41.89612131,-87.80034972
16063200150000,544 FOREST AVE,41.89598472,-87.80035848
16063200160000,540 FOREST AVE,41.89582537,-87.80036743
16063200170000,536 FOREST AVE,41.89570872,-87.80037984
16063200180000,532 FOREST AVE,41.89555205,-87.80035446
16063200190000,528 FOREST AVE,41.8954155,-87.80037084
16063200200000,524 FOREST AVE,41.89527892,-87.8003796
16063200210000,520 FOREST AVE,41.8951423,-87.80038074
16063200220000,518 FOREST AVE,41.89497712,-87.80036305
16063200230000,647 WOODBINE AVE,41.89780717,-87.79955007
16063200240000,643 WOODBINE AVE,41.89769332,-87.79955102
16063200250000,641 WOODBINE AVE,41.89758231,-87.79955195
16063200260000,637 WOODBINE AVE,41.89746848,-87.79955671
16063200270000,635 WOODBINE AVE,41.89734314,-87.79953487
16063200280000,629 WOODBINE AVE,41.89720648,-87.79952839
16063200290000,625 WOODBINE AVE,41.89705284,-87.7995411
16063200300000,623 WOODBINE AVE,41.89694459,-87.79952294
16063200310000,619 WOODBINE AVE,41.89680519,-87.79953935
16063200320000,615 WOODBINE AVE,41.89667427,-87.79954044
16063200330000,609 WOODBINE AVE,41.89652043,-87.79951123
16063200340000,605 WOODBINE AVE,41.89638099,-87.79952001
16063200360000,545 WOODBINE AVE,41.89598002,-87.79950167
16063200370000,543 WOODBINE AVE,41.89589178,-87.79950241
16063200380000,541 WOODBINE AVE,41.89580933,-87.79952216
16063200390000,539 WOODBINE AVE,41.8957296,-87.7995152
16063200400000,535 WOODBINE AVE,41.89556731,-87.79950511
16063200410000,531 WOODBINE AVE,41.89543921,-87.79950236
16063200420000,527 WOODBINE AVE,41.89530819,-87.79948439
16063200430000,523 WOODBINE AVE,41.89519436,-87.79948915
16063200440000,519 WOODBINE AVE,41.89504077,-87.79948849
16063200470000,948 CHICAGO AVE,41.89463319,-87.79985217
16063200510000,515 WOODBINE AVE,41.89492939,-87.79940936
16063200520000,936 CHICAGO AVE,41.89465041,-87.79940025
16063200530000,603 WOODBINE AVE,41.89624729,-87.79953735
16063200540000,601 WOODBINE AVE,41.89611376,-87.79949294
16063200560000,938 CHICAGO AVE,41.89462329,-87.79956059
16063200580000,950 CHICAGO AVE,41.89463416,-87.80006183
16063200590000,510 FOREST AVE,41.89486058,-87.80039743
16063200600000,506 FOREST AVE,41.89471238,-87.80035672
16063200610000,500 FOREST AVE,41.89455872,-87.80036563
16063200620000,648 FOREST AVE,41.89779573,-87.80046423
16063210030000,642 WOODBINE AVE,41.89764182,-87.79888326
16063210040000,919 AUGUSTA ST,41.89778038,-87.79871923
16063210050000,915 AUGUSTA ST,41.89777974,-87.7985826
16063210060000,640 WOODBINE AVE,41.89752783,-87.79885371
16063210070000,636 WOODBINE AVE,41.89740834,-87.79886614
16063210080000,632 WOODBINE AVE,41.89730587,-87.79886699
16063210090000,630 WOODBINE AVE,41.89719489,-87.79887173
16063210100000,626 WOODBINE AVE,41.89708104,-87.79887268
16063210110000,622 WOODBINE AVE,41.89697848,-87.79885448
16063210120000,620 WOODBINE AVE,41.89687031,-87.79885156
16063210130000,616 WOODBINE AVE,41.89676208,-87.79883722
16063210140000,614 WOODBINE AVE,41.89665677,-87.7988381
16063210150000,610 WOODBINE AVE,41.89653722,-87.79883916
16063210160000,606 WOODBINE AVE,41.89642348,-87.79886298
16063210170000,604 WOODBINE AVE,41.89632092,-87.79884478
16063210180000,602 WOODBINE AVE,41.89620754,-87.79884975
16063210190000,548 WOODBINE AVE,41.89608796,-87.79884313
16063210200000,544 WOODBINE AVE,41.89598551,-87.79884779
16063210210000,542 WOODBINE AVE,41.89588017,-87.79884105
16063210220000,538 WOODBINE AVE,41.89576916,-87.79884197
16063210230000,534 WOODBINE AVE,41.89565809,-87.79882765
16063210240000,532 WOODBINE AVE,41.89555276,-87.79882472
16063210250000,528 WOODBINE AVE,41.8954389,-87.79882567
16063210260000,524 WOODBINE AVE,41.89532788,-87.79882278
16063210280000,647 N KENILWORTH AVE,41.89781519,-87.79821569
16063210290000,645 N KENILWORTH AVE,41.89771244,-87.79815555
16063210300000,641 N KENILWORTH AVE,41.89757301,-87.79816434
16063210310000,637 N KENILWORTH AVE,41.89742203,-87.79813891
16063210320000,635 N KENILWORTH AVE,41.89730523,-87.79811702
16063210330000,631 N KENILWORTH AVE,41.89721136,-87.79812923
16063210340000,627 N KENILWORTH AVE,41.89710323,-87.79813776
16063210350000,623 N KENILWORTH AVE,41.89699216,-87.79812344
16063210360000,621 N KENILWORTH AVE,41.8968954,-87.79812806
16063210370000,617 N KENILWORTH AVE,41.89678155,-87.79812901
16063210380000,611 N KENILWORTH AVE,41.89661628,-87.79809033
16063210390000,605 N KENILWORTH AVE,41.89639443,-87.79812649
16063210420000,541 N KENILWORTH AVE,41.8958939,-87.79812327
16063210430000,539 N KENILWORTH AVE,41.89578277,-87.79809751
16063210440000,533 N KENILWORTH AVE,41.8956432,-87.7980758
16063210450000,531 N KENILWORTH AVE,41.89552366,-87.7980768
16063210460000,523 N KENILWORTH AVE,41.89534436,-87.79808211
16063210480000,545 N KENILWORTH AVE,41.89602207,-87.79814126
16063210490000,644 WOODBINE AVE,41.89776182,-87.7989673
16063210500000,601 N KENILWORTH AVE,41.89617565,-87.79811329
16063220010000,646 N KENILWORTH AVE,41.8978531,-87.7974721
16063220020000,642 N KENILWORTH AVE,41.89767695,-87.79751062
16063220030000,638 N KENILWORTH AVE,41.89755224,-87.79746073
16063220040000,630 N KENILWORTH AVE,41.89728931,-87.79742587
16063220050000,626 N KENILWORTH AVE,41.89715102,-87.79742703
16063220060000,622 N KENILWORTH AVE,41.89704701,-87.7973677
16063220090000,612 N KENILWORTH AVE,41.89658991,-87.797345
16063220100000,600 N KENILWORTH AVE,41.89631758,-87.79742552
16063220110000,645 N GROVE AVE,41.89789718,-87.79652241
16063220120000,643 N GROVE AVE,41.89779353,-87.79653717
16063220130000,641 N GROVE AVE,41.89768998,-87.79657508
16063220140000,637 N GROVE AVE,41.89757265,-87.79662237
16063220150000,633 N GROVE AVE,41.89745166,-87.79662802
16063220160000,629 N GROVE AVE,41.89731337,-87.79662917
16063220170000,627 N GROVE AVE,41.89719568,-87.79660237
16063220180000,623 N GROVE AVE,41.89706102,-87.79664055
16063220190000,619 N GROVE AVE,41.89694334,-87.79661375
16063220210000,607 N GROVE AVE,41.89668959,-87.79658657
16063220220000,605 N GROVE AVE,41.89657587,-87.7966162
16063220240000,603 N GROVE AVE,41.89644421,-87.79660778
16063220250000,601 N GROVE AVE,41.89633045,-87.79662302
16063220260000,616 N KENILWORTH AVE,41.89688802,-87.79737829
16063220270000,614 N KENILWORTH AVE,41.89674618,-87.79736095
16063220280000,615 N GROVE AVE,41.89682231,-87.79661013
16063230010000,646 N GROVE AVE,41.89789767,-87.79591113
16063230020000,644 N GROVE AVE,41.89778353,-87.79590282
16063230030000,640 N GROVE AVE,41.89769009,-87.79588509
16063230040000,636 N GROVE AVE,41.89758642,-87.79589521
16063230050000,634 N GROVE AVE,41.89748959,-87.7958914
16063230060000,630 N GROVE AVE,41.8973686,-87.79589704
16063230070000,628 N GROVE AVE,41.89728217,-87.79589776
16063230080000,624 N GROVE AVE,41.89718188,-87.79589398
16063230090000,622 N GROVE AVE,41.89704692,-87.79586732
16063230100000,612 N GROVE AVE,41.89692939,-87.79587294
16063230110000,610 N GROVE AVE,41.89677726,-87.79587422
16063230120000,608 N GROVE AVE,41.89667205,-87.79588156
16063230130000,606 N GROVE AVE,41.89657581,-87.7958782
16063230140000,604 N GROVE AVE,41.89646195,-87.79587439
16063230150000,600 N GROVE AVE,41.89635163,-87.79586579
16063230160000,647 N OAK PARK AVE,41.89792175,-87.79514699
16063230170000,643 N OAK PARK AVE,41.89777997,-87.79514355
16063230190000,639 N OAK PARK AVE,41.89761419,-87.79518199
16063230200000,635 N OAK PARK AVE,41.89746881,-87.79514616
16063230210000,629 N OAK PARK AVE,41.89735135,-87.79516567
16063230220000,625 N OAK PARK AVE,41.89720951,-87.79514834
16063230230000,623 N OAK PARK AVE,41.89707815,-87.79515407
16063230240000,619 N OAK PARK AVE,41.89693979,-87.79514135
16063230250000,615 N OAK PARK AVE,41.8967978,-87.7950916
16063230260000,611 N OAK PARK AVE,41.89664244,-87.79513921
16063230280000,605 N OAK PARK AVE,41.89647271,-87.79513589
16063240040000,538 N KENILWORTH AVE,41.89572919,-87.79738078
16063240050000,534 N KENILWORTH AVE,41.8956011,-87.79737709
16063240090000,545 N GROVE AVE,41.89605305,-87.79663963
16063240100000,541 N GROVE AVE,41.89591065,-87.79661701
16063240110000,537 N GROVE AVE,41.89575758,-87.79659446
16063240140000,525 N GROVE AVE,41.8952631,-87.79659384
16063240150000,519 N GROVE AVE,41.89514913,-87.7965662
16063240160000,515 N GROVE AVE,41.89503528,-87.79656239
16063240170000,511 N GROVE AVE,41.89490024,-87.79659211
16063240180000,509 N GROVE AVE,41.89478986,-87.79653097
16063240190000,503 N GROVE AVE,41.89458355,-87.79657571
16063240200000,533 N GROVE AVE,41.89560824,-87.79661
16063240210000,529 N GROVE AVE,41.89545161,-87.7965875
16063240230000,845 IOWA ST,41.89601834,-87.79705024
16063240240000,544 N KENILWORTH AVE,41.89600336,-87.79743566
16063240250000,540 N KENILWORTH AVE,41.89585024,-87.7974036
16063240260000,508 N KENILWORTH AVE,41.89508476,-87.79725749
16063250010000,544 N GROVE AVE,41.89603869,-87.79589232
16063250020000,540 N GROVE AVE,41.89591775,-87.79589334
16063250030000,536 N GROVE AVE,41.89579682,-87.79589912
16063250040000,534 N GROVE AVE,41.89566518,-87.79589545
16063250050000,528 N GROVE AVE,41.89553356,-87.79589656
16063250060000,524 N GROVE AVE,41.89535018,-87.79586576
16063250070000,522 N GROVE AVE,41.89522404,-87.79588963
16063250080000,518 N GROVE AVE,41.89510303,-87.79587635
16063250090000,514 N GROVE AVE,41.89497495,-87.79587265
16063250100000,510 N GROVE AVE,41.89484326,-87.79585946
16063250110000,506 N GROVE AVE,41.89470811,-87.79586536
16063250120000,502 N GROVE AVE,41.8945694,-87.79587129
16063250130000,543 N OAK PARK AVE,41.89602298,-87.79497838
16063250140000,539 N OAK PARK AVE,41.89574335,-87.79512292
16063250150000,529 N OAK PARK AVE,41.89547994,-87.79508702
16063250160000,521 N OAK PARK AVE,41.89532229,-87.79509103
16063250170000,525 N OAK PARK AVE,41.8952736,-87.79508399
16063250190000,509 N OAK PARK AVE,41.89490801,-87.79524906
16063250200000,814 CHICAGO AVE,41.89502669,-87.79559847
16064000010000,850 N OAK PARK AVE,41.90152313,-87.79453537
16064000020000,846 N OAK PARK AVE,41.90141967,-87.79456767
16064000030000,842 N OAK PARK AVE,41.90126901,-87.79454275
16064000040000,838 N OAK PARK AVE,41.90115561,-87.79454108
16064000050000,832 N OAK PARK AVE,41.90101086,-87.79452397
16064000060000,830 N OAK PARK AVE,41.9008506,-87.79453579
16064000070000,826 N OAK PARK AVE,41.90071958,-87.79452903
16064000080000,820 N OAK PARK AVE,41.90059056,-87.79453012
16064000090000,816 N OAK PARK AVE,41.90045172,-87.79452343
16064000100000,814 N OAK PARK AVE,41.90033049,-87.79452047
16064000130000,804 N OAK PARK AVE,41.90005268,-87.79447829
16064000140000,800 N OAK PARK AVE,41.89991255,-87.79451112
16064000150000,851 N EUCLID AVE,41.90153623,-87.79391733
16064000160000,847 N EUCLID AVE,41.90143829,-87.79395429
16064000170000,841 N EUCLID AVE,41.90130325,-87.793924
16064000180000,837 N EUCLID AVE,41.9011645,-87.79393564
16064000190000,833 N EUCLID AVE,41.90102958,-87.79393154
16064000200000,831 N EUCLID AVE,41.90088483,-87.79391443
16064000210000,825 N EUCLID AVE,41.90074213,-87.79391825
16064000220000,821 N EUCLID AVE,41.90061499,-87.79390361
16064000230000,819 N EUCLID AVE,41.90046247,-87.79389965
16064000240000,815 N EUCLID AVE,41.90031328,-87.7939
16064000250000,811 N EUCLID AVE,41.90018619,-87.79389583
16064000260000,807 N EUCLID AVE,41.90005709,-87.79388121
16064000270000,801 N EUCLID AVE,41.89992272,-87.79390221
16064000280000,810 N OAK PARK AVE,41.90017411,-87.7945244
16064010010000,850 N EUCLID AVE,41.90157765,-87.79331461
16064010020000,846 N EUCLID AVE,41.90144304,-87.79330049
16064010030000,842 N EUCLID AVE,41.90130228,-87.79330168
16064010040000,838 N EUCLID AVE,41.90116938,-87.79331065
16064010050000,834 N EUCLID AVE,41.90102668,-87.79331448
16064010060000,830 N EUCLID AVE,41.90089356,-87.79327632
16064010070000,826 N EUCLID AVE,41.90075879,-87.79330364
16064010080000,822 N EUCLID AVE,41.90061409,-87.793297
16064010090000,818 N EUCLID AVE,41.90047529,-87.79329817
16064010100000,814 N EUCLID AVE,41.90033646,-87.7932949
16064010110000,810 N EUCLID AVE,41.90020935,-87.79328812
16064010120000,806 N EUCLID AVE,41.90006861,-87.79329193
16064010130000,800 N EUCLID AVE,41.89991777,-87.79326622
16064010140000,851 N LINDEN AVE,41.90160239,-87.79269365
16064010150000,847 N LINDEN AVE,41.90144756,-87.79270977
16064010160000,843 N LINDEN AVE,41.90129256,-87.79268885
16064010170000,839 N LINDEN AVE,41.90117086,-87.79268988
16064010180000,835 N LINDEN AVE,41.90102153,-87.79269855
16064010190000,831 N LINDEN AVE,41.90088309,-87.79267008
16064010200000,827 N LINDEN AVE,41.90073933,-87.79268611
16064010210000,823 N LINDEN AVE,41.90060657,-87.79268723
16064010220000,819 N LINDEN AVE,41.90048476,-87.79266602
16064010230000,815 N LINDEN AVE,41.90032431,-87.7926626
16064010240000,809 N LINDEN AVE,41.90020814,-87.79266358
16064010250000,805 N LINDEN AVE,41.90005877,-87.79266484
16064010260000,801 N LINDEN AVE,41.89994827,-87.79269541
16064020010000,850 N LINDEN AVE,41.90160341,-87.7921527
16064020020000,846 N LINDEN AVE,41.90144299,-87.79215406
16064020030000,842 N LINDEN AVE,41.90130451,-87.79211818
16064020040000,838 N LINDEN AVE,41.90117724,-87.79211184
16064020050000,834 N LINDEN AVE,41.90104451,-87.79212037
16064020060000,830 N LINDEN AVE,41.90089515,-87.79212163
16064020070000,826 N LINDEN AVE,41.90075671,-87.79209316
16064020080000,822 N LINDEN AVE,41.90062394,-87.79209428
16064020090000,818 N LINDEN AVE,41.90048564,-87.79209545
16064020100000,814 N LINDEN AVE,41.90034734,-87.79209662
16064020110000,810 N LINDEN AVE,41.900222,-87.79208333
16064020120000,806 N LINDEN AVE,41.90008377,-87.79209932
16064020130000,800 N LINDEN AVE,41.89992874,-87.79207099
16064020140000,851 COLUMBIAN AVE,41.90160255,-87.79155465
16064020150000,847 COLUMBIAN AVE,41.90145862,-87.79153364
16064020160000,843 COLUMBIAN AVE,41.90134259,-87.79156426
16064020170000,839 COLUMBIAN AVE,41.90118745,-87.7915137
16064020180000,835 COLUMBIAN AVE,41.90104911,-87.79150746
16064020190000,831 COLUMBIAN AVE,41.90091081,-87.79150863
16064020200000,827 COLUMBIAN AVE,41.90078358,-87.79150971
16064020210000,823 COLUMBIAN AVE,41.90065084,-87.79151824
16064020220000,819 COLUMBIAN AVE,41.90049595,-87.79151955
16064020230000,815 COLUMBIAN AVE,41.9003663,-87.79149673
16064020240000,811 COLUMBIAN AVE,41.9002247,-87.79148311
16064020250000,807 COLUMBIAN AVE,41.90008083,-87.79147691
16064020260000,801 COLUMBIAN AVE,41.8999536,-87.79147799
16064030010000,850 COLUMBIAN AVE,41.90159393,-87.79090049
16064030020000,846 COLUMBIAN AVE,41.9014945,-87.79093097
16064030030000,842 COLUMBIAN AVE,41.90133396,-87.7909101
16064030040000,838 COLUMBIAN AVE,41.90118457,-87.79090395
16064030050000,834 COLUMBIAN AVE,41.9010574,-87.79091985
16064030060000,830 COLUMBIAN AVE,41.90092442,-87.79087651
16064030070000,826 COLUMBIAN AVE,41.90078613,-87.79087769
16064030080000,822 COLUMBIAN AVE,41.90065879,-87.79085653
16064030090000,818 COLUMBIAN AVE,41.90050393,-87.79086525
16064030100000,814 COLUMBIAN AVE,41.90034907,-87.79087397
16064030110000,810 COLUMBIAN AVE,41.90023283,-87.79086061
16064030120000,806 COLUMBIAN AVE,41.90010545,-87.79083204
16064030130000,800 COLUMBIAN AVE,41.89997268,-87.79083317
16064030140000,851 N EAST AVE,41.90160006,-87.79027058
16064030150000,847 N EAST AVE,41.90147832,-87.7902642
16064030160000,843 N EAST AVE,41.90135109,-87.79026528
16064030170000,839 N EAST AVE,41.90122385,-87.79026636
16064030180000,835 N EAST AVE,41.90108555,-87.79026753
16064030190000,831 N EAST AVE,41.90093619,-87.7902688
16064030200000,827 N EAST AVE,41.90080878,-87.79023283
16064030210000,823 N EAST AVE,41.90066488,-87.79021923
16064030220000,819 N EAST AVE,41.9005431,-87.79020544
16064030230000,815 N EAST AVE,41.90037718,-87.79021425
16064030240000,811 N EAST AVE,41.90025737,-87.79020092
16064030250000,807 N EAST AVE,41.90012467,-87.79021687
16064030260000,801 N EAST AVE,41.89996992,-87.79024782
16064040010000,850 N EAST AVE,41.90163081,-87.78955112
16064040020000,846 N EAST AVE,41.90153263,-87.78960323
16064040030000,842 N EAST AVE,41.9013794,-87.78957889
16064040040000,838 N EAST AVE,41.90122281,-87.7896322
16064040050000,834 N EAST AVE,41.90107345,-87.78963347
16064040060000,828 N EAST AVE,41.90093497,-87.7895976
16064040070000,824 N EAST AVE,41.90079678,-87.789621
16064040080000,822 N EAST AVE,41.90066955,-87.78962208
16064040090000,818 N EAST AVE,41.90052568,-87.78961589
16064040100000,814 N EAST AVE,41.90039834,-87.78959474
16064040110000,810 N EAST AVE,41.90026014,-87.78961767
16064040120000,806 N EAST AVE,41.90012723,-87.78958916
16064040130000,800 N EAST AVE,41.8999945,-87.7895977
16064040140000,851 FAIR OAKS AVE,41.90166924,-87.7887166
16064040150000,847 FAIR OAKS AVE,41.90152838,-87.78870681
16064040160000,843 FAIR OAKS AVE,41.90139025,-87.78869517
16064040170000,839 FAIR OAKS AVE,41.90123567,-87.78867451
16064040180000,835 FAIR OAKS AVE,41.90110991,-87.78867924
16064040190000,831 FAIR OAKS AVE,41.90095406,-87.78867873
16064040200000,827 FAIR OAKS AVE,41.90081998,-87.78865607
16064040210000,823 FAIR OAKS AVE,41.90067064,-87.78868532
16064040220000,819 FAIR OAKS AVE,41.90054886,-87.78867153
16064040230000,815 FAIR OAKS AVE,41.90040486,-87.78863571
16064040240000,811 FAIR OAKS AVE,41.900261,-87.78863215
16064040250000,807 FAIR OAKS AVE,41.90014494,-87.78865536
16064040260000,801 FAIR OAKS AVE,41.90000671,-87.78867136
16064050010000,850 FAIR OAKS AVE,41.90168282,-87.78800966
16064050020000,846 FAIR OAKS AVE,41.90154603,-87.78799251
16064050030000,842 FAIR OAKS AVE,41.90138743,-87.7879902
16064050040000,838 FAIR OAKS AVE,41.90124385,-87.78798226
16064050050000,834 FAIR OAKS AVE,41.9011235,-87.78797413
16064050060000,830 FAIR OAKS AVE,41.90098821,-87.78798444
16064050080000,822 FAIR OAKS AVE,41.90069684,-87.78796633
16064050090000,818 FAIR OAKS AVE,41.90055855,-87.78796751
16064050100000,814 FAIR OAKS AVE,41.90042574,-87.78796123
16064050110000,810 FAIR OAKS AVE,41.90029078,-87.78791361
16064050120000,806 FAIR OAKS AVE,41.90014696,-87.78791483
16064050130000,800 FAIR OAKS AVE,41.90002525,-87.78791587
16064050140000,851 N ELMWOOD AVE,41.90168096,-87.78706215
16064050150000,847 N ELMWOOD AVE,41.90152046,-87.7870487
16064050160000,843 N ELMWOOD AVE,41.9013711,-87.78704997
16064050170000,839 N ELMWOOD AVE,41.90125489,-87.78704355
16064050180000,835 N ELMWOOD AVE,41.90112227,-87.78707432
16064050190000,831 N ELMWOOD AVE,41.90097847,-87.78708296
16064050200000,827 N ELMWOOD AVE,41.90083996,-87.78703968
16064050210000,823 N ELMWOOD AVE,41.90071829,-87.78704812
16064050220000,819 N ELMWOOD AVE,41.90058549,-87.78704185
16064050230000,815 N ELMWOOD AVE,41.90044166,-87.78704307
16064050240000,811 N ELMWOOD AVE,41.90030859,-87.78698062
16064050250000,807 N ELMWOOD AVE,41.900176,-87.78701879
16064050260000,803 N ELMWOOD AVE,41.90003756,-87.78699034
16064060010000,850 N ELMWOOD AVE,41.90169417,-87.78635067
16064060020000,846 N ELMWOOD AVE,41.90154481,-87.78635195
16064060030000,842 N ELMWOOD AVE,41.90141204,-87.78635308
16064060040000,838 N ELMWOOD AVE,41.90127927,-87.78635421
16064060050000,834 N ELMWOOD AVE,41.90113534,-87.78633321
16064060060000,830 N ELMWOOD AVE,41.90099704,-87.78633439
16064060070000,826 N ELMWOOD AVE,41.90085874,-87.78633557
16064060080000,824 N ELMWOOD AVE,41.90072041,-87.78632934
16064060090000,818 N ELMWOOD AVE,41.9005986,-87.78630815
16064060100000,814 N ELMWOOD AVE,41.90047136,-87.78630924
16064060110000,810 N ELMWOOD AVE,41.90031099,-87.78632327
16064060120000,808 N ELMWOOD AVE,41.90017809,-87.78629476
16064060130000,800 N ELMWOOD AVE,41.90005078,-87.78628103
16064060140000,413 DIVISION ST,41.90165276,-87.78578786
16064060150000,409 DIVISION ST,41.90164638,-87.78561007
16064060160000,851 N RIDGELAND AVE,41.90167268,-87.78532348
16064060170000,845 N RIDGELAND AVE,41.90152369,-87.78540364
16064060180000,841 N RIDGELAND AVE,41.9013912,-87.78546311
16064060190000,839 N RIDGELAND AVE,41.90130269,-87.78546387
16064060200000,835 N RIDGELAND AVE,41.90114773,-87.78552691
16064060210000,831 N RIDGELAND AVE,41.90102779,-87.78547949
16064060220000,829 N RIDGELAND AVE,41.90093653,-87.78546754
16064060230000,825 N RIDGELAND AVE,41.90085095,-87.785453
16064060240000,823 N RIDGELAND AVE,41.90075969,-87.7854436
16064060250000,821 N RIDGELAND AVE,41.9006609,-87.78544699
16064060260000,817 N RIDGELAND AVE,41.9005716,-87.78544775
16064060270000,815 N RIDGELAND AVE,41.90048037,-87.78544498
16064060280000,811 N RIDGELAND AVE,41.90038522,-87.78541525
16064060290000,809 N RIDGELAND AVE,41.9003033,-87.7854185
16064060300000,807 N RIDGELAND AVE,41.90020632,-87.78540406
16064060310000,414 THOMAS ST,41.90000756,-87.7857657
16064060320000,803 N RIDGELAND AVE,41.90005579,-87.78542266
16064070020000,734 N OAK PARK AVE,41.89925889,-87.79444167
16064070040000,730 N OAK PARK AVE,41.89914478,-87.79443221
16064070090000,726 AUGUSTA ST,41.8983887,-87.79361518
16064070100000,715 THOMAS ST,41.89953906,-87.79337896
16064070110000,711 THOMAS ST,41.89953531,-87.79313246
16064070160000,741 N LINDEN AVE,41.89956191,-87.79272599
16064070170000,735 N LINDEN AVE,41.89939806,-87.79266844
16064070210000,723 N LINDEN AVE,41.89897217,-87.79265018
16064070220000,719 N LINDEN AVE,41.89883004,-87.7926878
16064070230000,715 N LINDEN AVE,41.89868093,-87.79260257
16064070240000,710 AUGUSTA ST,41.89836793,-87.79287442
16064070250000,703 N LINDEN AVE,41.89838404,-87.79262421
16064070270000,708 N OAK PARK AVE,41.89856462,-87.79436315
16064070280000,714 AUGUSTA ST,41.89838702,-87.79325861
16064070300000,706 N OAK PARK AVE,41.89845064,-87.79438726
16064070310000,702 N OAK PARK AVE,41.89833657,-87.79439285
16064070320000,732 AUGUSTA ST,41.89836628,-87.7939951
16064070330000,730 AUGUSTA ST,41.89836887,-87.79380984
16064070350000,717 THOMAS ST,41.8995376,-87.79361856
16064070360000,724 N OAK PARK AVE,41.89896317,-87.79440249
16064070390000,738 N OAK PARK AVE,41.89938593,-87.79444407
16064070400000,721 THOMAS ST,41.89953654,-87.79394496
16064070410000,742 N OAK PARK AVE,41.89960109,-87.79444226
16064070420000,718 N OAK PARK AVE,41.89875435,-87.79431881
16064070430000,731 N LINDEN AVE,41.89922464,-87.7926698
16064080010000,742 N LINDEN AVE,41.89962736,-87.79202264
16064080020000,734 N LINDEN AVE,41.89942004,-87.79203018
16064080030000,730 N LINDEN AVE,41.89924294,-87.79203168
16064080040000,724 N LINDEN AVE,41.89904855,-87.79203332
16064080050000,718 N LINDEN AVE,41.89882812,-87.79200625
16064080070000,714 N LINDEN AVE,41.89867264,-87.79201335
16064080080000,743 COLUMBIAN AVE,41.89962306,-87.79142873
16064080090000,739 COLUMBIAN AVE,41.8995324,-87.79144107
16064080100000,735 COLUMBIAN AVE,41.89937252,-87.79143085
16064080110000,731 COLUMBIAN AVE,41.89925589,-87.79143184
16064080120000,727 COLUMBIAN AVE,41.89911337,-87.79143883
16064080130000,721 COLUMBIAN AVE,41.89895789,-87.79144593
16064080140000,717 COLUMBIAN AVE,41.89879383,-87.79146467
16064080150000,715 COLUMBIAN AVE,41.89867277,-87.79144255
16064080160000,700 N LINDEN AVE,41.89837076,-87.79195305
16064080170000,701 COLUMBIAN AVE,41.89842692,-87.7914475
16064090010000,742 COLUMBIAN AVE,41.89965981,-87.79081889
16064090020000,738 COLUMBIAN AVE,41.89950438,-87.79083757
16064090030000,732 COLUMBIAN AVE,41.89936183,-87.79083877
16064090040000,728 COLUMBIAN AVE,41.89921926,-87.79083419
16064090050000,718 COLUMBIAN AVE,41.89895571,-87.79082485
16064090060000,716 COLUMBIAN AVE,41.89882615,-87.79083173
16064090070000,714 COLUMBIAN AVE,41.89868346,-87.79080401
16064090080000,708 COLUMBIAN AVE,41.89853766,-87.79076149
16064090090000,700 COLUMBIAN AVE,41.89839594,-87.79076733
16064090100000,743 N EAST AVE,41.89966984,-87.79019971
16064090110000,739 N EAST AVE,41.89951862,-87.7901952
16064090120000,735 N EAST AVE,41.89938042,-87.79020217
16064090130000,731 N EAST AVE,41.89924217,-87.79019755
16064090140000,727 N EAST AVE,41.89910826,-87.79019868
16064090150000,723 N EAST AVE,41.89897867,-87.79019978
16064090160000,717 N EAST AVE,41.89882743,-87.79018949
16064090170000,715 N EAST AVE,41.89871094,-87.79021941
16064090180000,709 N EAST AVE,41.89856605,-87.79018239
16064090190000,703 N EAST AVE,41.89839322,-87.79019311
16064100010000,740 N EAST AVE,41.89964447,-87.78956147
16064100020000,736 N EAST AVE,41.89946742,-87.78957454
16064100030000,730 N EAST AVE,41.89932482,-87.78956418
16064100040000,726 N EAST AVE,41.89916502,-87.78957132
16064100050000,722 N EAST AVE,41.89898784,-87.78955547
16064100060000,716 N EAST AVE,41.89876322,-87.78955737
16064100070000,526 AUGUSTA ST,41.89846638,-87.78955373
16064100080000,516 AUGUSTA ST,41.89849834,-87.78900239
16064100090000,741 FAIR OAKS AVE,41.8996583,-87.78867533
16064100100000,731 FAIR OAKS AVE,41.89933768,-87.78863254
16064100110000,727 FAIR OAKS AVE,41.89913461,-87.78862269
16064100120000,721 FAIR OAKS AVE,41.89900056,-87.7885949
16064100130000,719 FAIR OAKS AVE,41.89884522,-87.78863094
16064100140000,711 FAIR OAKS AVE,41.89853818,-87.78865474
16064110010000,744 FAIR OAKS AVE,41.89965941,-87.78784198
16064110020000,734 FAIR OAKS AVE,41.89941783,-87.78791139
16064110030000,730 FAIR OAKS AVE,41.8992796,-87.78791257
16064110040000,726 FAIR OAKS AVE,41.8991499,-87.78789053
16064110050000,722 FAIR OAKS AVE,41.89901864,-87.78792278
16064110060000,718 FAIR OAKS AVE,41.89887501,-87.78790524
16064110070000,712 FAIR OAKS AVE,41.89873845,-87.78790328
16064110080000,710 FAIR OAKS AVE,41.89860888,-87.78789813
16064110090000,704 FAIR OAKS AVE,41.89847892,-87.78787307
16064110100000,700 FAIR OAKS AVE,41.89833055,-87.78787233
16064110110000,743 N ELMWOOD AVE,41.89971004,-87.78699395
16064110120000,739 N ELMWOOD AVE,41.89958043,-87.78698927
16064110130000,733 N ELMWOOD AVE,41.89944649,-87.78698463
16064110140000,729 N ELMWOOD AVE,41.89930386,-87.78696849
16064110150000,727 N ELMWOOD AVE,41.8991743,-87.78697538
16064110160000,723 N ELMWOOD AVE,41.89904917,-87.78700538
16064110170000,719 N ELMWOOD AVE,41.8989149,-87.78696525
16064110190000,715 N ELMWOOD AVE,41.89876001,-87.78696919
16064110200000,709 N ELMWOOD AVE,41.89859985,-87.78699185
16064110210000,438 AUGUSTA ST,41.8984161,-87.78697446
16064120010000,744 N ELMWOOD AVE,41.8997055,-87.78623285
16064120020000,736 N ELMWOOD AVE,41.89955463,-87.7862558
16064120030000,734 N ELMWOOD AVE,41.89943604,-87.78626404
16064120040000,728 N ELMWOOD AVE,41.89930667,-87.78627236
16064120050000,726 N ELMWOOD AVE,41.8991719,-87.78628074
16064120060000,720 N ELMWOOD AVE,41.89902621,-87.78627232
16064120070000,718 N ELMWOOD AVE,41.89890759,-87.78626133
16064120080000,714 N ELMWOOD AVE,41.89875665,-87.78626984
16064120090000,710 N ELMWOOD AVE,41.89864863,-87.786261
16064120100000,706 N ELMWOOD AVE,41.89851272,-87.78625599
16064120110000,702 N ELMWOOD AVE,41.89840188,-87.78621526
16064120120000,745 N RIDGELAND AVE,41.89973731,-87.78543242
16064120130000,739 N RIDGELAND AVE,41.89962322,-87.7854334
16064120140000,735 N RIDGELAND AVE,41.8995195,-87.78543428
16064120150000,733 N RIDGELAND AVE,41.8994156,-87.78539813
16064120160000,729 N RIDGELAND AVE,41.89932306,-87.78539892
16064120170000,727 N RIDGELAND AVE,41.89921245,-87.7854045
16064120180000,723 N RIDGELAND AVE,41.89909409,-87.78540551
16064120190000,721 N RIDGELAND AVE,41.89901942,-87.78540615
16064120210000,717 N RIDGELAND AVE,41.89887621,-87.78539347
16064120220000,715 N RIDGELAND AVE,41.89876551,-87.78538053
16064120230000,414 AUGUSTA ST,41.89836994,-87.78573443
16064120240000,711 N RIDGELAND AVE,41.89864288,-87.78536803
16064120250000,707 N RIDGELAND AVE,41.89850802,-87.78536455
16064120260000,406 AUGUSTA ST,41.89837673,-87.7853842
16064130010000,644 N OAK PARK AVE,41.89790431,-87.79437827
16064130020000,640 N OAK PARK AVE,41.89772799,-87.79437975
16064130030000,634 N OAK PARK AVE,41.89755164,-87.7943766
16064130040000,735 AUGUSTA ST,41.89780204,-87.79397639
16064130110000,647 N EUCLID AVE,41.89788233,-87.79337879
16064130150000,623 N EUCLID AVE,41.89708705,-87.79336697
16064130160000,611 N EUCLID AVE,41.89676545,-87.79335579
16064130170000,601 N EUCLID AVE,41.89654242,-87.79331531
16064130250000,625 N EUCLID AVE,41.89725324,-87.79341651
16064130260000,628 N OAK PARK AVE,41.89736475,-87.79433649
16064130270000,624 N OAK PARK AVE,41.89723682,-87.79433756
16064130280000,620 N OAK PARK AVE,41.89707787,-87.79435743
16064130290000,616 N OAK PARK AVE,41.89692905,-87.79432627
16064130310000,600 N OAK PARK AVE,41.89651169,-87.79434463
16064130320000,722 IOWA ST,41.89651406,-87.79409209
16064130330000,610 N OAK PARK AVE,41.89670439,-87.79434204
16064130340000,637 N EUCLID AVE,41.89759872,-87.79335803
16064130350000,635 N EUCLID AVE,41.89739136,-87.79337829
16064140010000,646 N EUCLID AVE,41.89791668,-87.79259529
16064140050000,620 N EUCLID AVE,41.89709,-87.79252353
16064140070000,610 N EUCLID AVE,41.89675465,-87.79253099
16064140080000,600 N EUCLID AVE,41.896567,-87.79249076
16064140090000,647 N LINDEN AVE,41.89790938,-87.79172555
16064140140000,605 N LINDEN AVE,41.89656715,-87.79176656
16064140170000,642 N EUCLID AVE,41.89776401,-87.7924808
16064140180000,638 N EUCLID AVE,41.8975842,-87.79247769
16064140190000,639 N LINDEN AVE,41.8976466,-87.79172314
16064140200000,625 N LINDEN AVE,41.89738412,-87.79178556
16064140210000,609 N LINDEN AVE,41.89683777,-87.79177165
16064140220000,630 N EUCLID AVE,41.89742208,-87.79255777
16064150030000,626 N LINDEN AVE,41.89736325,-87.79102613
16064150040000,620 N LINDEN AVE,41.89712469,-87.79102815
16064150060000,600 N LINDEN AVE,41.8965529,-87.7910091
16064150070000,643 N EAST AVE,41.8979579,-87.79028494
16064150080000,639 N EAST AVE,41.89768818,-87.79027797
16064150090000,633 N EAST AVE,41.89739765,-87.79025727
16064150100000,623 N EAST AVE,41.89714216,-87.79033353
16064150130000,612 N LINDEN AVE,41.89678217,-87.79098011
16064150150000,615 N EAST AVE,41.89688248,-87.79025701
16064150160000,606 IOWA ST,41.8965706,-87.79023711
16064150170000,616 IOWA ST,41.89660185,-87.79052954
16064150180000,644 N LINDEN AVE,41.89791641,-87.79101682
16064150190000,636 N LINDEN AVE,41.89769853,-87.79100476
16064160020000,642 N EAST AVE,41.89787434,-87.78943358
16064160030000,636 N EAST AVE,41.89770159,-87.78945819
16064160040000,630 N EAST AVE,41.89744962,-87.78945107
16064160050000,624 N EAST AVE,41.89731482,-87.78946148
16064160060000,622 N EAST AVE,41.8971694,-87.7894164
16064160070000,618 N EAST AVE,41.89703802,-87.78941752
16064160080000,614 N EAST AVE,41.89691605,-87.78942028
16064160090000,610 N EAST AVE,41.89676658,-87.78940725
16064160100000,606 N EAST AVE,41.89663494,-87.7894036
16064160110000,602 N EAST AVE,41.8964962,-87.78940478
16064160120000,645 FAIR OAKS AVE,41.89799129,-87.78857527
16064160130000,643 FAIR OAKS AVE,41.89787028,-87.7885763
16064160140000,639 FAIR OAKS AVE,41.897725,-87.78856363
16064160150000,635 FAIR OAKS AVE,41.89756246,-87.78855576
16064160160000,629 FAIR OAKS AVE,41.89743446,-87.78853832
16064160170000,625 FAIR OAKS AVE,41.89730999,-87.78853938
16064160180000,623 FAIR OAKS AVE,41.8971924,-87.78853112
16064160190000,619 FAIR OAKS AVE,41.89703269,-87.78852348
16064160200000,615 FAIR OAKS AVE,41.89691541,-87.78854829
16064160210000,611 FAIR OAKS AVE,41.89675536,-87.78855442
16064160240000,601 FAIR OAKS AVE,41.89662369,-87.78854601
16064170010000,646 FAIR OAKS AVE,41.89798784,-87.78784871
16064170020000,642 FAIR OAKS AVE,41.89786677,-87.78783584
16064170030000,638 FAIR OAKS AVE,41.89772845,-87.78783239
16064170040000,636 FAIR OAKS AVE,41.8975867,-87.7878336
16064170050000,632 FAIR OAKS AVE,41.89744845,-87.78784404
16064170060000,626 FAIR OAKS AVE,41.89733444,-87.78786353
16064170070000,622 FAIR OAKS AVE,41.89718912,-87.78784161
16064170080000,618 FAIR OAKS AVE,41.897061,-87.78780103
16064170090000,614 FAIR OAKS AVE,41.89692616,-87.78781451
16064170100000,610 FAIR OAKS AVE,41.89678391,-87.78782525
16064170110000,600 FAIR OAKS AVE,41.89656692,-87.7878271
16064170120000,454 IOWA ST,41.89656891,-87.78749832
16064170130000,647 N ELMWOOD AVE,41.89799051,-87.78695524
16064170140000,643 N ELMWOOD AVE,41.89787987,-87.78695618
16064170150000,639 N ELMWOOD AVE,41.89775884,-87.78695258
16064170160000,635 N ELMWOOD AVE,41.8976067,-87.78694925
16064170170000,631 N ELMWOOD AVE,41.89747875,-87.78694571
16064170180000,625 N ELMWOOD AVE,41.89733352,-87.78694231
16064170190000,623 N ELMWOOD AVE,41.89719523,-87.78694349
16064170200000,619 N ELMWOOD AVE,41.89705675,-87.78690763
16064170210000,615 N ELMWOOD AVE,41.89692541,-87.7869093
16064170220000,611 N ELMWOOD AVE,41.89678319,-87.7869248
16064170230000,450 IOWA ST,41.89657834,-87.78723619
16064170240000,444 IOWA ST,41.89657694,-87.7869408
16064180010000,644 N ELMWOOD AVE,41.89803886,-87.78621836
16064180020000,642 N ELMWOOD AVE,41.89790402,-87.78621951
16064180030000,638 N ELMWOOD AVE,41.89776575,-87.78622532
16064180040000,634 N ELMWOOD AVE,41.89761006,-87.7862035
16064180050000,618 N ELMWOOD AVE,41.89707047,-87.78615716
16064180060000,622 N ELMWOOD AVE,41.89721229,-87.78616985
16064180070000,626 N ELMWOOD AVE,41.89735063,-87.78617793
16064180080000,630 N ELMWOOD AVE,41.89748559,-87.78620456
16064180090000,614 N ELMWOOD AVE,41.89692891,-87.78615168
16064180100000,424 IOWA ST,41.89666183,-87.78609202
16064180120000,401 AUGUSTA ST,41.89803171,-87.78539254
16064180130000,643 N RIDGELAND AVE,41.89791755,-87.78537962
16064180140000,639 N RIDGELAND AVE,41.89776552,-87.78539944
16064180150000,635 N RIDGELAND AVE,41.89764035,-87.7853016
16064180160000,629 N RIDGELAND AVE,41.89749864,-87.78531207
16064180170000,627 N RIDGELAND AVE,41.89735343,-87.78531331
16064180180000,623 N RIDGELAND AVE,41.89722545,-87.78530051
16064180190000,619 N RIDGELAND AVE,41.89711822,-87.78529216
16064180200000,615 N RIDGELAND AVE,41.89695687,-87.78529869
16064180210000,611 N RIDGELAND AVE,41.89681457,-87.78529991
16064180220000,412 IOWA ST,41.89661674,-87.78558754
16064180230000,402 IOWA ST,41.89664376,-87.78528707
16064190030000,536 N OAK PARK AVE,41.89582856,-87.79430739
16064190040000,532 N OAK PARK AVE,41.89565416,-87.79428979
16064190050000,524 N OAK PARK AVE,41.89546568,-87.79430091
16064190060000,520 N OAK PARK AVE,41.8952451,-87.794298
16064190070000,516 N OAK PARK AVE,41.89502458,-87.79430462
16064190080000,508 N OAK PARK AVE,41.89483242,-87.79429194
16064190090000,500 N OAK PARK AVE,41.89466859,-87.79426472
16064190100000,720 CHICAGO AVE,41.89484348,-87.7938329
16064190110000,547 N EUCLID AVE,41.89609766,-87.79329518
16064190180000,517 N EUCLID AVE,41.895048,-87.79326585
16064190200000,537 N EUCLID AVE,41.89582019,-87.79329752
16064190210000,535 N EUCLID AVE,41.89562436,-87.79326105
16064190260000,529 N EUCLID AVE,41.89547852,-87.79326228
16064190270000,521 N EUCLID AVE,41.89528654,-87.79328772
16064190280000,507 N EUCLID AVE,41.89484895,-87.79328188
16064190300000,710 CHICAGO AVE,41.89470514,-87.79371197
16064190310000,719 IOWA ST,41.89612199,-87.79394867
16064190320000,546 N OAK PARK AVE,41.89608839,-87.79433855
16064200010000,546 N EUCLID AVE,41.8961119,-87.79254224
16064200020000,538 N EUCLID AVE,41.89583405,-87.7924636
16064200030000,530 N EUCLID AVE,41.89549265,-87.79248553
16064200050000,510 N EUCLID AVE,41.89500502,-87.79242771
16064200070000,506 N EUCLID AVE,41.89475617,-87.79246317
16064200090000,547 N LINDEN AVE,41.89614357,-87.79171294
16064200100000,539 N LINDEN AVE,41.89585203,-87.79174875
16064200110000,531 N LINDEN AVE,41.8955355,-87.79176573
16064200130000,511 N LINDEN AVE,41.89496952,-87.79168951
16064200140000,501 N LINDEN AVE,41.8947421,-87.79174384
16064200150000,522 N EUCLID AVE,41.89528989,-87.79248724
16064200160000,518 N EUCLID AVE,41.89516869,-87.79243586
16064200190000,521 N LINDEN AVE,41.89530408,-87.7917248
16064210010000,544 N LINDEN AVE,41.8961435,-87.79094587
16064210020000,540 N LINDEN AVE,41.89585192,-87.79097217
16064210030000,530 N LINDEN AVE,41.89557086,-87.79096501
16064210040000,522 N LINDEN AVE,41.89525417,-87.79094863
16064210050000,514 N LINDEN AVE,41.89499082,-87.79092705
16064210060000,500 N LINDEN AVE,41.89475941,-87.7908909
16064210070000,605 IOWA ST,41.89607628,-87.7902699
16064210080000,539 N EAST AVE,41.89586257,-87.79021454
16064210090000,531 N EAST AVE,41.89557425,-87.79017886
16064210100000,525 N EAST AVE,41.8953073,-87.79014778
16064210110000,515 N EAST AVE,41.89504781,-87.7901881
16064220010000,546 N EAST AVE,41.89610489,-87.78941765
16064220020000,538 N EAST AVE,41.89588783,-87.7894052
16064220030000,534 N EAST AVE,41.89574198,-87.78940643
16064220040000,530 N EAST AVE,41.89561023,-87.78937896
16064220050000,520 N EAST AVE,41.89540736,-87.78935686
16064220060000,518 N EAST AVE,41.89517231,-87.78930169
16064220080000,510 N EAST AVE,41.89494124,-87.78933699
16064220090000,504 N EAST AVE,41.89480247,-87.78932864
16064220100000,500 N EAST AVE,41.8946663,-87.78912017
16064220110000,547 FAIR OAKS AVE,41.89612595,-87.7886075
16064220120000,535 FAIR OAKS AVE,41.89591567,-87.78852353
16064220130000,533 FAIR OAKS AVE,41.89576978,-87.78851524
16064220140000,531 FAIR OAKS AVE,41.89563816,-87.78851636
16064220150000,525 FAIR OAKS AVE,41.89545667,-87.78850361
16064220160000,521 FAIR OAKS AVE,41.89529727,-87.7886479
16064220170000,515 FAIR OAKS AVE,41.89512585,-87.78850642
16064220180000,509 FAIR OAKS AVE,41.89496573,-87.78849826
16064220190000,505 FAIR OAKS AVE,41.89479847,-87.78848538
16064220210000,501 FAIR OAKS AVE,41.89467748,-87.78847688
16064230010000,540 FAIR OAKS AVE,41.89618226,-87.78773031
16064230020000,536 FAIR OAKS AVE,41.8960438,-87.78778866
16064230030000,532 FAIR OAKS AVE,41.89587651,-87.78775184
16064230050000,530 FAIR OAKS AVE,41.89565232,-87.78775387
16064230060000,526 FAIR OAKS AVE,41.89550994,-87.78773603
16064230070000,522 FAIR OAKS AVE,41.8953819,-87.78774188
16064230080000,520 FAIR OAKS AVE,41.89520058,-87.78776248
16064230090000,512 FAIR OAKS AVE,41.89507605,-87.78775878
16064230100000,508 FAIR OAKS AVE,41.89496576,-87.78775495
16064230110000,506 FAIR OAKS AVE,41.89483407,-87.78774178
16064230120000,500 FAIR OAKS AVE,41.89469889,-87.78774293
16064230130000,547 N ELMWOOD AVE,41.89619622,-87.78692506
16064230140000,543 N ELMWOOD AVE,41.89607886,-87.78693082
16064230150000,541 N ELMWOOD AVE,41.89592589,-87.78693213
16064230160000,537 N ELMWOOD AVE,41.89579416,-87.78690942
16064230170000,531 N ELMWOOD AVE,41.89567331,-87.78692951
16064230180000,527 N ELMWOOD AVE,41.89553815,-87.78693543
16064230190000,523 N ELMWOOD AVE,41.89540629,-87.78688414
16064230200000,519 N ELMWOOD AVE,41.89524981,-87.78689501
16064230210000,515 N ELMWOOD AVE,41.89512531,-87.78689607
16064230220000,511 N ELMWOOD AVE,41.89497946,-87.78689731
16064230230000,505 N ELMWOOD AVE,41.89485131,-87.78687935
16064230240000,501 N ELMWOOD AVE,41.89471621,-87.78689479
16064240010000,546 N ELMWOOD AVE,41.89622456,-87.786153
16064240020000,542 N ELMWOOD AVE,41.89608918,-87.78611111
16064240030000,538 N ELMWOOD AVE,41.89596105,-87.78609791
16064240040000,534 N ELMWOOD AVE,41.89582234,-87.78610386
16064240050000,530 N ELMWOOD AVE,41.89567649,-87.78610511
16064240060000,526 N ELMWOOD AVE,41.89552712,-87.78611115
16064240070000,522 N ELMWOOD AVE,41.89540252,-87.78609316
16064240080000,518 N ELMWOOD AVE,41.89527804,-87.78609898
16064240090000,514 N ELMWOOD AVE,41.89513931,-87.78610017
16064240100000,510 N ELMWOOD AVE,41.89498974,-87.78606809
16064240110000,506 N ELMWOOD AVE,41.89484746,-87.7860693
16064240120000,500 N ELMWOOD AVE,41.89472647,-87.78606081
16064240130000,547 N RIDGELAND AVE,41.89622773,-87.78531946
16064240140000,543 N RIDGELAND AVE,41.89609593,-87.78529189
16064240150000,539 N RIDGELAND AVE,41.89595718,-87.78528831
16064240160000,535 N RIDGELAND AVE,41.89583265,-87.78528461
16064240170000,531 N RIDGELAND AVE,41.89569754,-87.78530006
16064240180000,527 N RIDGELAND AVE,41.89555168,-87.78530129
16064240190000,525 N RIDGELAND AVE,41.89540585,-87.7853073
16064240200000,519 N RIDGELAND AVE,41.89528489,-87.78530357
16064240210000,515 N RIDGELAND AVE,41.89514586,-87.78524282
16064240230000,505 N RIDGELAND AVE,41.89482185,-87.78516925
16064240240000,400 CHICAGO AVE,41.89472776,-87.78511069
16064240250000,511 N RIDGELAND AVE,41.89499641,-87.78523457
16071000050000,711 N HARLEM AVE,41.89340208,-87.80493875
16071000070000,1140 SUPERIOR ST,41.89319889,-87.80461521
16071000080000,1135 CHICAGO AVE,41.89399173,-87.80446399
16071000100000,425 N MAPLE AVE,41.89380552,-87.80419113
16071000110000,417 N MAPLE AVE,41.89368672,-87.80417107
16071000120000,411 N MAPLE AVE,41.89354715,-87.8041646
16071000180000,1118 SUPERIOR ST,41.89314096,-87.80417152
16071000190000,1120 SUPERIOR ST,41.89317901,-87.80425926
16071000200000,1122 SUPERIOR ST,41.89313819,-87.80433798
16071000230000,1137 CHICAGO AVE,41.89396965,-87.80461285
16071000250000,727 N HARLEM AVE,41.8938259,-87.80487565
16071000270000,407 N MAPLE AVE,41.8933664,-87.80423408
16071000281001,1133 CHICAGO AVE,41.8940143,-87.80421114
16071010020000,420 N MAPLE AVE,41.89385399,-87.80372464
16071010030000,416 N MAPLE AVE,41.89373437,-87.80371038
16071010040000,412 N MAPLE AVE,41.89359901,-87.80368191
16071010050000,408 N MAPLE AVE,41.89346806,-87.80367918
16071010060000,404 N MAPLE AVE,41.89334646,-87.80369453
16071010070000,400 N MAPLE AVE,41.89321273,-87.80370326
16071010080000,1109 CHICAGO AVE,41.89413725,-87.80326315
16071010090000,421 N MARION ST,41.89388204,-87.8030182
16071010110000,417 N MARION ST,41.89374271,-87.80304985
16071010120000,415 N MARION ST,41.89366581,-87.80303905
16071010130000,413 N MARION ST,41.89359748,-87.80303581
16071010140000,411 N MARION ST,41.89350511,-87.80296331
16071010150000,407 N MARION ST,41.89339457,-87.80302896
16071010170000,403 N MARION ST,41.89326487,-87.80312589
16071010180000,1117 CHICAGO AVE,41.89395286,-87.80372955
16071010190000,1115 CHICAGO AVE,41.89406038,-87.80359142
16071020030000,1037 CHICAGO AVE,41.89395549,-87.80222672
16071020070000,1023 CHICAGO AVE,41.89399124,-87.80154052
16071020080000,1019 CHICAGO AVE,41.89399102,-87.80133661
16071020090000,1015 CHICAGO AVE,41.89409847,-87.80118323
16071020130000,408 N MARION ST,41.89348603,-87.80252968
16071020160000,1036 SUPERIOR ST,41.89329659,-87.8020318
16071020170000,1032 SUPERIOR ST,41.89330121,-87.80190853
16071020180000,1030 SUPERIOR ST,41.89330348,-87.80178271
16071020190000,1024 SUPERIOR ST,41.89329476,-87.80160071
16071020200000,1020 SUPERIOR ST,41.89329672,-87.80141009
16071020210000,1016 SUPERIOR ST,41.89329289,-87.80119664
16071020220000,429 FOREST AVE,41.8940737,-87.80068478
16071020230000,423 FOREST AVE,41.89394834,-87.80075094
16071020240000,419 FOREST AVE,41.89380033,-87.80075217
16071020260000,415 FOREST AVE,41.89361808,-87.80073462
16071020270000,411 FOREST AVE,41.89346326,-87.80078068
16071020280000,401 FOREST AVE,41.89330611,-87.80065238
16071020290000,1045 CHICAGO AVE,41.89396735,-87.80256507
16071020300000,1041 CHICAGO AVE,41.89402635,-87.80239685
16071020310000,420 N MARION ST,41.89379511,-87.80254068
16071020320000,404 N MARION ST,41.89335513,-87.80253839
16071020330000,400 N MARION ST,41.89321867,-87.80257383
16071020350000,412 N MARION ST,41.89364387,-87.80249455
16071020360000,1038 SUPERIOR ST,41.89325754,-87.80220367
16071020370000,1027 CHICAGO AVE,41.8939958,-87.8017532
16071020380000,1031 CHICAGO AVE,41.89397231,-87.80192494
16071030010000,951 CHICAGO AVE,41.89406505,-87.79980855
16071030020000,931 CHICAGO AVE,41.8940975,-87.79930136
16071030030000,426 FOREST AVE,41.89392653,-87.79987183
16071030060000,414 FOREST AVE,41.8934556,-87.79989765
16071030070000,400 FOREST AVE,41.89314796,-87.79984684
16071030080000,318 FOREST AVE,41.8927366,-87.79984174
16071030090000,333 ELIZABETH TRL,41.89263004,-87.79905014
16071030100000,925 CHICAGO AVE,41.89410213,-87.7989163
16071030110000,921 CHICAGO AVE,41.89411254,-87.79870655
16071030130000,911 CHICAGO AVE,41.89413935,-87.7983518
16071030140000,437 N KENILWORTH AVE,41.89420327,-87.79801961
16071030150000,427 N KENILWORTH AVE,41.89394245,-87.79807713
16071030160000,423 N KENILWORTH AVE,41.89374277,-87.79802144
16071030170000,417 N KENILWORTH AVE,41.89351544,-87.79810339
16071030180000,407 N KENILWORTH AVE,41.89317382,-87.798091
16071030190000,401 N KENILWORTH AVE,41.89297728,-87.79806214
16071030240000,317 N KENILWORTH AVE,41.89257668,-87.79804403
16071030250000,308 FOREST AVE,41.89241079,-87.79988361
16071030260000,300 FOREST AVE,41.89222035,-87.79987691
16071030290000,1 ELIZABETH CT,41.8922506,-87.79930961
16071030300000,3 ELIZABETH CT,41.89225497,-87.79911967
16071030310000,5 ELIZABETH CT,41.89216169,-87.79882503
16071030320000,7 ELIZABETH CT,41.89205405,-87.79858102
16071030330000,9 ELIZABETH CT,41.89233871,-87.79840541
16071030340000,313 N KENILWORTH AVE,41.89238315,-87.7980558
16071030360000,309 N KENILWORTH AVE,41.89224873,-87.7980533
16071030370000,11 ELIZABETH CT,41.89206278,-87.79804583
16071030440000,917 CHICAGO AVE,41.89412023,-87.7985235
16071030470000,422 FOREST AVE,41.89374444,-87.79988859
16071030490000,323 N KENILWORTH AVE,41.89277468,-87.79808353
16071040020000,847 CHICAGO AVE,41.89414437,-87.79698901
16071040030000,424 N KENILWORTH AVE,41.89385414,-87.79728557
16071040040000,420 N KENILWORTH AVE,41.89366179,-87.7972536
16071040050000,410 N KENILWORTH AVE,41.89338049,-87.79725969
16071040060000,408 N KENILWORTH AVE,41.89319941,-87.79725374
16071040070000,400 N KENILWORTH AVE,41.8930406,-87.79724388
16071040080000,344 N KENILWORTH AVE,41.89288453,-87.79722653
16071040090000,338 N KENILWORTH AVE,41.89271179,-87.79721679
16071040100000,334 N KENILWORTH AVE,41.89254187,-87.79721448
16071040110000,328 N KENILWORTH AVE,41.89236613,-87.79715999
16071040120000,322 N KENILWORTH AVE,41.89217638,-87.79719673
16071040140000,312 N KENILWORTH AVE,41.89180647,-87.79726576
16071040150000,308 N KENILWORTH AVE,41.89164613,-87.79730149
16071040160000,300 N KENILWORTH AVE,41.89146301,-87.79726222
16071040170000,845 CHICAGO AVE,41.89413993,-87.79680327
16071040180000,435 N GROVE AVE,41.89418492,-87.79653609
16071040190000,433 N GROVE AVE,41.89401058,-87.79652803
16071040200000,427 N GROVE AVE,41.89385275,-87.79656025
16071040210000,421 N GROVE AVE,41.89367719,-87.79654306
16071040220000,415 N GROVE AVE,41.89353792,-87.79654423
16071040240000,413 N GROVE AVE,41.89339858,-87.79653047
16071040250000,409 N GROVE AVE,41.89324229,-87.79646463
16071040260000,403 N GROVE AVE,41.89308099,-87.79651821
16071040270000,343 N GROVE AVE,41.89288582,-87.79647881
16071040280000,339 N GROVE AVE,41.89272433,-87.79649136
16071040290000,335 N GROVE AVE,41.89254892,-87.79650775
16071040300000,331 N GROVE AVE,41.89243718,-87.7964378
16071040310000,327 N GROVE AVE,41.89232576,-87.79643874
16071040320000,325 N GROVE AVE,41.89221839,-87.79641777
16071040330000,321 N GROVE AVE,41.89212646,-87.7964386
16071040340000,319 N GROVE AVE,41.89202587,-87.79643658
16071040350000,315 N GROVE AVE,41.89191186,-87.79646238
16071040360000,311 N GROVE AVE,41.8917964,-87.79648341
16071040370000,309 N GROVE AVE,41.89167006,-87.79646727
16071040380000,305 N GROVE AVE,41.89154796,-87.7964425
16071040390000,303 N GROVE AVE,41.89142812,-87.7964435
16071040430000,432 N KENILWORTH AVE,41.89401095,-87.79736651
16071040440000,436 N KENILWORTH AVE,41.89416355,-87.797289
16071050010000,436 N GROVE AVE,41.8941743,-87.79582223
16071050020000,432 N GROVE AVE,41.89405311,-87.79577084
16071050030000,424 N GROVE AVE,41.8938362,-87.79583132
16071050040000,420 N GROVE AVE,41.89370802,-87.7958212
16071050050000,416 N GROVE AVE,41.89354922,-87.79581507
16071050060000,412 N GROVE AVE,41.89338221,-87.79583885
16071050070000,408 N GROVE AVE,41.89323455,-87.79583263
16071050080000,402 N GROVE AVE,41.893087,-87.79584879
16071050090000,344 N GROVE AVE,41.89292256,-87.79582779
16071050100000,340 N GROVE AVE,41.89273878,-87.79584052
16071050110000,332 N GROVE AVE,41.89260785,-87.79583789
16071050120000,330 N GROVE AVE,41.89244909,-87.79583922
16071050130000,326 N GROVE AVE,41.89235991,-87.79582877
16071050140000,324 N GROVE AVE,41.89225682,-87.79582217
16071050150000,320 N GROVE AVE,41.89216995,-87.79582013
16071050160000,318 N GROVE AVE,41.89206721,-87.79581813
16071050170000,314 N GROVE AVE,41.89196666,-87.7958247
16071050180000,312 N GROVE AVE,41.89184249,-87.79581523
16071050190000,310 N GROVE AVE,41.8917288,-87.79575886
16071050220000,427 N OAK PARK AVE,41.89386884,-87.79506955
16071050230000,421 N OAK PARK AVE,41.89374052,-87.79502959
16071050240000,419 N OAK PARK AVE,41.89365075,-87.79524799
16071050250000,415 N OAK PARK AVE,41.89351884,-87.79499578
16071050260000,411 N OAK PARK AVE,41.8933821,-87.79505393
16071050270000,407 N OAK PARK AVE,41.89325125,-87.79506622
16071050280000,403 N OAK PARK AVE,41.89307857,-87.7950714
16071050290000,341 N OAK PARK AVE,41.89294185,-87.79502032
16071050300000,339 N OAK PARK AVE,41.89278598,-87.79504402
16071050310000,333 N OAK PARK AVE,41.8926245,-87.79506029
16071050340000,307 N OAK PARK AVE,41.891608,-87.79541159
16071050350000,811 CHICAGO AVE,41.89418269,-87.79533613
16071050360000,435 N OAK PARK AVE,41.89419545,-87.79502157
16071050370000,433 N OAK PARK AVE,41.89406721,-87.79498454
16071050380000,325 N OAK PARK AVE,41.89234609,-87.79511238
16071050390000,300 N GROVE AVE,41.89144323,-87.79579651
16071060040000,615 N HARLEM AVE,41.89240751,-87.80484852
16071060050000,611 N HARLEM AVE,41.89229649,-87.80484563
16071060110000,329 N MAPLE AVE,41.89291665,-87.80415262
16071060120000,325 N MAPLE AVE,41.89283114,-87.80412567
16071060130000,323 N MAPLE AVE,41.89269735,-87.80412296
16071060180000,1138 ERIE ST,41.89193896,-87.80439535
16071060190000,303 N MAPLE AVE,41.89202206,-87.80413054
16071060220000,625 N HARLEM AVE,41.89273981,-87.80482042
16071060230000,315 N MAPLE AVE,41.89233494,-87.80410716
16071060240000,601 N HARLEM AVE,41.8919821,-87.80485626
16071060250000,1140 ERIE ST,41.89194408,-87.80456154
16071070010000,328 N MAPLE AVE,41.89291505,-87.80366087
16071070020000,324 N MAPLE AVE,41.89280675,-87.80363127
16071070040000,316 N MAPLE AVE,41.89254747,-87.8036842
16071070090000,1111 SUPERIOR ST,41.89287629,-87.80327999
16071070120000,317 N MARION ST,41.89256446,-87.80308268
16071070130000,315 N MARION ST,41.89248188,-87.80307574
16071070140000,313 N MARION ST,41.89237369,-87.80306901
16071070190000,309 N MARION ST,41.89226263,-87.80305849
16071070200000,305 N MARION ST,41.89216301,-87.80305931
16071070220000,303 N MARION ST,41.89205489,-87.80306783
16071070230000,300 N MAPLE AVE,41.89221959,-87.80358601
16071070240000,1105 SUPERIOR ST,41.89291785,-87.80301199
16071070250000,318 N MAPLE AVE,41.89260731,-87.80368502
16071070260000,1108 ERIE ST,41.89198187,-87.80325639
16071080010000,326 N MARION ST,41.89294376,-87.80251615
16071080030000,320 N MARION ST,41.89267958,-87.80254703
16071080050000,1035 SUPERIOR ST,41.89293813,-87.80212899
16071080090000,1025 SUPERIOR ST,41.89281047,-87.8016696
16071080100000,1021 SUPERIOR ST,41.89283374,-87.80147783
16071080130000,1013 SUPERIOR ST,41.89288838,-87.80111426
16071080140000,325 FOREST AVE,41.89256138,-87.80112147
16071080200000,1032 ERIE ST,41.89211457,-87.80193865
16071080210000,1030 ERIE ST,41.89214521,-87.80179354
16071080220000,1026 ERIE ST,41.8921473,-87.8016296
16071080230000,1024 ERIE ST,41.89216021,-87.80142598
16071080260000,333 FOREST AVE,41.89299166,-87.80067472
16071080320000,313 FOREST AVE,41.89242796,-87.80066349
16071080330000,309 FOREST AVE,41.89227706,-87.80065331
16071080340000,305 FOREST AVE,41.89214057,-87.80065512
16071080350000,1016 ERIE ST,41.8921622,-87.80114716
16071080360000,1014 ERIE ST,41.89234164,-87.80106342
16071080370000,316 N MARION ST,41.8925833,-87.80254606
16071080390000,1033 SUPERIOR ST,41.89277473,-87.80195573
16071080410000,1040 ERIE ST,41.89221567,-87.80239565
16071080420000,1019 SUPERIOR ST,41.89288352,-87.80129347
16071080430000,324 N MARION ST,41.89282128,-87.80264025
16071090020000,525 N HARLEM AVE,41.89160453,-87.80473075
16071090040000,1137 ERIE ST,41.89165942,-87.80456044
16071090090000,1140 ONTARIO ST,41.89076817,-87.80468508
16071090100000,1138 ONTARIO ST,41.89075925,-87.80456837
16071090130000,1135 ERIE ST,41.89165873,-87.80441128
16071090140000,1136 ONTARIO ST,41.89080178,-87.80442
16071090151001,1148 ONTARIO ST,41.89074708,-87.804893
16071090160000,515 N HARLEM AVE,41.89120003,-87.80461029
16071100030000,1121 ERIE ST,41.89162526,-87.80377143
16071100040000,1117 ERIE ST,41.8916168,-87.80360176
16071100050000,1111 ERIE ST,41.89163868,-87.80336243
16071100060000,1109 ERIE ST,41.89176238,-87.80322576
16071100070000,229 N MARION ST,41.89172518,-87.80297851
16071100080000,227 N MARION ST,41.89164074,-87.80298949
16071100090000,225 N MARION ST,41.89155617,-87.80297476
16071100100000,223 N MARION ST,41.89146208,-87.80296002
16071100120000,221 N MARION ST,41.89133166,-87.80296824
16071100130000,1127 ERIE ST,41.89154317,-87.80409283
16071110121051,222 N MARION ST,41.89150937,-87.80261473
16071120050000,1122 ONTARIO ST,41.89078584,-87.80376038
16071120060000,1120 ONTARIO ST,41.89079324,-87.8036237
16071120070000,1118 ONTARIO ST,41.89078855,-87.80352095
16071120100000,1112 ONTARIO ST,41.89075271,-87.80326581
16071120140000,1130 ONTARIO ST,41.89085935,-87.80398038
16071120150000,1114 ONTARIO ST,41.89075947,-87.80336737
16071120160000,213 N MARION ST,41.89112778,-87.80312481
16071130010000,212 N MARION ST,41.89116115,-87.80248087
16071130020000,210 N MARION ST,41.89107706,-87.8024675
16071130030000,208 N MARION ST,41.89098783,-87.80247878
16071130040000,206 N MARION ST,41.89089588,-87.802469
16071130050000,202 N MARION ST,41.89080391,-87.80245569
16071130060000,200 N MARION ST,41.89071989,-87.8024599
16071130100000,1040 ONTARIO ST,41.89088716,-87.80205532
16071140010000,1033 ERIE ST,41.89166584,-87.80185684
16071140020000,224 MARION CT,41.89143879,-87.80185935
16071140030000,218 MARION CT,41.8913144,-87.8018642
16071140040000,1025 ERIE ST,41.89165184,-87.80166705
16071140050000,1023 ERIE ST,41.89162492,-87.80152031
16071140060000,1019 ERIE ST,41.89164193,-87.80132267
16071140100000,1024 ONTARIO ST,41.89094102,-87.80149365
16071140110000,1022 ONTARIO ST,41.89087519,-87.80128942
16071140120000,1013 ERIE ST,41.89180396,-87.80108944
16071140130000,231 FOREST AVE,41.89175246,-87.80066566
16071140140000,227 FOREST AVE,41.89162984,-87.80069568
16071140150000,223 FOREST AVE,41.891488,-87.80068631
16071140160000,219 FOREST AVE,41.8913461,-87.80066638
16071140170000,215 FOREST AVE,41.89120688,-87.80065699
16071140180000,209 FOREST AVE,41.89103612,-87.8006979
16071140190000,203 FOREST AVE,41.89083891,-87.80063549
16071140200000,1032 ONTARIO ST,41.89092676,-87.80182361
16071140210000,1028 ONTARIO ST,41.89088124,-87.80162778
16071150050000,4 ELIZABETH CT,41.89182213,-87.79916224
16071150070000,228 FOREST AVE,41.8911541,-87.79982285
16071150080000,222 FOREST AVE,41.89096626,-87.79982916
16071150100000,216 FOREST AVE,41.89077281,-87.79985211
16071150110000,210 FOREST AVE,41.89056886,-87.79994703
16071150120000,206 FOREST AVE,41.89042703,-87.79999626
16071150130000,204 FOREST AVE,41.89034564,-87.80000046
16071150140000,202 FOREST AVE,41.89028525,-87.80000096
16071150150000,200 FOREST AVE,41.89023235,-87.79999757
16071150160000,942 ONTARIO ST,41.89033518,-87.79964344
16071150200000,6 ELIZABETH CT,41.89171118,-87.79891643
16071150210000,8 ELIZABETH CT,41.89164214,-87.79875172
16071150220000,10 ELIZABETH CT,41.89167014,-87.79856157
16071150340000,231 N KENILWORTH AVE,41.89142294,-87.79807435
16071150350000,12 ELIZABETH CT,41.89161826,-87.798387
16071150360000,245 N KENILWORTH AVE,41.89172031,-87.7980577
16071150370000,241 N KENILWORTH AVE,41.89153311,-87.79804882
16071150380000,250 FOREST AVE,41.89190973,-87.79982506
16071150430000,938 ONTARIO ST,41.89041272,-87.79942124
16071150440000,244 FOREST AVE,41.89171534,-87.79985346
16071150450000,2 ELIZABETH CT,41.89181523,-87.7993733
16071150470000,221 N KENILWORTH AVE,41.89083197,-87.79829646
16071150480000,930 ONTARIO ST,41.89040853,-87.79911359
16071150490000,238 FOREST AVE,41.89151771,-87.79982106
16071150520000,203 N KENILWORTH AVE,41.89047065,-87.79827572
16071150530000,922 ONTARIO ST,41.89051277,-87.79885513
16071160020000,220 N KENILWORTH AVE,41.89089511,-87.79721314
16071160090000,210 N KENILWORTH AVE,41.89061704,-87.79719304
16071160120000,201 N GROVE AVE,41.89029016,-87.79630926
16071160140000,224 N KENILWORTH AVE,41.8911095,-87.79722256
16071160150000,208 N KENILWORTH AVE,41.89048496,-87.79734787
16071160160000,221 N GROVE AVE,41.89103855,-87.79641232
16071160170000,211 N GROVE AVE,41.89060575,-87.79644491
16071160181001,227 N GROVE AVE,41.89121312,-87.79634371
16071160200000,215 N GROVE AVE,41.89075731,-87.79647009
16071160230000,217 N GROVE AVE,41.89086772,-87.79644468
16071170010000,226 N GROVE AVE,41.89119255,-87.79576669
16071170070000,211 N OAK PARK AVE,41.89073604,-87.79507662
16071170080000,820 ONTARIO ST,41.89040061,-87.7953169
16071170090000,222 N GROVE AVE,41.89092517,-87.79576194
16071170100000,219 N OAK PARK AVE,41.89090813,-87.79510156
16071170110000,212 N GROVE AVE,41.89073741,-87.79582923
16071180110000,195 N MARION ST,41.89046658,-87.80288439
16071180140000,189 N MARION ST,41.89025391,-87.80288966
16071180150000,187 N MARION ST,41.89018302,-87.80289377
16071180160000,185 N MARION ST,41.89011213,-87.80289435
16071180450000,1111 ONTARIO ST,41.89019965,-87.80327092
16071180490000,191 N MARION ST,41.89032216,-87.80288558
16071180500000,193 N MARION ST STE 2,41.89040094,-87.80288493
16071180630000,473 N HARLEM AVE,41.88978251,-87.80491031
16071180640000,1129 ONTARIO ST,41.89038868,-87.80405218
16071180650000,1135 ONTARIO ST,41.89038137,-87.80436755
16071180660000,479 N HARLEM AVE,41.88994015,-87.80491574
16071180670000,463 N HARLEM AVE,41.88933471,-87.80491408
16071190120000,455 N HARLEM AVE,41.88915246,-87.8048368
16071190130000,1142 LAKE ST,41.88874,-87.80460229
16071190140000,1138 LAKE ST,41.88874377,-87.80441978
16071190150000,1130 LAKE ST,41.88874904,-87.80416808
16071190200000,1112 LAKE ST,41.88875014,-87.80330889
16071190210000,1100 LAKE ST,41.88901627,-87.80294624
16071190250000,1113 HOLLY CT,41.88954716,-87.80323002
16071190350000,1114 LAKE ST,41.88874822,-87.80339282
16071200250000,1036 LAKE ST,41.88886806,-87.80196406
16071200320000,1033 ONTARIO ST,41.89011849,-87.80212231
16071200330000,1018 LAKE ST,41.88905633,-87.80137413
16071200420000,198 N MARION ST,41.89045921,-87.80252668
16071200430000,196 N MARION ST,41.89040742,-87.80252511
16071200440000,194 N MARION ST,41.89032733,-87.80252412
16071200450000,192 N MARION ST,41.89027112,-87.80252242
16071200460000,190 N MARION ST,41.89021772,-87.8025208
16071200470000,188 N MARION ST,41.89016272,-87.80251914
16071200480000,186 N MARION ST,41.89009889,-87.80250415
16071200490000,184 N MARION ST,41.89003291,-87.80251005
16071200500000,182 N MARION ST,41.88997831,-87.8025084
16071200510000,180 N MARION ST,41.88992451,-87.80250677
16071200520000,178 N MARION ST,41.88984538,-87.80250704
16071200530000,176 N MARION ST,41.88979158,-87.80250542
16071200540000,174 N MARION ST,41.88973697,-87.80250377
16071200570000,172 N MARION ST,41.88969113,-87.80250136
16071200580000,170 N MARION ST,41.89004576,-87.80237056
16071200600000,1038 LAKE ST,41.8888809,-87.80208327
16071200630000,1048 LAKE ST,41.88895182,-87.80235273
16071200640000,1010 LAKE ST,41.8890829,-87.80109896
16071200650000,1000 LAKE ST,41.88893563,-87.8005834
16071210060000,937 ONTARIO ST,41.88993629,-87.79946645
16071210070000,935 ONTARIO ST,41.88995577,-87.79934475
16071210080000,933 ONTARIO ST,41.88995504,-87.79924536
16071210110000,931 ONTARIO ST,41.88994876,-87.79912424
16071210130000,925 ONTARIO ST,41.88995778,-87.79882844
16071210150000,919 ONTARIO ST,41.8900379,-87.79856651
16071210160000,913 ONTARIO ST,41.89003914,-87.79833321
16071210230000,901 ONTARIO ST,41.89000812,-87.79796226
16071210240000,175 N KENILWORTH AVE,41.88976783,-87.79797105
16071210340000,178 FOREST AVE,41.88994514,-87.79979573
16071210360000,165 N KENILWORTH AVE,41.88946674,-87.79796914
16071210380000,929 ONTARIO ST,41.89000638,-87.79902579
16071210410000,921 ONTARIO ST,41.88992762,-87.79866047
16071210440000,924 LAKE ST,41.88931518,-87.79870012
16071210450000,151 N KENILWORTH AVE,41.88904208,-87.79794013
16071210460000,164 FOREST AVE,41.88938509,-87.79968862
16071210470000,954 LAKE ST,41.88888112,-87.79955128
16071220080000,848 LAKE ST,41.88929503,-87.79693768
16071220090000,179 N GROVE AVE,41.89000906,-87.79653593
16071220100000,175 N GROVE AVE,41.88989129,-87.79656322
16071220140000,834 LAKE ST,41.88920038,-87.79650862
16071220181025,169 N GROVE AVE,41.88966889,-87.79638761
16071240020000,427 N HARLEM AVE,41.88813339,-87.80462416
16071240030000,1145 LAKE ST,41.88830736,-87.80440138
16071240040000,1143 LAKE ST,41.88829827,-87.80429773
16071240100000,1117 LAKE ST,41.88844811,-87.80334034
16071240110000,1115 LAKE ST,41.8884514,-87.8032126
16071240120000,1113 LAKE ST,41.88845105,-87.80313744
16071240130000,1111 LAKE ST,41.88851969,-87.80305525
16071240140000,1109 LAKE ST,41.88846356,-87.80295527
16071240150000,1107 LAKE ST,41.88845953,-87.8028335
16071240160000,1101 LAKE ST,41.88847452,-87.80260392
16071240230000,127 N MARION ST,41.88819626,-87.80264966
16071240260000,1110 WESTGATE ST,41.88796359,-87.80281314
16071240320000,435 N HARLEM AVE,41.88835422,-87.80468748
16071240330000,425 N HARLEM AVE,41.88813119,-87.80476007
16071240350000,1126 WESTGATE ST,41.88808794,-87.80331469
16071240380000,123 N MARION ST,41.88806575,-87.80254591
16071240420000,1118 WESTGATE ST,41.88812957,-87.80306357
16071240440000,1121 LAKE ST,41.88844986,-87.80349839
16071250010000,401 N HARLEM AVE,41.88726802,-87.80447649
16071250080000,1125 WESTGATE ST,41.88778532,-87.80324727
16071250090000,1111 WESTGATE ST,41.88779824,-87.80306343
16071250150000,1107 WESTGATE ST,41.88785293,-87.80285584
16071250160000,113 N MARION ST,41.8876636,-87.80253754
16071250170000,111 N MARION ST,41.88759404,-87.80253598
16071250190000,105 N MARION ST,41.88740605,-87.80253813
16071250200000,101 N MARION ST,41.88723822,-87.80255631
16071250310000,107 N MARION ST,41.88748443,-87.80252747
16071250360000,1133 WESTGATE ST,41.88771489,-87.80341978
16071260010000,136 N MARION ST,41.88843885,-87.80229948
16071260030000,1045 LAKE ST,41.88853415,-87.80184062
16071260040000,1035 LAKE ST,41.88847852,-87.80171716
16071260050000,1027 LAKE ST,41.88853922,-87.80160517
16071260100000,102 N MARION ST,41.88751759,-87.80224321
16071260110000,1024 NORTH BLVD,41.88753401,-87.80185531
16071260120000,1001 LAKE ST,41.88852632,-87.8011118
16071260140000,129 FOREST AVE,41.88827011,-87.80111657
16071260170000,1016 NORTH BLVD,41.88764367,-87.8017009
16071260180000,1000 NORTH BLVD,41.88758191,-87.80090865
16071260190000,124 N MARION ST,41.88810418,-87.80217652
16071260200000,122 N MARION ST,41.88805557,-87.80217501
16071260210000,120 N MARION ST,41.88799124,-87.80217172
16071280050000,931 LAKE ST,41.88816562,-87.79876965
16071280070000,921 LAKE ST,41.88836654,-87.79825836
16071280090000,901 LAKE ST,41.8883229,-87.79770726
16071280120000,950 NORTH BLVD,41.88747735,-87.79941159
16071280130000,946 NORTH BLVD,41.88747994,-87.79926343
16071280150000,930 NORTH BLVD,41.88754845,-87.79876786
16071280180000,914 NORTH BLVD,41.88761277,-87.79764184
16071280190000,121 N KENILWORTH AVE,41.88803812,-87.79739333
16071280200000,119 N KENILWORTH AVE,41.88796326,-87.79738915
16071280210000,117 N KENILWORTH AVE,41.88790266,-87.79737527
16071280220000,115 N KENILWORTH AVE,41.88784207,-87.79738537
16071280230000,111 N KENILWORTH AVE,41.88776015,-87.79739085
16071280240000,109 N KENILWORTH AVE,41.88762823,-87.79738236
16071280310000,100 FOREST AVE,41.88811748,-87.8001326
16071280320000,938 NORTH BLVD,41.88755289,-87.79905174
16071280340000,949 LAKE ST,41.88822463,-87.79947014
16071280350000,105 N KENILWORTH AVE,41.88750717,-87.79738337
16071280360000,101 N KENILWORTH AVE,41.88735389,-87.79738465
16071280370000,922 NORTH BLVD,41.88755175,-87.79813737
16071290090000,104 N KENILWORTH AVE,41.88745299,-87.79688738
16071290100000,102 N KENILWORTH AVE,41.88734933,-87.79684478
16071290120000,855 LAKE ST,41.88834915,-87.79636251
16071290130000,835 LAKE ST APT 1,41.88850197,-87.79599172
16071290140000,829 LAKE ST,41.88850044,-87.79578585
16071290160000,129 N OAK PARK AVE,41.88801607,-87.79468555
16071290180000,830 NORTH BLVD,41.88765047,-87.79608595
16071290190000,828 NORTH BLVD,41.88761912,-87.79582786
16071290210000,820 NORTH BLVD,41.88744999,-87.79546389
16071290230000,115 N OAK PARK AVE,41.88786276,-87.7947512
16071290240000,113 N OAK PARK AVE,41.88779625,-87.79474675
16071290250000,111 N OAK PARK AVE,41.88768825,-87.79474876
16071290270000,818 NORTH BLVD,41.8873922,-87.79537463
16071290280000,816 NORTH BLVD,41.88745882,-87.79528643
16071290310000,875 LAKE ST,41.88845218,-87.79688616
16071290320000,124 N KENILWORTH AVE,41.88806791,-87.79691576
16071290330000,110 N KENILWORTH AVE,41.88769416,-87.7969134
16071290340000,819 LAKE ST,41.88800943,-87.79539699
16071290360000,101 N OAK PARK AVE,41.88742498,-87.79465074
16072000010000,434 N OAK PARK AVE,41.89424912,-87.79433032
16072000020000,430 N OAK PARK AVE,41.89410688,-87.79434104
16072000160000,431 N EUCLID AVE,41.89423339,-87.79325369
16072000170000,427 N EUCLID AVE,41.89397009,-87.79324162
16072000230000,416 N OAK PARK AVE,41.89363743,-87.79436558
16072000300000,428 N OAK PARK AVE,41.89396103,-87.79434227
16072000310000,424 N OAK PARK AVE,41.89378213,-87.79433452
16072000320000,414 N OAK PARK AVE,41.89350066,-87.79430331
16072000330000,410 N OAK PARK AVE,41.8933809,-87.79430805
16072000340000,402 N OAK PARK AVE,41.89319812,-87.7943001
16072000370000,400 N OAK PARK AVE,41.89311232,-87.79434512
16072000380000,730 SUPERIOR ST,41.89310908,-87.79417669
16072000400000,405 N EUCLID AVE,41.89335281,-87.79330137
16072000410000,726 SUPERIOR ST,41.89315264,-87.79393088
16072010010000,430 N EUCLID AVE,41.89423325,-87.79246758
16072010030000,420 N EUCLID AVE,41.89379811,-87.79240095
16072010100000,411 N LINDEN AVE,41.8934533,-87.79176701
16072010110000,401 N LINDEN AVE,41.8932942,-87.79169747
16072010120000,425 N LINDEN AVE,41.89404847,-87.79175308
16072010130000,415 N LINDEN AVE,41.89379172,-87.79172646
16072010140000,400 N EUCLID AVE,41.89338297,-87.79237834
16072020110000,415 N EAST AVE,41.89364833,-87.79013526
16072020130000,403 N EAST AVE,41.89328617,-87.79012341
16072020190000,425 N EAST AVE,41.89407337,-87.79024874
16072020200000,421 N EAST AVE,41.89385464,-87.79017455
16072020220000,435 N EAST AVE,41.894295,-87.79018496
16072020230000,406 N LINDEN AVE,41.8933648,-87.79090241
16072020240000,400 N LINDEN AVE,41.89316401,-87.79085188
16072020250000,440 N LINDEN AVE,41.89407631,-87.79087288
16072020260000,424 N LINDEN AVE,41.8938274,-87.79094699
16072020280000,414 N LINDEN AVE,41.89360737,-87.79095258
16072030070000,439 N SCOVILLE AVE,41.89435632,-87.78847339
16072030080000,435 N SCOVILLE AVE,41.89419412,-87.78850519
16072030090000,429 N SCOVILLE AVE,41.89409394,-87.7885247
16072030100000,425 N SCOVILLE AVE,41.8939796,-87.78849583
16072030110000,417 N SCOVILLE AVE,41.89384582,-87.78847831
16072030120000,415 N SCOVILLE AVE,41.89368982,-87.78847591
16072030130000,411 N SCOVILLE AVE,41.89353656,-87.78846229
16072030140000,407 N SCOVILLE AVE,41.89340297,-87.7884858
16072030160000,403 N SCOVILLE AVE,41.893208,-87.78848746
16072030170000,420 N EAST AVE,41.89385046,-87.78929046
16072030200000,434 N EAST AVE,41.89430754,-87.78936645
16072030210000,428 N EAST AVE,41.89407613,-87.78932919
16072030230000,404 N EAST AVE,41.89333519,-87.78929856
16072040010000,436 N SCOVILLE AVE,41.89437041,-87.78771925
16072040020000,434 N SCOVILLE AVE,41.89424955,-87.78769205
16072040030000,430 N SCOVILLE AVE,41.8941491,-87.7876556
16072040040000,426 N SCOVILLE AVE,41.8940377,-87.78766028
16072040050000,422 N SCOVILLE AVE,41.89391249,-87.78768746
16072040060000,418 N SCOVILLE AVE,41.89375651,-87.78768879
16072040070000,412 N SCOVILLE AVE,41.89362835,-87.78768242
16072040080000,410 N SCOVILLE AVE,41.8934974,-87.78767607
16072040090000,406 N SCOVILLE AVE,41.89335253,-87.78766984
16072040100000,400 N SCOVILLE AVE,41.89321334,-87.78768595
16072040110000,435 N ELMWOOD AVE,41.89435232,-87.78684273
16072040120000,431 N ELMWOOD AVE,41.8941982,-87.7868515
16072040130000,427 N ELMWOOD AVE,41.89405898,-87.78686388
16072040140000,423 N ELMWOOD AVE,41.89392793,-87.78683515
16072040150000,419 N ELMWOOD AVE,41.89378308,-87.78683265
16072040160000,415 N ELMWOOD AVE,41.8936494,-87.78683752
16072040170000,411 N ELMWOOD AVE,41.8935074,-87.78684993
16072040180000,407 N ELMWOOD AVE,41.89337362,-87.78683242
16072040190000,403 N ELMWOOD AVE,41.89323989,-87.7868261
16072050010000,436 N ELMWOOD AVE,41.89439213,-87.78604674
16072050020000,432 N ELMWOOD AVE,41.89424426,-87.78599577
16072050030000,426 N ELMWOOD AVE,41.8940801,-87.78603448
16072050040000,422 N ELMWOOD AVE,41.89392352,-87.7860736
16072050050000,418 N ELMWOOD AVE,41.89378148,-87.78607854
16072050060000,414 N ELMWOOD AVE,41.89366445,-87.78606835
16072050070000,410 N ELMWOOD AVE,41.89351961,-87.78606959
16072050080000,406 N ELMWOOD AVE,41.89338868,-87.78606697
16072050090000,400 N ELMWOOD AVE,41.89324656,-87.78605326
16072050100000,411 CHICAGO AVE,41.89434292,-87.78545913
16072050110000,401 CHICAGO AVE,41.89434571,-87.78529712
16072050120000,427 N RIDGELAND AVE,41.89410624,-87.7852274
16072050130000,423 N RIDGELAND AVE,41.89394446,-87.78515608
16072050140000,417 N RIDGELAND AVE,41.89380514,-87.78514608
16072050150000,415 N RIDGELAND AVE,41.89367714,-87.78517329
16072050160000,411 N RIDGELAND AVE,41.89358801,-87.78517405
16072050170000,409 N RIDGELAND AVE,41.89349606,-87.78516738
16072050180000,405 N RIDGELAND AVE,41.89340127,-87.78514954
16072050190000,414 SUPERIOR ST,41.89323544,-87.78554852
16072050200000,403 N RIDGELAND AVE,41.89326528,-87.78525515
16072060010000,324 N OAK PARK AVE,41.8926577,-87.79393804
16072060040000,308 N OAK PARK AVE,41.89196545,-87.79419582
16072060060000,711 SUPERIOR ST,41.89282287,-87.79349768
16072060070000,333 N EUCLID AVE,41.89277676,-87.79318549
16072060080000,327 N EUCLID AVE,41.89256414,-87.79319161
16072060090000,321 N EUCLID AVE,41.89238392,-87.79317141
16072060100000,317 N EUCLID AVE,41.89225476,-87.79350985
16072060140000,714 ERIE ST,41.89174605,-87.79353882
16072060160000,301 N EUCLID AVE,41.89175663,-87.79318626
16072060170000,316 N OAK PARK AVE,41.89221802,-87.79420516
16072060180000,312 N OAK PARK AVE,41.89209174,-87.79420336
16072060190000,300 N OAK PARK AVE,41.89170349,-87.79427106
16072060200000,315 N EUCLID AVE,41.8921116,-87.79318191
16072070010000,655 SUPERIOR ST,41.89278851,-87.79246591
16072070020000,324 N EUCLID AVE,41.89254903,-87.79247912
16072070050000,312 N EUCLID AVE,41.89203616,-87.79243321
16072070060000,300 N EUCLID AVE,41.89182015,-87.79237833
16072070070000,333 N LINDEN AVE,41.89281673,-87.79161733
16072070090000,325 N LINDEN AVE,41.89258273,-87.79161185
16072070100000,319 N LINDEN AVE,41.892398,-87.79161318
16072070120000,315 N LINDEN AVE,41.8922481,-87.79162265
16072070140000,309 N LINDEN AVE,41.89207039,-87.79157906
16072070160000,320 N EUCLID AVE,41.89235199,-87.7924565
16072070170000,652 ERIE ST,41.89184154,-87.79189579
16072070180000,303 N LINDEN AVE,41.89183147,-87.79153395
16072080010000,332 N LINDEN AVE,41.89281584,-87.79083874
16072080030000,324 N LINDEN AVE,41.89265981,-87.79082887
16072080040000,322 N LINDEN AVE,41.89246175,-87.7908551
16072080050000,318 N LINDEN AVE,41.8922936,-87.79088931
16072080060000,312 N LINDEN AVE,41.89214973,-87.79088233
16072080070000,308 N LINDEN AVE,41.89201508,-87.79088347
16072080080000,300 N LINDEN AVE,41.89184068,-87.79089041
16072080090000,329 N EAST AVE,41.89283192,-87.79007503
16072080100000,325 N EAST AVE,41.89269274,-87.79009486
16072080110000,321 N EAST AVE,41.89251612,-87.79005543
16072080120000,317 N EAST AVE,41.89236307,-87.79004853
16072080130000,315 N EAST AVE,41.89222538,-87.7900538
16072080140000,309 N EAST AVE,41.89207536,-87.79003867
16072080150000,305 N EAST AVE,41.89194365,-87.7900152
16072080160000,303 N EAST AVE,41.89178207,-87.79014499
16072090020000,322 N EAST AVE,41.89253091,-87.78930187
16072090030000,318 N EAST AVE,41.89238704,-87.78929489
16072090050000,312 N EAST AVE,41.89215736,-87.78925995
16072090060000,308 N EAST AVE,41.89205337,-87.78927313
16072090070000,304 N EAST AVE,41.89191258,-87.78927023
16072090080000,300 N EAST AVE,41.8917902,-87.78927605
16072090090000,505 SUPERIOR ST,41.89286908,-87.78851272
16072090100000,329 N SCOVILLE AVE,41.89275767,-87.78851367
16072090110000,325 N SCOVILLE AVE,41.89259305,-87.78845539
16072090120000,321 N SCOVILLE AVE,41.89247798,-87.78846622
16072090130000,317 N SCOVILLE AVE,41.89232782,-87.78842241
16072090140000,311 N SCOVILLE AVE,41.89218097,-87.78843186
16072090150000,307 N SCOVILLE AVE,41.89201576,-87.78844146
16072090160000,301 N SCOVILLE AVE,41.89187192,-87.78843927
16072090170000,330 N EAST AVE,41.89280031,-87.78928177
16072090180000,515 SUPERIOR ST,41.89281295,-87.78900935
16072100010000,332 N SCOVILLE AVE,41.89290654,-87.78760123
16072100020000,328 N SCOVILLE AVE,41.8927702,-87.78763224
16072100030000,324 N SCOVILLE AVE,41.89261422,-87.78763356
16072100040000,320 N SCOVILLE AVE,41.89249444,-87.78760952
16072100050000,316 N SCOVILLE AVE,41.892361,-87.7876345
16072100060000,312 N SCOVILLE AVE,41.89221529,-87.78757612
16072100070000,308 N SCOVILLE AVE,41.89206692,-87.78758136
16072100080000,304 N SCOVILLE AVE,41.89195127,-87.78760222
16072100090000,300 N SCOVILLE AVE,41.8918297,-87.78762642
16072100100000,331 N ELMWOOD AVE,41.89291026,-87.78679323
16072100110000,329 N ELMWOOD AVE,41.89277112,-87.78682053
16072100120000,325 N ELMWOOD AVE,41.89264012,-87.78680299
16072100130000,321 N ELMWOOD AVE,41.89250204,-87.78683841
16072100140000,317 N ELMWOOD AVE,41.89236529,-87.78679187
16072100150000,311 N ELMWOOD AVE,41.89221987,-87.78679311
16072100160000,309 N ELMWOOD AVE,41.89209836,-87.78682992
16072100170000,305 N ELMWOOD AVE,41.89198235,-87.78677527
16072100180000,301 N ELMWOOD AVE,41.89185547,-87.78680343
16072110010000,332 N ELMWOOD AVE,41.89293254,-87.78604055
16072110020000,326 N ELMWOOD AVE,41.89278223,-87.78606421
16072110030000,324 N ELMWOOD AVE,41.89266516,-87.78604656
16072110040000,320 N ELMWOOD AVE,41.8925137,-87.78604416
16072110050000,316 N ELMWOOD AVE,41.89237714,-87.78603737
16072110060000,312 N ELMWOOD AVE,41.89223766,-87.78603856
16072110070000,308 N ELMWOOD AVE,41.8921101,-87.78605158
16072110080000,304 N ELMWOOD AVE,41.89197054,-87.78603687
16072110090000,300 N ELMWOOD AVE,41.89184283,-87.78601808
16072110100000,331 N RIDGELAND AVE,41.89295316,-87.78522242
16072110110000,327 N RIDGELAND AVE,41.89284175,-87.78522338
16072110120000,325 N RIDGELAND AVE,41.89274968,-87.7852442
16072110130000,323 N RIDGELAND AVE,41.89263691,-87.78524516
16072110140000,321 N RIDGELAND AVE,41.89251823,-87.78525413
16072110150000,317 N RIDGELAND AVE,41.89236978,-87.78524348
16072110160000,311 N RIDGELAND AVE,41.89225394,-87.78522459
16072110170000,309 N RIDGELAND AVE,41.89211745,-87.78522973
16072110180000,305 N RIDGELAND AVE,41.89198688,-87.78523482
16072110190000,301 N RIDGELAND AVE,41.89185657,-87.78516582
16072120020000,200 N OAK PARK AVE,41.89044289,-87.79409544
16072120030000,718 ONTARIO ST,41.8905299,-87.79356067
16072120040000,231 N EUCLID AVE,41.89140444,-87.79313185
16072120050000,223 N EUCLID AVE,41.89111088,-87.79317941
16072120060000,219 N EUCLID AVE,41.89096699,-87.79316833
16072120070000,215 N EUCLID AVE,41.89082936,-87.79318588
16072120080000,209 N EUCLID AVE,41.89067616,-87.79314618
16072120090000,205 N EUCLID AVE,41.89044839,-87.79312411
16072120100000,216 N OAK PARK AVE,41.89089011,-87.7939403
16072130010000,232 N EUCLID AVE,41.89146587,-87.79213601
16072130020000,220 N EUCLID AVE,41.89105647,-87.79227881
16072130060000,233 N LINDEN AVE,41.89144295,-87.79156182
16072130070000,225 N LINDEN AVE,41.89124542,-87.79156203
16072130080000,219 N LINDEN AVE,41.89104844,-87.79161844
16072130090000,217 N LINDEN AVE,41.89087376,-87.79156663
16072130100000,211 N LINDEN AVE,41.89074544,-87.7916128
16072130110000,207 N LINDEN AVE,41.89062594,-87.79158102
16072130120000,201 N LINDEN AVE,41.89047487,-87.79159929
16072160010000,232 N SCOVILLE AVE,41.89150315,-87.78760933
16072160020000,228 N SCOVILLE AVE,41.8913816,-87.78763818
16072160030000,224 N SCOVILLE AVE,41.89125104,-87.78764327
16072160040000,220 N SCOVILLE AVE,41.89111576,-87.78760302
16072160050000,216 N SCOVILLE AVE,41.8909878,-87.78762502
16072160060000,212 N SCOVILLE AVE,41.89084411,-87.78762625
16072160070000,208 N SCOVILLE AVE,41.8907097,-87.78760647
16072160080000,200 N SCOVILLE AVE,41.89054844,-87.78759279
16072160090000,231 N ELMWOOD AVE,41.89154487,-87.78672723
16072160100000,229 N ELMWOOD AVE,41.89140724,-87.78678737
16072160110000,225 N ELMWOOD AVE,41.89127369,-87.78678851
16072160120000,219 N ELMWOOD AVE,41.89108377,-87.78678755
16072160130000,215 N ELMWOOD AVE,41.89089948,-87.78678912
16072160140000,211 N ELMWOOD AVE,41.89074724,-87.78674952
16072160150000,207 N ELMWOOD AVE,41.8906216,-87.78675824
16072160160000,201 N ELMWOOD AVE,41.89049587,-87.78674784
16072170010000,230 N ELMWOOD AVE,41.89154005,-87.78598407
16072170020000,228 N ELMWOOD AVE,41.89142118,-87.78597641
16072170030000,224 N ELMWOOD AVE,41.89125793,-87.78597383
16072170040000,220 N ELMWOOD AVE,41.89113929,-87.78598389
16072170050000,216 N ELMWOOD AVE,41.89100807,-87.78597664
16072170060000,212 N ELMWOOD AVE,41.89088243,-87.78596162
16072170070000,206 N ELMWOOD AVE,41.89073503,-87.78598456
16072170080000,200 N ELMWOOD AVE,41.89052055,-87.78593284
16072170090000,407 ERIE ST,41.89156278,-87.78522963
16072170100000,229 N RIDGELAND AVE,41.89143799,-87.78514555
16072170120000,221 N RIDGELAND AVE,41.89115112,-87.78518896
16072170130000,217 N RIDGELAND AVE,41.89102129,-87.78547454
16072170140000,213 N RIDGELAND AVE,41.8908822,-87.78512852
16072170150000,209 N RIDGELAND AVE,41.8907625,-87.78515805
16072170170000,205 N RIDGELAND AVE,41.89059341,-87.78516827
16072170180000,203 N RIDGELAND AVE,41.89053735,-87.78516636
16072180060000,722 LAKE ST,41.88878529,-87.79385086
16072180070000,720 LAKE ST,41.88878024,-87.79370898
16072180100000,163 N EUCLID AVE,41.88956572,-87.79310718
16072180110000,157 N EUCLID AVE,41.88932878,-87.7932644
16072180130000,714 LAKE ST,41.88901331,-87.7934274
16072180160000,144 N OAK PARK AVE,41.88893145,-87.79440067
16072180180000,715 ONTARIO ST,41.88995036,-87.79355476
16072180190000,175 N EUCLID AVE,41.89003542,-87.79316038
16072180230000,173 N EUCLID AVE,41.88984879,-87.79317015
16072180270000,719 ONTARIO ST,41.89002619,-87.79380917
16072180280000,156 N OAK PARK AVE,41.88932145,-87.79387562
16072180321001,708 LAKE ST,41.88898084,-87.79303014
16072190010000,178 N EUCLID AVE,41.8900836,-87.7923444
16072190020000,174 N EUCLID AVE,41.88994892,-87.79233734
16072190030000,170 N EUCLID AVE,41.88981425,-87.79233438
16072190040000,164 N EUCLID AVE,41.88966929,-87.79235631
16072190050000,160 N EUCLID AVE,41.88946116,-87.79234987
16072190130000,167 N LINDEN AVE,41.88967461,-87.79153661
16072190140000,163 N LINDEN AVE,41.88950012,-87.79152578
16072190150000,159 N LINDEN AVE,41.88939607,-87.79152666
16072190160000,155 N LINDEN ST,41.88927969,-87.79150715
16072190170000,151 N LINDEN AVE,41.88917869,-87.79150391
16072190180000,147 N LINDEN AVE,41.8890654,-87.79149257
16072190190000,143 N LINDEN AVE,41.88896134,-87.79148935
16072190200000,139 N LINDEN AVE,41.88884811,-87.79149031
16072190240000,154 N EUCLID AVE,41.88926822,-87.79231872
16072190250000,152 N EUCLID AVE,41.88915801,-87.79231145
16072190270000,181 N LINDEN AVE,41.89009733,-87.79157074
16072190280000,640 LAKE ST,41.88871074,-87.79140446
16072190291032,140 N EUCLID AVE,41.88885207,-87.79233042
16072200040000,612 LAKE ST,41.8886401,-87.79034112
16072210080000,201 N SCOVILLE AVE,41.89020516,-87.78876204
16072220010000,178 N SCOVILLE AVE,41.8901514,-87.78759234
16072220020000,174 N SCOVILLE AVE,41.89003151,-87.78760866
16072220030000,170 N SCOVILLE AVE,41.88991157,-87.78761351
16072220040000,166 N SCOVILLE AVE,41.88978001,-87.7875802
16072220050000,162 N SCOVILLE AVE,41.88962837,-87.78752794
16072220060000,158 N SCOVILLE AVE,41.88951412,-87.78752891
16072220080000,150 N SCOVILLE AVE,41.88916,-87.7875434
16072220090000,120 N SCOVILLE AVE,41.88894309,-87.78752815
16072220110000,179 N ELMWOOD AVE,41.89020171,-87.786758
16072220120000,175 N ELMWOOD AVE,41.89006171,-87.78675154
16072220130000,171 N ELMWOOD AVE,41.88989041,-87.7867683
16072220140000,167 N ELMWOOD AVE,41.88976457,-87.78673495
16072220150000,161 N ELMWOOD AVE,41.88963029,-87.78672844
16072220160000,159 N ELMWOOD AVE,41.889496,-87.78672194
16072220170000,155 N ELMWOOD AVE,41.88936452,-87.78670393
16072220180000,151 N ELMWOOD AVE,41.88923313,-87.78670505
16072220190000,147 N ELMWOOD AVE,41.88908745,-87.78670247
16072220210000,152 N SCOVILLE AVE,41.88936558,-87.78752635
16072230010000,178 N ELMWOOD AVE,41.89020356,-87.78594702
16072230020000,174 N ELMWOOD AVE,41.89004935,-87.78595598
16072230030000,170 N ELMWOOD AVE,41.88989215,-87.78593438
16072230040000,164 N ELMWOOD AVE,41.88975518,-87.78596232
16072230050000,162 N ELMWOOD AVE,41.8896466,-87.7859556
16072230060000,160 N ELMWOOD AVE,41.88950661,-87.78594914
16072230070000,154 N ELMWOOD AVE,41.88936994,-87.7860383
16072230080000,150 N ELMWOOD AVE,41.88922063,-87.78587891
16072230090000,144 N ELMWOOD AVE,41.88905497,-87.78588032
16072230100000,134 N ELMWOOD AVE,41.88892039,-87.78601026
16072230120000,175 N RIDGELAND AVE,41.8900627,-87.78516022
16072230130000,171 N RIDGELAND AVE,41.88993411,-87.78514983
16072230140000,167 N RIDGELAND AVE,41.88977862,-87.78518751
16072230150000,163 N RIDGELAND AVE,41.88966713,-87.78516934
16072230160000,159 N RIDGELAND AVE,41.88951687,-87.7851075
16072230170000,155 N RIDGELAND AVE,41.88937399,-87.78509342
16072230190000,130 N ELMWOOD AVE,41.88866429,-87.78615082
16072230220000,400 LAKE ST,41.88848195,-87.78493326
16072230230000,411 ONTARIO ST,41.89021068,-87.78543072
16072230240000,179 N RIDGELAND AVE,41.89020266,-87.78515902
16072230250000,414 LAKE ST,41.88896601,-87.78539146
16072230260000,410 LAKE ST,41.88848851,-87.78517259
16072230270000,135 N RIDGELAND AVE,41.8887243,-87.78501023
16072230281001,147 N RIDGELAND AVE,41.8891098,-87.78517111
16072240010000,116 N OAK PARK AVE,41.88799445,-87.79432997
16072240020000,723 LAKE ST,41.888476,-87.79384587
16072240030000,715 LAKE ST,41.88838449,-87.79353765
16072240220000,110 N OAK PARK AVE,41.88777204,-87.79435586
16072240240000,104 N OAK PARK AVE,41.88751126,-87.7943003
16072240250000,720 NORTH BLVD,41.88777485,-87.7937155
16072240260000,101 N EUCLID AVE,41.88775838,-87.79303443
16072240280000,125 N EUCLID AVE,41.88831269,-87.79304062
16072250180000,139 FRANCISCO TER,41.88835571,-87.79127363
16072250190000,141 FRANCISCO TER,41.8883555,-87.79122776
16072250200000,137 FRANCISCO TER,41.88829177,-87.79129246
16072250210000,135 FRANCISCO TER,41.88822103,-87.79129006
16072250220000,133 FRANCISCO TER,41.88817756,-87.79128413
16072250230000,131 FRANCISCO TER,41.88811134,-87.79127869
16072250240000,129 FRANCISCO TER,41.88805884,-87.79127914
16072250250000,127 FRANCISCO TER,41.88799718,-87.79127966
16072250260000,125 FRANCISCO TER,41.88799442,-87.79117564
16072250270000,140 FRANCISCO TER,41.88835511,-87.79114501
16072250280000,138 FRANCISCO TER,41.88835463,-87.79104427
16072250290000,136 FRANCISCO TER,41.88828124,-87.79103362
16072250300000,134 FRANCISCO TER,41.8882152,-87.79103616
16072250310000,132 FRANCISCO TER,41.88817329,-87.79103609
16072250320000,130 FRANCISCO TER,41.88812327,-87.79103476
16072250330000,128 FRANCISCO TER,41.8880667,-87.79102512
16072250340000,126 FRANCISCO TER,41.88800967,-87.7910256
16072250370000,140 PERCY JULIAN SQ,41.88837224,-87.79043548
16072250380000,138 PERCY JULIAN SQ,41.88833807,-87.79043576
16072250390000,136 PERCY JULIAN SQ,41.88829079,-87.7904296
16072250400000,134 PERCY JULIAN SQ,41.88824838,-87.79043165
16072250410000,132 PERCY JULIAN SQ,41.88821309,-87.79043823
16072250420000,130 PERCY JULIAN SQ,41.88817356,-87.79043716
16072250430000,141 WRIGHT LN,41.88836184,-87.79015103
16072250440000,139 WRIGHT LN,41.88833434,-87.79014826
16072250450000,137 WRIGHT LN,41.88828637,-87.79014867
16072250460000,135 WRIGHT LN,41.88822707,-87.79014917
16072250470000,133 WRIGHT LN,41.88819279,-87.79014946
16072250480000,131 WRIGHT LN,41.88815624,-87.79014977
16072250490000,129 WRIGHT LN,41.88812196,-87.79015006
16072250500000,127 WRIGHT LN,41.88808316,-87.79015039
16072250510000,125 WRIGHT LN,41.88805577,-87.79015062
16072250520000,123 WRIGHT LN,41.8880078,-87.79015103
16072250530000,121 WRIGHT LN,41.88796212,-87.79015741
16072250540000,140 WRIGHT LN,41.88835238,-87.78986095
16072250550000,138 WRIGHT LN,41.88830667,-87.78986134
16072250560000,136 WRIGHT LN,41.88828155,-87.78986155
16072250570000,134 WRIGHT LN,41.88822905,-87.789862
16072250580000,132 WRIGHT LN,41.88819473,-87.7898533
16072250590000,130 WRIGHT LN,41.88814676,-87.7898537
16072250600000,128 WRIGHT LN,41.88810795,-87.78985403
16072250610000,126 WRIGHT LN,41.88806234,-87.78985442
16072250620000,124 WRIGHT LN,41.88802116,-87.78985477
16072250630000,122 WRIGHT LN,41.88796637,-87.78984893
16072250680000,100 WRIGHT LN,41.88751306,-87.7898524
16072250690000,102 WRIGHT LN,41.88755653,-87.78985803
16072250700000,104 WRIGHT LN,41.88759309,-87.78986072
16072250710000,106 WRIGHT LN,41.88763869,-87.78986033
16072250720000,108 WRIGHT LN,41.88768215,-87.78986296
16072250730000,110 WRIGHT LN,41.8877324,-87.78986583
16072250740000,112 WRIGHT LN,41.88777579,-87.78987446
16072250750000,114 WRIGHT LN,41.8878009,-87.78987425
16072250760000,116 WRIGHT LN,41.88784661,-87.78987386
16072250770000,101 WRIGHT LN,41.8875098,-87.79012137
16072250780000,103 WRIGHT LN,41.88754866,-87.79013033
16072250790000,105 WRIGHT LN,41.88760116,-87.79012989
16072250800000,107 WRIGHT LN,41.88764692,-87.79014179
16072250810000,109 WRIGHT LN,41.88768573,-87.79014147
16072250820000,111 WRIGHT LN,41.88773824,-87.79014102
16072250830000,113 WRIGHT LN,41.88778168,-87.79014065
16072250840000,115 WRIGHT LN,41.88782502,-87.79014029
16072250890000,605 LAKE ST,41.88802177,-87.7906891
16072250920000,675 LAKE ST,41.88803089,-87.79203133
16072250930000,100 N EUCLID AVE,41.88757465,-87.7923437
16072250940000,642 NORTH BLVD,41.8876714,-87.7914659
16072250950000,115 BISHOP QUARTER LN,41.88784514,-87.79099941
16072250960000,113 BISHOP QUARTER LN,41.88779253,-87.79099985
16072250970000,111 BISHOP QUARTER LN,41.88774693,-87.79100024
16072250980000,109 BISHOP QUARTER LN,41.88769431,-87.79099769
16072250990000,107 BISHOP QUARTER LN,41.88763261,-87.79098921
16072251000000,105 BISHOP QUARTER LN,41.88759153,-87.79098956
16072251010000,103 BISHOP QUARTER LN,41.887539,-87.79098371
16072251020000,101 BISHOP QUARTER LN,41.88748187,-87.79098419
16072251030000,100 BISHOP QUARTER LN,41.88749118,-87.79053768
16072251040000,102 BISHOP QUARTER LN,41.88754151,-87.79055554
16072251050000,104 BISHOP QUARTER LN,41.88760314,-87.79054902
16072251060000,106 BISHOP QUARTER LN,41.88764885,-87.79054864
16072251070000,108 BISHOP QUARTER LN,41.88770363,-87.79055117
16072251080000,110 BISHOP QUARTER LN,41.88774935,-87.79055378
16072251090000,112 BISHOP QUARTER LN,41.88779959,-87.79055336
16072251100000,114 BISHOP QUARTER LN,41.88784756,-87.79055295
16072280010000,415 LAKE ST,41.88771722,-87.78574956
16073000040000,109 S MAPLE AVE,41.88627232,-87.80442126
16073000050000,111 S MAPLE AVE,41.886166,-87.80433521
16073000070000,121 S MAPLE AVE,41.8858833,-87.80437133
16073000080000,125 S MAPLE AVE,41.88574585,-87.80434433
16073000090000,1136 PLEASANT ST,41.8855549,-87.8043394
16073000120000,1121 SOUTH BLVD,41.88658269,-87.80348337
16073000130000,1133 SOUTH BLVD APT 1233,41.88657078,-87.80405921
16073010020000,112 S MAPLE AVE,41.88612872,-87.80381255
16073010030000,118 S MAPLE AVE,41.88592701,-87.80357951
16073010040000,126 S MAPLE AVE,41.88576088,-87.80355079
16073010050000,130 S MAPLE AVE,41.88560653,-87.80355461
16073010100000,109 S MARION ST,41.88635881,-87.80273579
16073010130000,123 S MARION ST,41.88589742,-87.80291577
16073010140000,1110 PLEASANT ST,41.88561774,-87.80286142
16073010160000,113 S MARION ST,41.88619715,-87.80269813
16073010170000,115 S MARION ST,41.88614183,-87.80274559
16073010180000,1107 SOUTH BLVD,41.88656014,-87.80295287
16073010190000,1113 SOUTH BLVD,41.88656675,-87.80318436
16073010210000,101 S MARION ST,41.88663703,-87.8026906
16073020020000,1037 SOUTH BLVD,41.88667329,-87.80185341
16073020030000,1035 SOUTH BLVD,41.88667579,-87.80174232
16073020040000,1029 SOUTH BLVD,41.88646515,-87.80141135
16073020050000,1023 SOUTH BLVD,41.88646505,-87.80118373
16073020060000,1019 SOUTH BLVD,41.88647209,-87.80099141
16073020090000,120 S MARION ST,41.88605284,-87.80231149
16073020100000,1046 PLEASANT ST,41.88583427,-87.80209592
16073020110000,1034 PLEASANT ST,41.88595932,-87.80173669
16073020120000,1032 PLEASANT ST,41.88595882,-87.80162907
16073020130000,1028 PLEASANT ST,41.88595455,-87.80146064
16073020170000,1000 PLEASANT ST,41.88592676,-87.80034502
16073020180000,1018 PLEASANT ST,41.88596138,-87.80101498
16073020190000,1014 PLEASANT ST,41.88594485,-87.80087579
16073020200000,1020 PLEASANT ST,41.88596378,-87.80119284
16073020231043,102 S MARION ST,41.88653656,-87.80223254
16073020330000,1013 SOUTH BLVD,41.88642545,-87.80065965
16073020420000,101 HOME AVE,41.88664563,-87.8002939
16073020430000,103 HOME AVE,41.88661978,-87.8003009
16073020440000,105 HOME AVE,41.88653869,-87.80032263
16073020450000,107 HOME AVE,41.8865128,-87.80032013
16073020460000,109 HOME AVE,41.88645797,-87.80031515
16073020470000,111 HOME AVE,41.88637349,-87.80037222
16073020480000,115 HOME AVE,41.88628941,-87.80029618
16073030010000,100 HOME AVE,41.88670024,-87.79981469
16073030020000,102 HOME AVE,41.88664216,-87.79981518
16073030030000,104 HOME AVE,41.88657935,-87.79983838
16073030040000,106 HOME AVE,41.88651889,-87.79984537
16073030050000,108 HOME AVE,41.88645113,-87.79984593
16073030060000,110 HOME AVE,41.88640021,-87.79982367
16073030070000,112 HOME AVE,41.88631973,-87.79987424
16073030080000,118 HOME AVE,41.88610893,-87.79965445
16073030090000,947 SOUTH BLVD,41.88657779,-87.79946908
16073030120000,935 SOUTH BLVD,41.8865269,-87.79893482
16073030140000,117 S CLINTON AVE,41.88610568,-87.79898077
16073030160000,940 PLEASANT ST,41.88591879,-87.79923081
16073030170000,115 S CLINTON AVE,41.88627096,-87.79908114
16073040010000,100 S CLINTON AVE,41.88673113,-87.7983401
16073040020000,102 S CLINTON AVE,41.88664014,-87.79834086
16073040030000,108 S CLINTON AVE,41.88655047,-87.79831244
16073040040000,110 S CLINTON AVE,41.88644632,-87.79829062
16073040050000,915 SOUTH BLVD,41.88661007,-87.7979977
16073040060000,913 SOUTH BLVD,41.88661825,-87.79783064
16073040090000,112 S CLINTON AVE,41.88630592,-87.79828207
16073040140000,126 S CLINTON AVE,41.8858389,-87.79828597
16073040160000,134 S CLINTON AVE,41.88568882,-87.79827426
16073040170000,138 S CLINTON AVE,41.88558239,-87.79828487
16073040180000,916 PLEASANT ST APT 1,41.88564508,-87.79795177
16073040190000,115 S KENILWORTH AVE,41.88632269,-87.79745773
16073040220000,125 S KENILWORTH AVE,41.8858605,-87.79759861
16073040280000,119 S KENILWORTH AVE,41.88618304,-87.79731304
16073040290000,121 S KENILWORTH AVE,41.88606898,-87.79744786
16073040300000,120 S CLINTON AVE,41.88600345,-87.7982846
16073040310000,135 S KENILWORTH AVE,41.88567739,-87.79747482
16073040340000,907 SOUTH BLVD,41.88661724,-87.79761597
16073040390000,116 S CLINTON AVE,41.88618611,-87.79837008
16073050010000,100 S KENILWORTH AVE,41.88671931,-87.79659004
16073050020000,108 S KENILWORTH AVE,41.88650514,-87.79681723
16073050030000,110 S KENILWORTH AVE,41.88640428,-87.79680735
16073050040000,114 S KENILWORTH AVE,41.88625729,-87.79679059
16073050050000,118 S KENILWORTH AVE,41.88612818,-87.79678567
16073050060000,122 S KENILWORTH AVE,41.88601689,-87.79678661
16073050070000,126 S KENILWORTH AVE,41.88586105,-87.79676992
16073050080000,130 S KENILWORTH AVE,41.88574977,-87.79677085
16073050090000,134 S KENILWORTH AVE,41.88558954,-87.7967605
16073050100000,138 S KENILWORTH AVE,41.88542054,-87.7967916
16073050110000,142 S KENILWORTH AVE,41.88527817,-87.79679279
16073050120000,103 S GROVE AVE,41.88670097,-87.79614648
16073050140000,113 S GROVE AVE,41.88630746,-87.7960928
16073050150000,115 S GROVE AVE,41.88621842,-87.79609354
16073050160000,117 S GROVE AVE,41.88612494,-87.79609433
16073050170000,121 S GROVE AVE,41.88601366,-87.79609526
16073050180000,123 S GROVE AVE,41.88589341,-87.79607228
16073050190000,129 S GROVE AVE,41.88575547,-87.79607344
16073050200000,133 S GROVE AVE,41.88561299,-87.79607463
16073050210000,137 S GROVE AVE,41.88546614,-87.79606387
16073050220000,139 S GROVE AVE,41.88534064,-87.79608611
16073050230000,109 S GROVE AVE,41.88645284,-87.796079
16073060010000,102 S GROVE AVE,41.88672542,-87.79549258
16073060020000,811 SOUTH BLVD,41.88674659,-87.79526604
16073060030000,106 S GROVE AVE,41.88656521,-87.79548823
16073060040000,110 S GROVE AVE,41.88641803,-87.7954298
16073060050000,114 S GROVE AVE,41.88629786,-87.79542481
16073060070000,120 S GROVE AVE,41.88601733,-87.79540318
16073060080000,124 S GROVE AVE,41.8858883,-87.79541625
16073060090000,130 S GROVE AVE,41.88575935,-87.79544731
16073060100000,132 S GROVE AVE,41.88565702,-87.79544817
16073060110000,134 S GROVE AVE,41.88555915,-87.79545469
16073060120000,138 S GROVE AVE,41.88546098,-87.79541984
16073060130000,140 S GROVE AVE,41.8853498,-87.79542077
16073060150000,125 S OAK PARK AVE,41.88639996,-87.79465935
16073060160000,141 S OAK PARK AVE,41.88607221,-87.79465185
16073060170000,149 S OAK PARK AVE,41.88592708,-87.79464565
16073060180000,159 S OAK PARK AVE,41.88580642,-87.79462707
16073060190000,177 S OAK PARK AVE,41.88548883,-87.79461351
16073060200000,101 S OAK PARK AVE,41.88678597,-87.79465598
16073060210000,105 S OAK PARK AVE,41.88663934,-87.79485286
16073060220000,116 S GROVE AVE,41.88617763,-87.79542582
16073070110000,245 S MAPLE AVE,41.88370821,-87.80425966
16073070130000,257 S MAPLE AVE,41.88339165,-87.80423803
16073070180000,221 S MAPLE AVE,41.88455591,-87.80432312
16073070210000,223 S MAPLE AVE,41.88455751,-87.8045159
16073070240000,225 S MAPLE AVE,41.88444417,-87.80431865
16073070270000,227 S MAPLE AVE,41.88443501,-87.80451646
16073070300000,231 S MAPLE AVE,41.88428451,-87.80450267
16073070330000,229 S MAPLE AVE,41.88428848,-87.80431311
16073070350000,217 S MAPLE AVE,41.88472153,-87.80430776
16073070360000,241 S MAPLE AVE,41.88398362,-87.80424564
16073070390000,243 S MAPLE AVE,41.88385141,-87.8044178
16073070460000,201 S MAPLE AVE,41.88502312,-87.8042777
16073080040000,230 S MAPLE AVE,41.88416639,-87.80368618
16073080060000,250 S MAPLE AVE,41.88362396,-87.80369182
16073080070000,254 S MAPLE AVE,41.88349966,-87.80372202
16073080080000,1105 PLEASANT ST,41.88533739,-87.80282969
16073080090000,205 S MARION ST,41.8852134,-87.80264704
16073080140000,227 S MARION ST,41.88442689,-87.80286185
16073080240000,255 S MARION ST,41.88361508,-87.80294139
16073080280000,200 S MAPLE AVE,41.88520585,-87.80375524
16073080320000,228 S MAPLE AVE,41.88428984,-87.80360839
16073080380000,226 S MAPLE AVE,41.88445222,-87.80361788
16073080480000,235 S MARION ST,41.8841821,-87.80308128
16073080550000,242 S MAPLE AVE,41.8838974,-87.80339465
16073090010000,212 S MARION ST,41.88520699,-87.8023641
16073090020000,1045 PLEASANT ST,41.88561195,-87.80206216
16073090030000,201 HOME AVE,41.88541258,-87.80063667
16073090040000,216 S MARION ST,41.88510829,-87.80230383
16073090060000,224 S MARION ST,41.88483979,-87.80216246
16073090130000,258 S MARION ST,41.88362022,-87.80217484
16073090140000,262 S MARION ST,41.88344441,-87.80227188
16073090150000,1027 PLEASANT PL,41.88395664,-87.80150849
16073090200000,1026 RANDOLPH ST,41.88367158,-87.80119842
16073090230000,237 HOME AVE,41.88441451,-87.80044545
16073090240000,241 HOME AVE,41.88420136,-87.80044722
16073090250000,247 HOME AVE,41.88396685,-87.80044198
16073090300000,1034 RANDOLPH ST,41.88349377,-87.80162817
16073090310000,1032 RANDOLPH ST,41.88349338,-87.80154395
16073090330000,265 HOME AVE,41.88349501,-87.8004225
16073090340000,264 S MARION ST,41.88338799,-87.80227164
16073090390000,251 HOME AVE,41.88381653,-87.80042919
16073090410000,259 HOME AVE,41.8836592,-87.80041178
16073090420000,1018 RANDOLPH ST,41.88345942,-87.80095477
16073090450000,248 S MARION ST,41.88375633,-87.80207742
16073090470000,242 S MARION ST,41.88410243,-87.80219068
16073090490000,244 S MARION ST,41.88397157,-87.80219206
16073100020000,210 HOME AVE,41.88498656,-87.79970922
16073100030000,212 HOME AVE,41.88480145,-87.79972948
16073100040000,220 HOME AVE,41.88466163,-87.79972128
16073100050000,224 HOME AVE,41.88451132,-87.7997085
16073100060000,226 HOME AVE,41.884382,-87.79970489
16073100070000,232 HOME AVE,41.88424223,-87.79970606
16073100080000,234 HOME AVE,41.88412334,-87.79968833
16073100090000,240 HOME AVE,41.88397495,-87.79968864
16073100100000,244 HOME AVE,41.88382808,-87.79966647
16073100130000,252 HOME AVE,41.88347337,-87.79973397
16073100150000,211 S CLINTON AVE,41.88498475,-87.7989175
16073100160000,215 S CLINTON AVE,41.88483463,-87.79894683
16073100170000,221 S CLINTON AVE,41.88464501,-87.79895478
16073100180000,225 S CLINTON AVE,41.88451572,-87.79895586
16073100190000,227 S CLINTON AVE,41.88438641,-87.79895226
16073100220000,237 S CLINTON AVE,41.88403793,-87.79895347
16073100230000,241 S CLINTON AVE,41.88389119,-87.79895937
16073100240000,245 S CLINTON AVE,41.88377577,-87.79893693
16073100250000,247 S CLINTON AVE,41.88366744,-87.79893783
16073100260000,251 S CLINTON AVE,41.88356949,-87.79891526
16073100270000,200 HOME AVE,41.88517518,-87.79980357
16073100280000,947 PLEASANT ST,41.88517944,-87.79920847
16073100290000,943 PLEASANT ST,41.88518505,-87.79891908
16073100300000,233 S CLINTON AVE,41.88417071,-87.79890585
16073100310000,248 HOME AVE,41.88368842,-87.79969103
16073110010000,200 S CLINTON AVE,41.88534603,-87.79834077
16073110020000,202 S CLINTON AVE,41.88529015,-87.79834566
16073110030000,204 S CLINTON AVE,41.88523153,-87.79834656
16073110040000,206 S CLINTON AVE,41.88517967,-87.79834014
16073110050000,208 S CLINTON AVE,41.88513197,-87.79832938
16073110060000,915 PLEASANT ST,41.8852982,-87.79794025
16073110080000,210 S CLINTON AVE,41.8850469,-87.79824315
16073110090000,216 S CLINTON AVE,41.88484768,-87.79823545
16073110120000,224 S CLINTON AVE,41.88451211,-87.79821486
16073110130000,228 S CLINTON AVE,41.88438283,-87.79821594
16073110140000,230 S CLINTON AVE,41.88423613,-87.7982312
16073110150000,234 S CLINTON AVE,41.88407192,-87.79823725
16073110160000,240 S CLINTON AVE,41.88394263,-87.79823833
16073110170000,244 S CLINTON AVE,41.88382024,-87.79822063
16073110180000,248 S CLINTON AVE,41.88368476,-87.7982233
16073110190000,250 S CLINTON AVE,41.88359741,-87.79822403
16073110200000,254 S CLINTON AVE,41.88350304,-87.79822014
16073110210000,916 RANDOLPH ST,41.88357459,-87.79789135
16073110220000,201 S KENILWORTH AVE,41.88533885,-87.79727475
16073110230000,213 S KENILWORTH AVE,41.88502736,-87.79742658
16073110240000,215 S KENILWORTH AVE,41.88489384,-87.7974277
16073110250000,219 S KENILWORTH AVE,41.88477813,-87.79742867
16073110260000,221 S KENILWORTH AVE,41.88468452,-87.79739977
16073110270000,223 S KENILWORTH AVE,41.88455109,-87.79741887
16073110280000,227 S KENILWORTH AVE,41.88441314,-87.79742003
16073110290000,229 S KENILWORTH AVE,41.88426624,-87.79742125
16073110300000,233 S KENILWORTH AVE,41.88408345,-87.79767282
16073110310000,235 S KENILWORTH AVE,41.88399544,-87.79738111
16073110320000,239 S KENILWORTH AVE,41.8838106,-87.79740108
16073110330000,243 S KENILWORTH AVE,41.88369481,-87.79738406
16073110340000,247 S KENILWORTH AVE,41.88357033,-87.79740371
16073110350000,249 S KENILWORTH AVE,41.88350792,-87.79739761
16073110360000,220 S CLINTON AVE,41.88472864,-87.79833262
16073120020000,206 S KENILWORTH AVE,41.88481473,-87.79680115
16073120030000,210 S KENILWORTH AVE,41.88466793,-87.79680238
16073120040000,214 S KENILWORTH AVE,41.88452136,-87.79676344
16073120050000,218 S KENILWORTH AVE,41.88440112,-87.79676445
16073120060000,222 S KENILWORTH AVE,41.88427648,-87.7967475
16073120070000,226 S KENILWORTH AVE,41.88416965,-87.79675439
16073120080000,230 S KENILWORTH AVE,41.88408359,-87.79675481
16073120090000,232 S KENILWORTH AVE,41.88397466,-87.79675955
16073120100000,234 S KENILWORTH AVE,41.88384764,-87.79675679
16073120110000,238 S KENILWORTH AVE,41.88370964,-87.79674625
16073120120000,242 S KENILWORTH AVE,41.88358939,-87.79672327
16073120130000,209 S GROVE AVE,41.88499424,-87.79604414
16073120140000,211 S GROVE AVE,41.88486957,-87.79604518
16073120150000,213 S GROVE AVE,41.88475309,-87.79604998
16073120160000,215 S GROVE AVE,41.88456692,-87.79604772
16073120170000,219 S GROVE AVE,41.88440674,-87.79604906
16073120200000,231 S GROVE AVE,41.88400682,-87.79604854
16073120210000,235 S GROVE AVE,41.88382206,-87.79604197
16073120220000,237 S GROVE AVE,41.88367516,-87.7960432
16073120230000,239 S GROVE AVE,41.88355409,-87.79601361
16073120240000,223 S GROVE AVE,41.884242,-87.79604444
16073120250000,227 S GROVE AVE,41.88411962,-87.7960419
16073120260000,204 S KENILWORTH AVE,41.88490607,-87.79690326
16073130010000,200 S GROVE AVE,41.8850237,-87.79543026
16073130020000,206 S GROVE AVE,41.8848368,-87.79542013
16073130030000,212 S GROVE AVE,41.88467549,-87.79539493
16073130040000,216 S GROVE AVE,41.88454611,-87.795408
16073130050000,218 S GROVE AVE,41.88442592,-87.79539603
16073130060000,222 S GROVE AVE,41.88428015,-87.79539763
16073130070000,226 S GROVE AVE,41.88413449,-87.79539809
16073130080000,230 S GROVE AVE,41.8840016,-87.79540248
16073130090000,234 S GROVE AVE,41.88385912,-87.79540367
16073130100000,238 S GROVE AVE,41.88370323,-87.7953753
16073130110000,240 S GROVE AVE,41.88358318,-87.79539429
16073130150000,215 S OAK PARK AVE,41.88458096,-87.79473548
16073130160000,217 S OAK PARK AVE,41.88448746,-87.79473027
16073130170000,221 S OAK PARK AVE,41.88439846,-87.79471903
16073130180000,223 S OAK PARK AVE,41.88430872,-87.79471522
16073130190000,227 S OAK PARK AVE,41.88422026,-87.79469684
16073130200000,229 S OAK PARK AVE,41.88412238,-87.79470336
16073130210000,231 S OAK PARK AVE,41.88402303,-87.79472218
16073130220000,235 S OAK PARK AVE,41.88388508,-87.79472334
16073130240000,237 S OAK PARK AVE,41.8837246,-87.79468271
16073130260000,209 S OAK PARK AVE,41.88497513,-87.79472369
16073130280000,245 S OAK PARK AVE,41.88360677,-87.79473948
16073140050000,321 S MAPLE AVE,41.88240335,-87.8043577
16073140060000,325 S MAPLE AVE,41.88228619,-87.80424288
16073140070000,329 S MAPLE AVE,41.8821513,-87.80424399
16073140090000,333 S MAPLE AVE,41.88202874,-87.80420398
16073140130000,313 S MAPLE AVE,41.88270325,-87.80424367
16073140140000,315 S MAPLE AVE,41.88262804,-87.80426109
16073140150000,317 S MAPLE AVE,41.88257469,-87.80425733
16073140160000,319 S MAPLE AVE,41.88250558,-87.8042369
16073140200000,1139 RANDOLPH ST,41.88306862,-87.80421937
16073140230000,337 S MAPLE AVE,41.88187598,-87.80421586
16073140240000,1148 W WASHINGTON BLVD,41.88163985,-87.80455398
16073150050000,316 S MAPLE AVE,41.88256117,-87.80357387
16073150090000,330 S MAPLE AVE,41.88208942,-87.80358961
16073150110000,301 WISCONSIN AVE,41.88312919,-87.80278643
16073150130000,305 WISCONSIN AVE,41.88299584,-87.80278754
16073150140000,309 WISCONSIN AVE,41.88287685,-87.80281638
16073150170000,321 WISCONSIN AVE,41.88244669,-87.8027264
16073150190000,329 WISCONSIN AVE,41.88218213,-87.80277778
16073150200000,333 WISCONSIN AVE,41.88203667,-87.80273808
16073150210000,337 WISCONSIN AVE,41.88188738,-87.80272656
16073150220000,1116 W WASHINGTON BLVD,41.88174901,-87.80275855
16073150230000,327 WISCONSIN AVE,41.8823218,-87.80276812
16073150240000,324 S MAPLE AVE,41.88223483,-87.80367134
16073150250000,300 S MAPLE AVE,41.88292559,-87.80358346
16073150260000,314 S MAPLE AVE,41.88264076,-87.80367944
16073150270000,317 WISCONSIN AVE,41.88257191,-87.80278145
16073150280000,313 WISCONSIN AVE,41.88273717,-87.80279031
16073150290000,1118 W WASHINGTON BLVD,41.88159367,-87.80321014
16073150360000,320 S MAPLE AVE,41.88247376,-87.80361727
16073160020000,302 WISCONSIN AVE,41.88295554,-87.80210422
16073160030000,308 WISCONSIN AVE,41.88287078,-87.80209584
16073160050000,320 WISCONSIN AVE,41.88249692,-87.80201243
16073160070000,328 WISCONSIN AVE,41.88215911,-87.80200837
16073160080000,332 WISCONSIN AVE,41.88203018,-87.80202116
16073160090000,338 WISCONSIN AVE,41.88189682,-87.80202227
16073160200000,1032 W WASHINGTON BLVD,41.88179582,-87.80145868
16073160210000,1026 W WASHINGTON BLVD,41.88164018,-87.80122388
16073160240000,305 HOME AVE,41.88302658,-87.80038428
16073160250000,309 HOME AVE,41.88290094,-87.80041808
16073160260000,315 HOME AVE,41.88277676,-87.80039077
16073160270000,317 HOME AVE,41.88262759,-87.80040477
16073160280000,321 HOME AVE,41.88249421,-87.80040162
16073160290000,325 HOME AVE,41.88233863,-87.80040291
16073160300000,327 HOME AVE,41.88218292,-87.8003787
16073160360000,301 HOME AVE,41.88314882,-87.80036923
16073160440000,300 WISCONSIN AVE,41.88302243,-87.80209848
16073160450000,339 HOME AVE,41.88183631,-87.80044278
16073160490000,1008 W WASHINGTON BLVD,41.8816585,-87.8003814
16073160500000,1033 RANDOLPH ST,41.88313557,-87.80180791
16073160520000,1025 RANDOLPH ST,41.88300744,-87.80126102
16073160530000,1036 W WASHINGTON BLVD,41.8816097,-87.80164431
16073160540000,1020 W WASHINGTON BLVD,41.88183275,-87.80087354
16073160551001,324 WISCONSIN AVE,41.88232628,-87.80202083
16073160560000,312 WISCONSIN AVE,41.88276209,-87.80221917
16073160620000,331 CHESTNUT LN,41.88219566,-87.8009225
16073160630000,329 CHESTNUT LN,41.88224977,-87.80092924
16073160640000,327 CHESTNUT LN,41.88230804,-87.80092848
16073160650000,325 CHESTNUT LN,41.88237951,-87.80092614
16073160660000,323 CHESTNUT LN,41.88244542,-87.8009309
16073160670000,321 CHESTNUT LN,41.88250865,-87.80093259
16073160680000,319 CHESTNUT LN,41.88256609,-87.80093461
16073160700000,1021 WALNUT WAY,41.88257468,-87.80106653
16073160710000,1023 WALNUT WAY,41.88256958,-87.80114999
16073160720000,1025 WALNUT WAY,41.88257,-87.80123734
16073160730000,1027 WALNUT WAY,41.88256893,-87.80131469
16073160740000,318 PENNSYLVANIA WAY,41.8825625,-87.80148442
16073160750000,320 PENNSYLVANIA WAY,41.88249918,-87.80148037
16073160760000,322 PENNSYLVANIA WAY,41.88243533,-87.80147707
16073160770000,324 PENNSYLVANIA WAY,41.88237256,-87.80147551
16073160780000,326 PENNSYLVANIA WAY,41.88230929,-87.80147487
16073160790000,328 PENNSYLVANIA WAY,41.88225215,-87.80147197
16073160800000,330 PENNSYLVANIA WAY,41.88218931,-87.80147638
16073160810000,1026 CEDAR CT,41.88216542,-87.80130494
16073160820000,1024 CEDAR CT,41.88216564,-87.80122083
16073160830000,1022 CEDAR CT,41.88217336,-87.80113376
16073160840000,1020 CEDAR CT,41.88217669,-87.80105324
16073160861001,1024 W WASHINGTON BLVD,41.88177916,-87.80112399
16073170020000,306 HOME AVE,41.88301468,-87.79966856
16073170030000,308 HOME AVE,41.882889,-87.799693
16073170040000,312 HOME AVE,41.88276072,-87.79967287
16073170050000,316 HOME AVE,41.88260508,-87.79966141
16073170060000,320 HOME AVE,41.88248768,-87.79967939
16073170070000,326 HOME AVE,41.8823383,-87.79965087
16073170080000,330 HOME AVE,41.88220806,-87.7996392
16073170090000,332 HOME AVE,41.88207459,-87.79961321
16073170120000,301 S CLINTON AVE,41.88320682,-87.79890424
16073170130000,305 S CLINTON AVE,41.88308102,-87.79890529
16073170140000,309 S CLINTON AVE,41.88293775,-87.79890648
16073170150000,315 S CLINTON AVE,41.88277264,-87.7988224
16073170160000,317 S CLINTON AVE,41.88262361,-87.79886616
16073170170000,321 S CLINTON AVE,41.88250926,-87.79885861
16073170180000,325 S CLINTON AVE,41.8823632,-87.79885982
16073170190000,329 S CLINTON AVE,41.88222987,-87.79886519
16073170200000,335 S CLINTON AVE,41.88210282,-87.79885774
16073170240000,300 HOME AVE,41.88319997,-87.79968573
16073170250000,304 HOME AVE,41.88309861,-87.7996819
16073170260000,950 W WASHINGTON BLVD,41.88180764,-87.79955743
16073170270000,345 S CLINTON AVE,41.88176231,-87.7987732
16073170280000,339 S CLINTON AVE,41.88194068,-87.79890114
16073180010000,300 S CLINTON AVE,41.88320951,-87.79822064
16073180020000,304 S CLINTON AVE,41.88307473,-87.7982377
16073180030000,308 S CLINTON AVE,41.88293339,-87.7982089
16073180040000,312 S CLINTON AVE,41.88280751,-87.79819124
16073180170000,333 S KENILWORTH AVE,41.88199289,-87.79775185
16073190020000,306 S KENILWORTH AVE,41.8830822,-87.79676645
16073190030000,308 S KENILWORTH AVE,41.88301478,-87.79671593
16073190040000,310 S KENILWORTH AVE,41.88292253,-87.79669306
16073190050000,312 S KENILWORTH AVE,41.88284131,-87.79669374
16073190060000,314 S KENILWORTH AVE,41.88271879,-87.79670627
16073190070000,318 S KENILWORTH AVE,41.88260884,-87.79669059
16073190080000,324 S KENILWORTH AVE,41.8824944,-87.79667686
16073190090000,328 S KENILWORTH AVE,41.88239115,-87.79667772
16073190100000,332 S KENILWORTH AVE,41.88228435,-87.79671309
16073190110000,334 S KENILWORTH AVE,41.88217349,-87.79669423
16073190130000,303 S GROVE AVE,41.88326966,-87.79600743
16073190140000,305 S GROVE AVE,41.88315395,-87.7960084
16073190150000,309 S GROVE AVE,41.88301136,-87.79598441
16073190160000,315 S GROVE AVE,41.88287121,-87.79597569
16073190170000,317 S GROVE AVE,41.8827015,-87.79598701
16073190180000,321 S GROVE AVE,41.88259449,-87.79597801
16073190190000,323 S GROVE AVE,41.88247278,-87.79599372
16073190200000,325 S GROVE AVE,41.88230324,-87.79602003
16073190220000,832 W WASHINGTON BLVD,41.88179555,-87.79590527
16073190230000,300 S KENILWORTH AVE,41.88328703,-87.79675763
16073190240000,331 S GROVE AVE,41.88214011,-87.79594536
16073190250000,329 S GROVE AVE,41.88218484,-87.79595176
16073190261001,338 S KENILWORTH AVE,41.88197888,-87.79681582
16073200020000,304 S GROVE AVE,41.88314769,-87.79537358
16073200030000,308 S GROVE AVE,41.88301945,-87.79536229
16073200040000,312 S GROVE AVE,41.882898,-87.79535344
16073200050000,316 S GROVE AVE,41.88275409,-87.79535465
16073200060000,320 S GROVE AVE,41.8826003,-87.7953754
16073200070000,324 S GROVE AVE,41.88244162,-87.79536683
16073200080000,328 S GROVE AVE,41.88233448,-87.79532816
16073200090000,332 S GROVE AVE,41.88220555,-87.79536402
16073200100000,334 S GROVE AVE,41.88204716,-87.79532771
16073200130000,309 S OAK PARK AVE,41.88304965,-87.79489929
16073200140000,317 S OAK PARK AVE,41.88276297,-87.79470955
16073200150000,321 S OAK PARK AVE,41.88263374,-87.79468095
16073200160000,325 S OAK PARK AVE,41.88250115,-87.79472644
16073200230000,800 W WASHINGTON BLVD,41.88192444,-87.79471768
16073200240000,333 S OAK PARK AVE,41.88219997,-87.79468287
16073200250000,329 S OAK PARK AVE,41.88236014,-87.79470403
16073200260000,816 W WASHINGTON BLVD,41.88175251,-87.79513496
16073210150000,23 N HARLEM AVE,41.88053276,-87.80430294
16073210170000,11 N HARLEM AVE,41.88002116,-87.80432668
16073210180000,97 N HARLEM AVE,41.88127519,-87.804587
16073210190000,401 S MAPLE AVE,41.8812735,-87.80422137
16073210200000,415 S MAPLE AVE,41.8807467,-87.80419074
16073210210000,405 S MAPLE AVE,41.88111816,-87.80427314
16073210220000,409 S MAPLE AVE,41.88097775,-87.80429139
16073220010000,1119 W WASHINGTON BLVD,41.88124033,-87.8031952
16073220060000,436 S MAPLE AVE,41.88010943,-87.80357337
16073220070000,1113 W WASHINGTON BLVD,41.88122265,-87.80299494
16073220160000,433 WISCONSIN AVE,41.88018516,-87.80263307
16073220210000,1116 MADISON ST,41.87981007,-87.8031118
16073220220000,1114 MADISON ST,41.87980971,-87.80303485
16073220230000,1112 MADISON ST,41.87979796,-87.80293815
16073220240000,1110 MADISON ST,41.87984083,-87.80286088
16073220250000,1108 MADISON ST,41.87984606,-87.8027566
16073220280000,1100 MADISON ST,41.8798132,-87.80248877
16073220290000,427 WISCONSIN AVE,41.8804245,-87.80260443
16073220320000,414 S MAPLE AVE,41.88073246,-87.80352486
16073220330000,420 S MAPLE AVE,41.8805764,-87.80344474
16073220380000,440 S MAPLE AVE,41.87994192,-87.80359888
16073220390000,1103 W WASHINGTON BLVD,41.88129046,-87.80264619
16073220400000,430 S MAPLE AVE,41.88026806,-87.80355327
16073220410000,1122 MADISON ST,41.87981397,-87.80334788
16073220430000,429 WISCONSIN AVE,41.88033507,-87.80256356
16073220450000,413 WISCONSIN AVE,41.88087902,-87.80261074
16073220550000,407 WISCONSIN AVE,41.88107256,-87.80279709
16073220610000,425 WISCONSIN AVE,41.88053062,-87.80255616
16073220620000,426 S MAPLE AVE,41.88039622,-87.80355529
16073230010000,1039 W WASHINGTON BLVD,41.8812422,-87.80184572
16073230040000,416 WISCONSIN AVE,41.88076558,-87.80198775
16073230050000,420 WISCONSIN AVE,41.88063142,-87.80197603
16073230080000,432 WISCONSIN AVE,41.88022314,-87.8019842
16073230250000,1013 W WASHINGTON BLVD,41.88131225,-87.80066921
16073230330000,429 HOME AVE,41.88039655,-87.8002945
16073230340000,431 HOME AVE,41.88030076,-87.80029529
16073230350000,435 HOME AVE,41.88020497,-87.80029609
16073230370000,1006 MADISON ST,41.87984627,-87.8003108
16073230380000,1000 MADISON ST,41.8798665,-87.8001289
16073230430000,425 HOME AVE,41.88066922,-87.80040377
16073230450000,1005 W WASHINGTON BLVD,41.88134091,-87.80034269
16073230460000,430 WISCONSIN AVE,41.88029833,-87.80214026
16073230470000,413 HOME AVE,41.88092742,-87.80039393
16073230480000,405 HOME AVE,41.88113052,-87.80028941
16073230490000,1023 W WASHINGTON BLVD,41.88098107,-87.80104064
16073230500000,439 HOME AVE,41.88004994,-87.8002676
16073230510000,406 WISCONSIN AVE,41.88110277,-87.80205953
16073230520000,426 WISCONSIN AVE,41.88044169,-87.80212192
16073230530000,414 WISCONSIN AVE,41.88087646,-87.80209647
16073230540000,1046 SUSAN COLLINS LN,41.88005742,-87.80210326
16073230550000,1041 SUSAN COLLINS LN,41.87987313,-87.802051
16073230560000,1044 SUSAN COLLINS LN,41.88007245,-87.80202503
16073230570000,1042 SUSAN COLLINS LN,41.88007106,-87.801962
16073230580000,1040 SUSAN COLLINS LN,41.88008146,-87.80189177
16073230590000,1038 SUSAN COLLINS LN,41.88007754,-87.80181788
16073230600000,1036 SUSAN COLLINS LN,41.88007721,-87.8017452
16073230610000,1034 SUSAN COLLINS LN,41.88007683,-87.80166397
16073230620000,1030 MADISON ST,41.87983638,-87.80139896
16073230630000,1028 MADISON ST,41.879836,-87.80131659
16073230640000,1026 MADISON ST,41.87983569,-87.80124939
16073230650000,1024 MADISON ST,41.87983534,-87.80117352
16073230660000,1032 ALEXANDER LN,41.88006145,-87.80140487
16073230670000,1030 ALEXANDER LN,41.88006109,-87.80132683
16073230680000,1028 ALEXANDER LN,41.88006567,-87.80126827
16073230690000,1026 ALEXANDER LN,41.88006852,-87.8011837
16073230700000,1031 BALDWIN LN,41.88016156,-87.80143362
16073230710000,1029 BALDWIN LN,41.88017526,-87.80123107
16073230720000,1026 BALDWIN LN,41.88040167,-87.80117915
16073230730000,1028 BALDWIN LN,41.88037617,-87.80126607
16073230740000,1030 BALDWIN LN,41.88037647,-87.80133111
16073230750000,1032 BALDWIN LN,41.8803784,-87.80139829
16073230760000,426 PENNSYLVANIA WAY,41.88046713,-87.80140297
16073230770000,424 PENNSYLVANIA WAY,41.88051733,-87.80140472
16073230780000,422 PENNSYLVANIA WAY,41.88058046,-87.8014042
16073230790000,420 PENNSYLVANIA WAY,41.88063553,-87.80140807
16073230800000,1033 LINCOLN TRL,41.88073207,-87.80142488
16073230810000,1031 LINCOLN TRL,41.88073338,-87.80135767
16073230820000,1029 LINCOLN TRL,41.88073308,-87.80129263
16073230830000,1027 LINCOLN TRL,41.88073266,-87.80120159
16073230840000,1024 BALDWIN LN,41.8805971,-87.80116369
16073230850000,1022 BALDWIN LN,41.88059511,-87.8010835
16073230860000,1023 LINCOLN TRL,41.88074919,-87.80105927
16073230870000,1021 LINCOLN TRL,41.88074724,-87.80098775
16073230880000,1019 LINCOLN TRL,41.88074691,-87.80091621
16073230890000,1017 LINCOLN TRL,41.88074978,-87.80083598
16073230900000,1020 BALDWIN LN,41.88040168,-87.8010487
16073230910000,1018 BALDWIN LN,41.8803705,-87.80095791
16073230920000,1016 BALDWIN LN,41.8803718,-87.8008907
16073230930000,1014 BALDWIN LN,41.88037629,-87.80081045
16073230940000,427 CHESTNUT LN,41.88049085,-87.80092056
16073230950000,425 CHESTNUT LN,41.88053779,-87.80091801
16073230960000,423 CHESTNUT LN,41.8805896,-87.80091758
16073230970000,421 CHESTNUT LN,41.8806495,-87.80091708
16073230990000,1016 MADISON ST,41.87984291,-87.80079476
16073231000000,1018 MADISON ST,41.8798384,-87.80086749
16073231010000,1020 MADISON ST,41.87983518,-87.80094402
16073231020000,1022 MADISON ST,41.8798356,-87.80103486
16073231030000,1024 ALEXANDER LN,41.880066,-87.80104948
16073231040000,1022 ALEXANDER LN,41.88007575,-87.80095314
16073231050000,1020 ALEXANDER LN,41.88006716,-87.80087681
16073231060000,1018 ALEXANDER LN,41.88006682,-87.80080311
16073231070000,1015 BALDWIN LN,41.88018858,-87.80086697
16073231080000,1019 BALDWIN LN,41.88018953,-87.80107256
16073240010000,400 HOME AVE,41.88132277,-87.7995998
16073240050000,408 HOME AVE,41.88108149,-87.79961031
16073240150000,935 W WASHINGTON BLVD,41.88134186,-87.79873188
16073240160000,939 W WASHINGTON BLVD,41.88107563,-87.79887794
16073240180000,417 S CLINTON AVE,41.88083833,-87.7988085
16073240190000,421 S CLINTON AVE,41.88069248,-87.79878508
16073240200000,425 S CLINTON AVE,41.88055519,-87.79878622
16073240210000,431 S CLINTON AVE,41.88040824,-87.79877034
16073240220000,433 S CLINTON AVE,41.88027725,-87.79875433
16073240230000,437 S CLINTON AVE,41.88012831,-87.79873744
16073240310000,404 HOME AVE,41.88120529,-87.79960077
16073240330000,430 HOME AVE,41.88041215,-87.79964107
16073240440000,940 MADISON ST,41.8798445,-87.79884614
16073240460000,936 MADISON ST,41.87984578,-87.79877285
16073240480000,934 MADISON ST,41.87984734,-87.79868276
16073240490000,932 MADISON ST,41.87984899,-87.79858736
16073240500000,946 MADISON ST,41.87984068,-87.79906702
16073240510000,944 MADISON ST,41.87984204,-87.79898838
16073240560000,970 MADISON ST,41.8799072,-87.79946212
16073250010000,404 S CLINTON AVE,41.88129481,-87.79809214
16073250020000,410 S CLINTON AVE,41.881111,-87.79808108
16073250030000,412 S CLINTON AVE,41.8809815,-87.79812528
16073250040000,420 S CLINTON AVE,41.88082608,-87.79811194
16073250050000,422 S CLINTON AVE,41.88070352,-87.79811596
16073250060000,426 S CLINTON AVE,41.8805621,-87.79810155
16073250070000,428 S CLINTON AVE,41.88042095,-87.79810572
16073250080000,432 S CLINTON AVE,41.88027069,-87.79811319
16073250090000,907 W WASHINGTON BLVD,41.88137691,-87.79747834
16073250100000,409 S KENILWORTH AVE,41.88113119,-87.79729921
16073250140000,425 S KENILWORTH AVE,41.88056949,-87.7972458
16073250180000,916 MADISON ST,41.87998954,-87.79778492
16073250190000,914 MADISON ST,41.87990404,-87.79763386
16073250200000,445 S KENILWORTH AVE,41.88005645,-87.79749235
16073250230000,417 S KENILWORTH AVE,41.88084325,-87.79725725
16073250240000,423 S KENILWORTH AVE,41.88067537,-87.79722936
16073250251001,433 S KENILWORTH AVE,41.88024464,-87.79722252
16073250280000,413 S KENILWORTH AVE,41.88100599,-87.79736245
16073250330000,429 S KENILWORTH AVE,41.88042779,-87.79735644
16073260010000,851 W WASHINGTON BLVD,41.8811819,-87.79678752
16073260020000,414 S KENILWORTH AVE,41.88089375,-87.79669298
16073260050000,428 S KENILWORTH AVE,41.88048949,-87.79665733
16073260060000,430 S KENILWORTH AVE,41.88039725,-87.7966581
16073260070000,434 S KENILWORTH AVE,41.8802792,-87.79666419
16073260100000,413 S GROVE AVE,41.88104087,-87.7958976
16073260110000,417 S GROVE AVE,41.88089322,-87.79589374
16073260120000,421 S GROVE AVE,41.88076413,-87.79589483
16073260130000,425 S GROVE AVE,41.88063138,-87.79590583
16073260140000,431 S GROVE AVE,41.88046163,-87.79590725
16073260150000,433 S GROVE AVE,41.88038344,-87.79578631
16073260170000,850 MADISON ST,41.87994725,-87.79659998
16073260180000,848 MADISON ST,41.87994681,-87.79650615
16073260190000,846 MADISON ST,41.87994993,-87.7964024
16073260200000,844 MADISON ST,41.87997517,-87.79627388
16073260240000,401 S GROVE AVE,41.88132274,-87.79607477
16073260250000,420 S KENILWORTH AVE,41.88069513,-87.79662118
16073260260000,438 S KENILWORTH AVE,41.88013059,-87.7967638
16073270020000,412 S GROVE AVE,41.88104527,-87.79531128
16073270030000,416 S GROVE AVE,41.8809198,-87.79531743
16073270040000,420 S GROVE AVE,41.8807833,-87.79531858
16073270050000,424 S GROVE AVE,41.88064677,-87.79531463
16073270060000,428 S GROVE AVE,41.88053611,-87.79531555
16073270070000,430 S GROVE AVE,41.88042542,-87.79531169
16073270080000,434 S GROVE AVE,41.88031846,-87.79531258
16073270130000,413 S OAK PARK AVE,41.8810693,-87.79464372
16073270140000,417 S OAK PARK AVE,41.88099674,-87.79454057
16073270150000,421 S OAK PARK AVE,41.88080959,-87.79468734
16073270190000,800 MADISON ST,41.87998097,-87.79461545
16073270200000,408 S GROVE AVE,41.88124362,-87.7954053
16073270210000,809 W WASHINGTON BLVD,41.88143227,-87.79486998
16073270240000,425 S OAK PARK AVE,41.88064059,-87.79467183
16073270290000,429 S OAK PARK AVE,41.88048925,-87.79464984
16073270390000,407 S OAK PARK AVE,41.88124941,-87.79469119
16073270400000,820 MADISON ST,41.8800736,-87.79522083
16073270410000,442 S GROVE AVE,41.87992411,-87.79529039
16074000010000,106 S OAK PARK AVE,41.88655994,-87.79428681
16074000020000,719 SOUTH BLVD,41.88669608,-87.79386277
16074000040000,711 SOUTH BLVD,41.8866294,-87.79350055
16074000070000,128 S OAK PARK AVE,41.88623228,-87.79428496
16074000080000,140 S OAK PARK AVE,41.88605075,-87.79415243
16074000120000,188 S OAK PARK AVE,41.88538361,-87.79399753
16074000130000,190 S OAK PARK AVE,41.88523057,-87.7937086
16074000150000,119 S EUCLID AVE,41.88607144,-87.79315447
16074000160000,123 S EUCLID AVE,41.88592217,-87.79315854
16074000170000,129 S EUCLID AVE,41.88576406,-87.79347876
16074000180000,131 S EUCLID AVE,41.88564609,-87.79311889
16074000220000,180 S OAK PARK AVE,41.88561139,-87.79396593
16074000280000,115 S EUCLID AVE,41.88624506,-87.7931647
16074000290000,117 S EUCLID AVE,41.88614374,-87.79338022
16074000300000,101 S EUCLID AVE APT A,41.88670913,-87.79304243
16074000310000,103 S EUCLID AVE APT A,41.88664801,-87.79304059
16074000320000,105 S EUCLID AVE APT A,41.88659341,-87.79303912
16074000330000,107 S EUCLID AVE APT A,41.88652504,-87.79303727
16074000340000,109 S EUCLID AVE APT A,41.8864834,-87.79303617
16074000350000,111 S EUCLID AVE APT A,41.88642879,-87.7930347
16074000360000,113 S EUCLID AVE APT A,41.88636652,-87.79303284
16074000370000,101 S EUCLID AVE APT B,41.8867157,-87.7933048
16074000380000,103 S EUCLID AVE APT B,41.88665458,-87.79330296
16074000390000,105 S EUCLID AVE APT B,41.88659998,-87.79330149
16074000400000,107 S EUCLID AVE APT B,41.88653161,-87.79329964
16074000410000,109 S EUCLID AVE APT B,41.88648997,-87.79329854
16074000420000,111 S EUCLID AVE APT B,41.88643536,-87.79329707
16074000430000,113 S EUCLID AVE APT B,41.88637309,-87.79329521
16074000440000,150 S OAK PARK AVE,41.88583481,-87.79399903
16074010010000,661 SOUTH BLVD,41.88663364,-87.79242594
16074010020000,110 S EUCLID AVE,41.8864022,-87.79244589
16074010060000,647 SOUTH BLVD,41.88668016,-87.79183808
16074010070000,101 S WESLEY AVE,41.88673598,-87.79148935
16074010080000,103 S WESLEY AVE,41.88662467,-87.79148429
16074010090000,105 S WESLEY AVE,41.88652234,-87.79148516
16074010100000,107 S WESLEY AVE,41.88641106,-87.7914861
16074010110000,114 S EUCLID AVE,41.88622392,-87.79245657
16074010130000,120 S EUCLID AVE,41.88607251,-87.79243986
16074010140000,124 S EUCLID AVE,41.88594908,-87.79241722
16074010150000,126 S EUCLID AVE,41.8857965,-87.79241851
16074010160000,130 S EUCLID AVE,41.88566299,-87.79241963
16074010170000,136 S EUCLID AVE,41.88548033,-87.79239119
16074010180000,140 S EUCLID AVE,41.88532001,-87.79236286
16074010190000,115 S WESLEY AVE,41.88627299,-87.79153251
16074010200000,121 S WESLEY AVE,41.88606824,-87.79153424
16074010220000,125 S WESLEY AVE,41.88588577,-87.79152409
16074010230000,129 S WESLEY AVE,41.88577448,-87.79152503
16074010240000,131 S WESLEY AVE,41.88566763,-87.79152593
16074010250000,135 S WESLEY AVE,41.88552528,-87.79153283
16074010260000,141 S WESLEY AVE,41.88538281,-87.79153403
16074010270000,143 S WESLEY AVE,41.88524478,-87.79151751
16074010300000,655 SOUTH BLVD,41.88657445,-87.79223169
16074010310000,651 SOUTH BLVD,41.88667166,-87.79199658
16074020010000,102 S WESLEY AVE,41.88674184,-87.7908336
16074020040000,110 S WESLEY AVE,41.88641681,-87.79080667
16074020130000,112 S WESLEY AVE,41.88629443,-87.79078728
16074020140000,118 S WESLEY AVE,41.88610015,-87.79074892
16074020150000,122 S WESLEY AVE,41.88595803,-87.79075331
16074020160000,124 S WESLEY AVE,41.88581566,-87.79075452
16074020170000,128 S WESLEY AVE,41.88568211,-87.79074965
16074020200000,144 S WESLEY AVE,41.88527246,-87.79072314
16074020210000,115 S EAST AVE,41.88630516,-87.78986483
16074020220000,121 S EAST AVE,41.88610063,-87.78991423
16074020230000,125 S EAST AVE,41.88596867,-87.78993448
16074020240000,127 S EAST AVE,41.88583688,-87.78989354
16074020250000,131 S EAST AVE,41.8857119,-87.78989916
16074020260000,133 S EAST AVE,41.88557093,-87.78990673
16074020270000,141 S EAST AVE,41.88543287,-87.78988421
16074020280000,145 S EAST AVE,41.8852905,-87.78988542
16074020290000,108 S WESLEY AVE,41.88651026,-87.79082356
16074020310000,104 S WESLEY AVE,41.88663053,-87.79082854
16074020340000,601 SOUTH BLVD,41.88657085,-87.78978662
16074020470000,615 SOUTH BLVD,41.8866012,-87.79032798
16074020510000,605 SOUTH BLVD,41.88657971,-87.78994665
16074020570000,609 SOUTH BLVD,41.88656221,-87.79016936
16074020750000,136 S WESLEY AVE,41.88555293,-87.79073275
16074030090000,126 S EAST AVE,41.88585674,-87.7891018
16074030110000,138 S EAST AVE,41.88541619,-87.78911753
16074030120000,142 S EAST AVE,41.88528693,-87.78908265
16074030140000,125 S SCOVILLE AVE,41.88612494,-87.78831194
16074030150000,127 S SCOVILLE AVE,41.88601797,-87.78828887
16074030160000,129 S SCOVILLE AVE,41.88593345,-87.78828959
16074030170000,131 S SCOVILLE AVE,41.88582654,-87.7882788
16074030180000,133 S SCOVILLE AVE,41.88571142,-87.78826255
16074030190000,135 S SCOVILLE AVE,41.88559049,-87.78823883
16074030200000,137 S SCOVILLE AVE,41.88544796,-87.78822835
16074030210000,141 S SCOVILLE AVE,41.88531453,-87.78824718
16074030350000,105 S SCOVILLE AVE,41.88663755,-87.78821885
16074030360000,107 S SCOVILLE AVE,41.88655268,-87.78823037
16074030370000,109 S SCOVILLE AVE,41.88647282,-87.78821426
16074030380000,130 S EAST AVE,41.88570982,-87.78907906
16074030410000,515 SOUTH BLVD,41.88670442,-87.78880263
16074030430000,108 S EAST AVE,41.88657592,-87.78901152
16074030440000,134 S EAST AVE,41.88558516,-87.78908012
16074030450000,111 S SCOVILLE AVE,41.88636983,-87.78827478
16074030460000,122 S EAST AVE,41.88601125,-87.78907088
16074030480000,517 SOUTH BLVD,41.88648128,-87.78888925
16074030550000,529 SOUTH BLVD,41.88672797,-87.78929987
16074030560000,527 SOUTH BLVD,41.88672885,-87.78923946
16074030570000,525 SOUTH BLVD,41.88672972,-87.78917597
16074030580000,523 SOUTH BLVD,41.8867276,-87.78911123
16074030590000,521 SOUTH BLVD,41.88672969,-87.78904989
16074030600000,519 SOUTH BLVD,41.88673125,-87.78898719
16074040020000,459 SOUTH BLVD,41.88672466,-87.78741625
16074040030000,453 SOUTH BLVD,41.88671426,-87.78727321
16074040040000,433 SOUTH BLVD,41.88679872,-87.78647177
16074040070000,112 S SCOVILLE AVE,41.88634388,-87.78748625
16074040100000,118 S SCOVILLE AVE,41.88613214,-87.78751173
16074040110000,122 S SCOVILLE AVE,41.88601187,-87.78750676
16074040120000,126 S SCOVILLE AVE,41.8858835,-87.78751742
16074040130000,132 S SCOVILLE AVE,41.88574926,-87.787509
16074040140000,134 S SCOVILLE AVE,41.88559348,-87.78750463
16074040150000,138 S SCOVILLE AVE,41.88546433,-87.78749373
16074040160000,142 S SCOVILLE AVE,41.88531753,-87.78749498
16074040180000,113 S ELMWOOD AVE,41.88637474,-87.78650279
16074040210000,121 S ELMWOOD AVE,41.88614574,-87.78657871
16074040250000,129 S ELMWOOD AVE,41.88588313,-87.78658094
16074040260000,131 S ELMWOOD AVE,41.88575493,-87.78655691
16074040270000,135 S ELMWOOD AVE,41.88561598,-87.78655924
16074040280000,139 S ELMWOOD AVE,41.88548699,-87.78656034
16074040300000,143 S ELMWOOD AVE,41.88537111,-87.78654668
16074040320000,109 S ELMWOOD AVE,41.88652286,-87.78670547
16074040330000,114 S SCOVILLE AVE,41.88625667,-87.78750468
16074040340000,123 S ELMWOOD AVE,41.88601675,-87.7865798
16074040350000,104 S SCOVILLE AVE,41.88672201,-87.7876403
16074050040000,110 S ELMWOOD AVE,41.88653293,-87.78599968
16074050050000,419 SOUTH BLVD,41.8868185,-87.78571031
16074050070000,411 SOUTH BLVD,41.88661847,-87.78534137
16074050080000,103 S RIDGELAND AVE,41.88671796,-87.78487169
16074050090000,112 S ELMWOOD AVE,41.88638687,-87.78602234
16074050100000,116 S ELMWOOD AVE,41.88627253,-87.78595319
16074050110000,118 S ELMWOOD AVE,41.88618354,-87.78596565
16074050120000,122 S ELMWOOD AVE,41.8860456,-87.78596682
16074050130000,126 S ELMWOOD AVE,41.88592079,-87.78593821
16074050140000,130 S ELMWOOD AVE,41.88576056,-87.78592758
16074050150000,134 S ELMWOOD AVE,41.88563592,-87.78593464
16074050160000,138 S ELMWOOD AVE,41.8855113,-87.78592371
16074050170000,424 PLEASANT ST,41.88536565,-87.78582833
16074050180000,115 S RIDGELAND AVE,41.88637748,-87.78504552
16074050210000,119 S RIDGELAND AVE,41.88606473,-87.78500619
16074050220000,121 S RIDGELAND AVE,41.8859756,-87.78498927
16074050230000,123 S RIDGELAND AVE,41.88588204,-87.78497208
16074050240000,125 S RIDGELAND AVE,41.88576196,-87.7849851
16074050250000,127 S RIDGELAND AVE,41.88565522,-87.7850097
16074050260000,129 S RIDGELAND AVE,41.88555278,-87.78498689
16074050270000,412 PLEASANT ST,41.88540707,-87.78523848
16074050280000,131 S RIDGELAND AVE,41.8854548,-87.78499372
16074050310000,117 S RIDGELAND AVE,41.88618489,-87.78501116
16074050330000,100 S ELMWOOD AVE,41.88674021,-87.78599417
16074060010000,200 S OAK PARK AVE,41.88470725,-87.79388204
16074060020000,212 S OAK PARK AVE,41.88447464,-87.79389981
16074060070000,232 S OAK PARK AVE,41.88380116,-87.79405175
16074060080000,236 S OAK PARK AVE,41.88368447,-87.79407353
16074060100000,201 S EUCLID AVE,41.88487203,-87.79313565
16074060110000,209 S EUCLID AVE,41.88462654,-87.79313453
16074060120000,213 S EUCLID AVE,41.88448762,-87.79309897
16074060140000,217 S EUCLID AVE,41.88427921,-87.79309548
16074060150000,221 S EUCLID AVE,41.88408181,-87.79308516
16074060160000,225 S EUCLID AVE,41.88395715,-87.79308621
16074060170000,227 S EUCLID AVE,41.8838681,-87.79308696
16074060180000,229 S EUCLID AVE,41.88377757,-87.79306441
16074060190000,233 S EUCLID AVE,41.88365004,-87.7930828
16074060210000,257 S EUCLID AVE,41.88351652,-87.79308392
16074060220000,224 S OAK PARK AVE,41.88399326,-87.79394059
16074060230000,214 S OAK PARK AVE,41.88434699,-87.79406135
16074060240000,240 S OAK PARK AVE,41.88347383,-87.79394549
16074070010000,202 S EUCLID AVE,41.88484507,-87.7923485
16074070050000,220 S EUCLID AVE,41.88421299,-87.79233015
16074070060000,224 S EUCLID AVE,41.88408829,-87.7923252
16074070070000,228 S EUCLID AVE,41.88394886,-87.79233807
16074070080000,230 S EUCLID AVE,41.8838287,-87.79233309
16074070090000,232 S EUCLID AVE,41.88366841,-87.79233444
16074070100000,240 S EUCLID AVE,41.88351588,-87.79232146
16074070110000,201 S WESLEY AVE,41.88492437,-87.79153115
16074070140000,213 S WESLEY AVE,41.88451922,-87.7914989
16074070150000,217 S WESLEY AVE,41.88439461,-87.79151194
16074070160000,221 S WESLEY AVE,41.88423883,-87.79150726
16074070170000,225 S WESLEY AVE,41.88409633,-87.79150247
16074070180000,229 S WESLEY AVE,41.88396129,-87.79150931
16074070190000,231 S WESLEY AVE,41.88384116,-87.79151032
16074070200000,235 S WESLEY AVE,41.8837121,-87.79151908
16074070210000,241 S WESLEY AVE,41.88354284,-87.79149515
16074070240000,210 S EUCLID AVE,41.88462074,-87.79238447
16074070250000,214 S EUCLID AVE,41.88438207,-87.79231673
16074070260000,209 S WESLEY AVE,41.88466602,-87.79149766
16074080030000,210 S WESLEY AVE,41.88468714,-87.7907564
16074080040000,214 S WESLEY AVE,41.88455359,-87.79075153
16074080050000,218 S WESLEY AVE,41.88441999,-87.79073498
16074080060000,220 S WESLEY AVE,41.88427316,-87.79073022
16074080070000,224 S WESLEY AVE,41.88413072,-87.79073742
16074080080000,228 S WESLEY AVE,41.8839779,-87.79075041
16074080090000,234 S WESLEY AVE,41.88385325,-87.79073347
16074080100000,236 S WESLEY AVE,41.88372862,-87.79074053
16074080110000,240 S WESLEY AVE,41.88363957,-87.79074128
16074080120000,244 S WESLEY AVE,41.88351064,-87.79075436
16074080130000,201 S EAST AVE,41.88494307,-87.7898955
16074080140000,205 S EAST AVE,41.88482361,-87.78984732
16074080150000,209 S EAST AVE,41.88468023,-87.78985006
16074080160000,213 S EAST AVE,41.88456,-87.78985108
16074080170000,217 S EAST AVE,41.88442646,-87.7898475
16074080180000,223 S EAST AVE,41.88425375,-87.78983878
16074080190000,225 S EAST AVE,41.88414152,-87.78983193
16074080200000,229 S EAST AVE,41.88400646,-87.78983178
16074080210000,233 S EAST AVE,41.88382847,-87.78983329
16074080220000,237 S EAST AVE,41.88371272,-87.78982676
16074080260000,241 S EAST AVE,41.88361469,-87.78968486
16074080270000,200 S WESLEY AVE,41.88493208,-87.79078431
16074080290000,619 PLEASANT ST,41.88499564,-87.79043061
16074090010000,200 S EAST AVE,41.88498381,-87.78910739
16074090020000,204 S EAST AVE,41.88485475,-87.78911449
16074090030000,208 S EAST AVE,41.88469462,-87.78912784
16074090040000,212 S EAST AVE,41.88456996,-87.78912889
16074090050000,216 S EAST AVE,41.88443636,-87.78911204
16074090060000,222 S EAST AVE,41.88428945,-87.78911329
16074090070000,224 S EAST AVE,41.88415585,-87.78909673
16074090080000,228 S EAST AVE,41.8840209,-87.78912156
16074090090000,232 S EAST AVE,41.88388719,-87.78908102
16074090100000,236 S EAST AVE,41.8837537,-87.78908785
16074090110000,240 S EAST AVE,41.88364241,-87.7890888
16074090120000,244 S EAST AVE,41.88353123,-87.78908974
16074090130000,201 S SCOVILLE AVE,41.8849738,-87.78823489
16074090140000,205 S SCOVILLE AVE,41.88484473,-87.7882183
16074090150000,209 S SCOVILLE AVE,41.88472012,-87.78823135
16074090160000,215 S SCOVILLE AVE,41.88458221,-87.78823822
16074090170000,217 S SCOVILLE AVE,41.88443531,-87.78823947
16074090180000,221 S SCOVILLE AVE,41.88430613,-87.78822288
16074090190000,225 S SCOVILLE AVE,41.88415923,-87.78822413
16074090200000,229 S SCOVILLE AVE,41.88402571,-87.78822526
16074090210000,233 S SCOVILLE AVE,41.88389216,-87.7882204
16074090220000,235 S SCOVILLE AVE,41.88378541,-87.78822131
16074090230000,239 S SCOVILLE AVE,41.88367402,-87.78819827
16074090240000,241 S SCOVILLE AVE,41.88356708,-87.78818149
16074100020000,204 S SCOVILLE AVE,41.88485876,-87.78742177
16074100030000,208 S SCOVILLE AVE,41.88472514,-87.78742291
16074100040000,212 S SCOVILLE AVE,41.88458279,-87.78742882
16074100050000,216 S SCOVILLE AVE,41.88444927,-87.78742996
16074100060000,220 S SCOVILLE AVE,41.88432455,-87.78741903
16074100070000,224 S SCOVILLE AVE,41.88421782,-87.78742594
16074100080000,226 S SCOVILLE AVE,41.88411097,-87.78742685
16074100090000,230 S SCOVILLE AVE,41.88399515,-87.78740415
16074100100000,234 S SCOVILLE AVE,41.88388387,-87.78740509
16074100110000,238 S SCOVILLE AVE,41.88377701,-87.787406
16074100120000,240 S SCOVILLE AVE,41.8836613,-87.78740699
16074100130000,244 S SCOVILLE AVE,41.88355895,-87.78740186
16074100140000,201 S ELMWOOD AVE,41.88501973,-87.78658588
16074100150000,205 S ELMWOOD AVE,41.88488627,-87.78659901
16074100160000,209 S ELMWOOD AVE,41.88478149,-87.78659663
16074100170000,215 S ELMWOOD AVE,41.88458794,-87.78656873
16074100180000,217 S ELMWOOD AVE,41.88447665,-87.78657851
16074100190000,223 S ELMWOOD AVE,41.8843343,-87.78658572
16074100200000,225 S ELMWOOD AVE,41.88421407,-87.78658675
16074100210000,231 S ELMWOOD AVE,41.88410292,-87.78659369
16074100220000,233 S ELMWOOD AVE,41.88400032,-87.78655889
16074100230000,235 S ELMWOOD AVE,41.88390682,-87.78655369
16074100240000,237 S ELMWOOD AVE,41.88380892,-87.78655453
16074100250000,241 S ELMWOOD AVE,41.88363552,-87.78659168
16074110010000,200 S ELMWOOD AVE,41.88503178,-87.78587657
16074110020000,204 S ELMWOOD AVE,41.88490269,-87.78587767
16074110030000,210 S ELMWOOD AVE,41.88476906,-87.78585513
16074110040000,214 S ELMWOOD AVE,41.88464,-87.78586193
16074110050000,218 S ELMWOOD AVE,41.88449762,-87.78586314
16074110060000,222 S ELMWOOD AVE,41.88436405,-87.78585259
16074110070000,224 S ELMWOOD AVE,41.884226,-87.78585377
16074110080000,230 S ELMWOOD AVE,41.88408363,-87.78585498
16074110090000,234 S ELMWOOD AVE,41.88392335,-87.78585635
16074110100000,238 S ELMWOOD AVE,41.88374536,-87.78585787
16074110110000,242 S ELMWOOD AVE,41.88360284,-87.78582911
16074110120000,201 S RIDGELAND AVE,41.88504575,-87.78500078
16074110130000,205 S RIDGELAND AVE,41.88491215,-87.78498394
16074110140000,207 S RIDGELAND AVE,41.88477413,-87.78499111
16074110150000,215 S RIDGELAND AVE,41.88465836,-87.78498011
16074110160000,217 S RIDGELAND AVE,41.88452484,-87.78498125
16074110170000,221 S RIDGELAND AVE,41.88436909,-87.78498259
16074110180000,225 S RIDGELAND AVE,41.88423103,-87.78496008
16074110190000,229 S RIDGELAND AVE,41.88407515,-87.78495542
16074110200000,233 S RIDGELAND AVE,41.88396385,-87.78493239
16074110210000,237 S RIDGELAND AVE,41.88382589,-87.78495155
16074110220000,241 S RIDGELAND AVE,41.88373239,-87.78494636
16074110230000,245 S RIDGELAND AVE,41.88359887,-87.7849475
16074110240000,412 RANDOLPH ST,41.88360904,-87.78530779
16074120010000,300 S OAK PARK AVE,41.88319397,-87.79402019
16074120020000,304 S OAK PARK AVE,41.88310916,-87.79397923
16074120030000,306 S OAK PARK AVE,41.8829979,-87.79398586
16074120040000,719 RANDOLPH ST,41.88316139,-87.79362876
16074120050000,308 S OAK PARK AVE,41.88289269,-87.79398705
16074120060000,314 S OAK PARK AVE,41.88272584,-87.79400451
16074120070000,316 S OAK PARK AVE,41.88262082,-87.79394976
16074120080000,320 S OAK PARK AVE,41.88248425,-87.79393622
16074120090000,322 S OAK PARK AVE,41.88239201,-87.793937
16074120120000,332 S OAK PARK AVE,41.88211678,-87.793916
16074120130000,334 S OAK PARK AVE,41.88201713,-87.79391684
16074120140000,338 S OAK PARK AVE,41.88186797,-87.79400934
16074120150000,720 W WASHINGTON BLVD,41.88177421,-87.79385169
16074120160000,301 S EUCLID AVE,41.88315939,-87.79305725
16074120170000,305 S EUCLID AVE,41.88304415,-87.79299761
16074120180000,309 S EUCLID AVE,41.88290125,-87.79306842
16074120190000,315 S EUCLID AVE,41.8827548,-87.79309548
16074120200000,317 S EUCLID AVE,41.88264043,-87.79309645
16074120210000,321 S EUCLID AVE,41.88249734,-87.79308138
16074120220000,325 S EUCLID AVE,41.88235254,-87.79306409
16074120230000,329 S EUCLID AVE,41.88221233,-87.79306528
16074120260000,331 S EUCLID AVE,41.88207578,-87.79305653
16074120300000,710 W WASHINGTON BLVD,41.88182517,-87.79312811
16074120340000,326 S OAK PARK AVE,41.8823033,-87.79389817
16074120360000,328 S OAK PARK AVE,41.88220715,-87.7938715
16074130020000,314 S EUCLID AVE,41.88282934,-87.79229318
16074130030000,316 S EUCLID AVE,41.88269078,-87.79230838
16074130040000,324 S EUCLID AVE,41.88252677,-87.79227085
16074130050000,328 S EUCLID AVE,41.88237542,-87.79226733
16074130080000,305 S WESLEY AVE,41.8830003,-87.79148164
16074130090000,301 S WESLEY AVE,41.88312622,-87.79148387
16074130100000,309 S WESLEY AVE,41.88290438,-87.79148725
16074130110000,311 S WESLEY AVE,41.88280856,-87.79151264
16074130120000,315 S WESLEY AVE,41.88268673,-87.79150377
16074130130000,319 S WESLEY AVE,41.88253525,-87.79145079
16074130140000,321 S WESLEY AVE,41.88240993,-87.79146684
16074130150000,323 S WESLEY AVE,41.8822512,-87.7914484
16074130210000,330 S EUCLID AVE,41.88222408,-87.79224373
16074130240000,652 W WASHINGTON BLVD,41.8818336,-87.79203791
16074130250000,300 S EUCLID AVE,41.88311813,-87.7922231
16074130260000,304 S EUCLID AVE,41.8830009,-87.79230225
16074130300000,333 S WESLEY AVE,41.8820709,-87.79151532
16074130330000,640 W WASHINGTON BLVD,41.88178263,-87.79135939
16074130350000,644 W WASHINGTON BLVD,41.88178346,-87.79147654
16074130370000,648 W WASHINGTON BLVD,41.88178006,-87.79161178
16074130410000,337 S WESLEY AVE,41.88191595,-87.79151154
16074130450000,334 S EUCLID AVE,41.88204825,-87.79217363
16074130460000,338 S EUCLID AVE,41.8818256,-87.79240047
16074140010000,300 S WESLEY AVE,41.88314649,-87.79056358
16074140050000,314 S WESLEY AVE,41.88274817,-87.79071298
16074140060000,320 S WESLEY AVE,41.88254888,-87.79071628
16074140070000,322 S WESLEY AVE,41.88239018,-87.79070293
16074140080000,326 S WESLEY AVE,41.88226713,-87.79060409
16074140100000,626 W WASHINGTON BLVD,41.88185588,-87.79074351
16074140110000,622 W WASHINGTON BLVD,41.88184463,-87.79047505
16074140120000,611 RANDOLPH ST,41.88316431,-87.7900947
16074140130000,303 S EAST AVE,41.88312348,-87.78996747
16074140150000,315 S EAST AVE,41.88287818,-87.78984183
16074140160000,321 S EAST AVE,41.88268247,-87.78981891
16074140170000,323 S EAST AVE,41.88255718,-87.78983976
16074140180000,327 S EAST AVE,41.8824169,-87.78982596
16074140190000,329 S EAST AVE,41.88228403,-87.78981239
16074140240000,310 S WESLEY AVE,41.88288468,-87.79071183
16074140260000,306 S WESLEY AVE,41.88302474,-87.79070075
16074140270000,333 S EAST AVE,41.88194852,-87.78985481
16074140280000,332 S WESLEY AVE,41.88208753,-87.79057336
16074150020000,302 S EAST AVE,41.88310853,-87.78908558
16074150030000,306 S EAST AVE,41.88295119,-87.78907746
16074150040000,308 S EAST AVE,41.88283718,-87.78907843
16074150050000,314 S EAST AVE,41.88269658,-87.78907483
16074150060000,318 S EAST AVE,41.88256765,-87.7891104
16074150070000,328 S EAST AVE,41.88243468,-87.78909684
16074150080000,332 S EAST AVE,41.88230559,-87.78909793
16074150100000,309 S SCOVILLE AVE,41.88298272,-87.78812258
16074150110000,311 S SCOVILLE AVE,41.88283306,-87.78812067
16074150120000,315 S SCOVILLE AVE,41.88270775,-87.78813672
16074150130000,323 S SCOVILLE AVE,41.88256664,-87.78813601
16074150140000,325 S SCOVILLE AVE,41.88243389,-87.78814704
16074150150000,327 S SCOVILLE AVE,41.88232484,-87.78806894
16074150170000,524 W WASHINGTON BLVD,41.88189632,-87.78896195
16074150180000,520 W WASHINGTON BLVD,41.8818955,-87.78878898
16074150190000,516 W WASHINGTON BLVD,41.88189463,-87.78860611
16074150270000,500 W WASHINGTON BLVD,41.88198283,-87.78814508
16074150300000,303 S SCOVILLE AVE,41.88311573,-87.78816582
16074150340000,530 W WASHINGTON BLVD,41.88188514,-87.78912305
16074160010000,300 S SCOVILLE AVE,41.88320997,-87.78740884
16074160020000,306 S SCOVILLE AVE,41.88301816,-87.78740538
16074160030000,312 S SCOVILLE AVE,41.88286308,-87.78739711
16074160040000,316 S SCOVILLE AVE,41.88274509,-87.78739301
16074160050000,320 S SCOVILLE AVE,41.88260485,-87.78738941
16074160060000,322 S SCOVILLE AVE,41.88246457,-87.78737561
16074160070000,326 S SCOVILLE AVE,41.88232436,-87.78737681
16074160080000,301 S ELMWOOD AVE,41.88315221,-87.78657468
16074160090000,307 S ELMWOOD AVE,41.88299359,-87.78658113
16074160100000,311 S ELMWOOD AVE,41.88286443,-87.78656754
16074160110000,313 S ELMWOOD AVE,41.88274622,-87.78653886
16074160120000,317 S ELMWOOD AVE,41.88262073,-87.78653993
16074160130000,321 S ELMWOOD AVE,41.88247684,-87.78652617
16074160140000,325 S ELMWOOD AVE,41.88234041,-87.78654232
16074160150000,460 W WASHINGTON BLVD,41.88204482,-87.78729644
16074160200000,337 S ELMWOOD AVE,41.88194994,-87.7863963
16074160220000,454 W WASHINGTON BLVD,41.88206104,-87.7871088
16074160230000,444 W WASHINGTON BLVD,41.88198156,-87.7867425
16074170010000,300 S ELMWOOD AVE,41.88322054,-87.78584973
16074170030000,419 RANDOLPH ST,41.88324294,-87.78549931
16074170040000,308 S ELMWOOD AVE,41.88301365,-87.78581312
16074170050000,310 S ELMWOOD AVE,41.88288898,-87.78581419
16074170060000,314 S ELMWOOD AVE,41.88275003,-87.78582017
16074170070000,318 S ELMWOOD AVE,41.88262882,-87.78581161
16074170080000,322 S ELMWOOD AVE,41.88247923,-87.78583207
16074170090000,326 S ELMWOOD AVE,41.88232957,-87.78583815
16074170110000,311 S RIDGELAND AVE,41.88288482,-87.78494275
16074170120000,315 S RIDGELAND AVE,41.88275295,-87.78494388
16074170130000,319 S RIDGELAND AVE,41.88264237,-87.78492248
16074170140000,321 S RIDGELAND AVE,41.88251768,-87.78491875
16074170150000,325 S RIDGELAND AVE,41.88241798,-87.7849292
16074170160000,329 S RIDGELAND AVE,41.88231107,-87.78492052
16074170170000,428 W WASHINGTON BLVD,41.88185178,-87.78594029
16074170190000,420 W WASHINGTON BLVD,41.88194714,-87.78553101
16074170200000,416 W WASHINGTON BLVD,41.88193532,-87.78538302
16074170210000,412 W WASHINGTON BLVD,41.88193086,-87.78522506
16074170240000,410 W WASHINGTON BLVD,41.88198444,-87.78491222
16074170280000,307 S RIDGELAND AVE,41.88299878,-87.78494178
16074170300000,301 S RIDGELAND AVE,41.88323393,-87.78492702
16074170311001,426 W WASHINGTON BLVD,41.88188226,-87.78569221
16074170320000,331 S RIDGELAND AVE,41.88217898,-87.78488357
16074180010000,408 S OAK PARK AVE,41.88121912,-87.79411671
16074180040000,405 S EUCLID AVE,41.88132743,-87.79299442
16074180050000,418 S OAK PARK AVE,41.88078703,-87.79410935
16074180090000,415 S EUCLID AVE,41.88096197,-87.79295313
16074180180000,668 MADISON ST,41.88008326,-87.79283222
16074180190000,419 S EUCLID AVE,41.88080977,-87.79296979
16074180210000,715 W WASHINGTON BLVD,41.88114565,-87.79354171
16074180221001,711 W WASHINGTON BLVD,41.8813612,-87.79333783
16074180230000,427 S EUCLID AVE,41.88053428,-87.79303078
16074180240000,431 S EUCLID AVE,41.8803901,-87.79295315
16074190020000,651 W WASHINGTON BLVD,41.88136781,-87.79194433
16074190030000,655 W WASHINGTON BLVD,41.88136872,-87.79213709
16074190050000,416 S EUCLID AVE,41.8808637,-87.79223519
16074190060000,422 S EUCLID AVE,41.8807145,-87.79232024
16074190090000,647 W WASHINGTON BLVD,41.88136441,-87.79172833
16074190100000,643 W WASHINGTON BLVD,41.88138428,-87.79152928
16074190110000,639 W WASHINGTON BLVD,41.88138696,-87.79131191
16074190270000,661 W WASHINGTON BLVD,41.88133271,-87.79234005
16074190280000,425 S WESLEY AVE,41.88059524,-87.79141595
16074190290000,434 S EUCLID AVE,41.88038995,-87.79211677
16074200020000,412 S WESLEY AVE,41.88100918,-87.79061974
16074200030000,416 S WESLEY AVE,41.88089456,-87.79061112
16074200040000,420 S WESLEY AVE,41.88076085,-87.79059306
16074200050000,426 S WESLEY AVE,41.88057007,-87.79061057
16074200100000,423 S EAST AVE,41.88074485,-87.78973376
16074200110000,425 S EAST AVE,41.88060404,-87.78971577
16074200130000,622 MADISON ST,41.88022598,-87.79049544
16074200150000,610 MADISON ST,41.88016215,-87.79012514
16074200160000,600 MADISON ST,41.88018896,-87.78974149
16074200170000,431 S EAST AVE,41.88049071,-87.78972023
16074200180000,419 S EAST AVE,41.88088828,-87.78978663
16074200190000,409 S EAST AVE,41.88102167,-87.78965164
16074200200000,411 S EAST AVE,41.8810121,-87.7897288
16074200210000,413 S EAST AVE,41.88100589,-87.78981169
16074200220000,415 S EAST AVE,41.88101328,-87.78988095
16074200230000,417 S EAST AVE,41.88101548,-87.78995976
16074200240000,417 1/2 S EAST AVE,41.88101387,-87.79000491
16074200250000,603 W WASHINGTON BLVD,41.88148178,-87.78976425
16074200260000,430 S WESLEY AVE,41.88040583,-87.79062312
16074200270000,615 W WASHINGTON BLVD,41.88143565,-87.7903067
16074210010000,505 W WASHINGTON BLVD,41.88112518,-87.78855305
16074210120000,544 MADISON ST,41.88020618,-87.78899269
16074210130000,520 MADISON ST,41.88020864,-87.78873066
16074210140000,516 MADISON ST,41.88020773,-87.7885382
16074210160000,437 S SCOVILLE AVE,41.88033999,-87.78792793
16074210190000,508 MADISON ST,41.88026974,-87.78806937
16074210200000,429 S SCOVILLE AVE,41.88058161,-87.78803545
16074210210000,425 S SCOVILLE AVE,41.88071693,-87.78807345
16074220030000,455 W WASHINGTON BLVD,41.88142148,-87.78710961
16074220040000,451 W WASHINGTON BLVD,41.88142786,-87.78689221
16074220050000,447 W WASHINGTON BLVD,41.88141601,-87.78673912
16074220060000,443 W WASHINGTON BLVD,41.88141509,-87.78654665
16074220100000,422 S SCOVILLE AVE,41.8807815,-87.78734289
16074220110000,428 S SCOVILLE AVE,41.8806487,-87.78734402
16074220130000,415 S ELMWOOD AVE,41.88109182,-87.78644661
16074220180000,431 S ELMWOOD AVE,41.88052696,-87.78648366
16074220250000,438 MADISON ST,41.88023088,-87.78643598
16074220270000,421 S ELMWOOD AVE,41.88080214,-87.78650769
16074220290000,414 S SCOVILLE AVE,41.88093119,-87.78725562
16074220300000,405 S ELMWOOD AVE,41.88147524,-87.78632772
16074220310000,400 S SCOVILLE AVE,41.88147,-87.78743837
16074220320000,427 S ELMWOOD AVE,41.88064257,-87.7865458
16074230020000,425 W WASHINGTON BLVD,41.88148033,-87.78575518
16074230030000,419 W WASHINGTON BLVD,41.88145798,-87.78556863
16074230040000,417 W WASHINGTON BLVD,41.88145466,-87.78547258
16074230050000,415 W WASHINGTON BLVD,41.88146005,-87.78534775
16074230070000,405 W WASHINGTON BLVD,41.88144406,-87.78496239
16074230080000,401 W WASHINGTON BLVD,41.88144064,-87.78478395
16074230100000,418 S ELMWOOD AVE,41.88095903,-87.78576085
16074230110000,422 S ELMWOOD AVE,41.88080926,-87.78573344
16074230120000,426 S ELMWOOD AVE,41.88065602,-87.78573224
16074230130000,430 S ELMWOOD AVE,41.88051954,-87.78573821
16074230150000,419 S RIDGELAND AVE,41.88098542,-87.78496523
16074230190000,428 MADISON ST,41.88021673,-87.78607557
16074230210000,414 MADISON ST,41.88017279,-87.78522237
16074230220000,412 MADISON ST,41.88017181,-87.78516458
16074230230000,410 MADISON ST,41.88019702,-87.7850643
16074230240000,408 MADISON ST,41.88020027,-87.78497043
16074230260000,400 MADISON ST,41.88028442,-87.78482642
16074230290000,427 S RIDGELAND AVE,41.88068867,-87.78496394
16074230360000,431 S RIDGELAND AVE,41.88053726,-87.78494805
16074230390000,404 S ELMWOOD AVE,41.8813151,-87.78593031
16074230400000,416 S ELMWOOD AVE,41.8810748,-87.78565946
16074230410000,417 S RIDGELAND AVE,41.88106511,-87.78485138
16074230430000,421 S RIDGELAND AVE,41.88081525,-87.78490029
16074230440000,411 W WASHINGTON BLVD,41.88145258,-87.78520326
16075000020000,728 SOUTH BLVD,41.88706594,-87.79388678
16081000010000,329 CHICAGO AVE,41.89440057,-87.78468989
16081000020000,325 CHICAGO AVE,41.89440142,-87.78450856
16081000030000,319 CHICAGO AVE,41.89432702,-87.7842792
16081000040000,313 CHICAGO AVE,41.8943372,-87.78407767
16081000050000,309 CHICAGO AVE,41.89433602,-87.78383147
16081000080000,420 N RIDGELAND AVE,41.89395328,-87.78450623
16081000090000,416 N RIDGELAND AVE,41.8938085,-87.78451866
16081000100000,414 N RIDGELAND AVE,41.89369705,-87.78451216
16081000110000,410 N RIDGELAND AVE,41.89354673,-87.7845321
16081000120000,406 N RIDGELAND AVE,41.89341577,-87.78452203
16081000130000,402 N RIDGELAND AVE,41.89328484,-87.78451942
16081000140000,318 SUPERIOR ST,41.89327084,-87.78416294
16081000150000,423 N CUYLER AVE,41.89398497,-87.78356167
16081000160000,419 N CUYLER AVE,41.89385401,-87.78355161
16081000170000,415 N CUYLER AVE,41.89370078,-87.78354546
16081000180000,411 N CUYLER AVE,41.8935755,-87.78355772
16081000190000,409 N CUYLER AVE,41.89344459,-87.78355885
16081000200000,401 N CUYLER AVE,41.89327463,-87.78354911
16081000211001,301 CHICAGO AVE,41.89433755,-87.78363091
16081010010000,434 N CUYLER AVE,41.89443717,-87.78289106
16081010020000,432 N CUYLER AVE,41.89434112,-87.78289188
16081010030000,428 N CUYLER AVE,41.89424154,-87.7828975
16081010040000,426 N CUYLER AVE,41.89413487,-87.78290794
16081010050000,420 N CUYLER AVE,41.89399855,-87.78290614
16081010060000,418 N CUYLER AVE,41.89383975,-87.78290052
16081010070000,412 N CUYLER AVE,41.89367269,-87.78291315
16081010080000,410 N CUYLER AVE,41.89355845,-87.78290667
16081010090000,406 N CUYLER AVE,41.89345809,-87.78288888
16081010100000,404 N CUYLER AVE,41.89336612,-87.78287848
16081010110000,400 N CUYLER AVE,41.89327694,-87.78286805
16081010120000,433 N HARVEY AVE,41.89445768,-87.78197614
16081010130000,431 N HARVEY AVE,41.89436164,-87.78197697
16081010140000,429 N HARVEY AVE,41.89425145,-87.78199697
16081010150000,427 N HARVEY AVE,41.89412339,-87.78199807
16081010160000,423 N HARVEY AVE,41.89400525,-87.78198198
16081010170000,419 N HARVEY AVE,41.89387724,-87.78200489
16081010180000,415 N HARVEY AVE,41.89373508,-87.78198372
16081010190000,411 N HARVEY AVE,41.8935986,-87.7819849
16081010200000,407 N HARVEY AVE,41.8934509,-87.78197125
16081010210000,401 N HARVEY AVE,41.89331432,-87.78195004
16081020030000,424 N HARVEY AVE,41.89416314,-87.7812174
16081020050000,422 N HARVEY AVE,41.89401571,-87.7812597
16081020060000,418 N HARVEY AVE,41.89392365,-87.78122912
16081020070000,416 N HARVEY AVE,41.89383727,-87.78122241
16081020080000,414 N HARVEY AVE,41.89374537,-87.78122693
16081020090000,410 N HARVEY AVE,41.89360332,-87.78122815
16081020100000,406 N HARVEY AVE,41.89346405,-87.78122935
16081020110000,400 N HARVEY AVE,41.89331911,-87.78120822
16081020120000,423 N LOMBARD AVE,41.89403326,-87.78040264
16081020130000,419 N LOMBARD AVE,41.8938985,-87.78034259
16081020140000,415 N LOMBARD AVE,41.89374815,-87.78035135
16081020150000,411 N LOMBARD AVE,41.89361165,-87.78034506
16081020160000,407 N LOMBARD AVE,41.89347391,-87.78032291
16081020170000,405 N LOMBARD AVE,41.89338489,-87.78034233
16081020180000,401 N LOMBARD AVE,41.8932847,-87.78035812
16081020200000,426 N HARVEY AVE,41.89429703,-87.78125728
16081020210000,219 CHICAGO AVE,41.89448618,-87.7809974
16081020220000,211 CHICAGO AVE,41.89448896,-87.78072338
16081030010000,436 N LOMBARD AVE,41.89447863,-87.77967487
16081030020000,432 N LOMBARD AVE,41.8943897,-87.77967564
16081030030000,430 N LOMBARD AVE,41.89429365,-87.77967647
16081030040000,426 N LOMBARD AVE,41.89418342,-87.77968696
16081030050000,420 N LOMBARD AVE,41.89405113,-87.77964911
16081030060000,418 N LOMBARD AVE,41.89389081,-87.7796505
16081030070000,416 N LOMBARD AVE,41.89379887,-87.77964383
16081030080000,412 N LOMBARD AVE,41.89369861,-87.7796447
16081030090000,408 N LOMBARD AVE,41.89359276,-87.77964188
16081030100000,406 N LOMBARD AVE,41.89349818,-87.77966508
16081030110000,404 N LOMBARD AVE,41.89339788,-87.77965848
16081030120000,400 N LOMBARD AVE,41.89330317,-87.77965557
16081030130000,439 N TAYLOR AVE,41.89449886,-87.77870742
16081030140000,435 N TAYLOR AVE,41.89440281,-87.77870825
16081030150000,431 N TAYLOR AVE,41.89430319,-87.77870435
16081030170000,423 N TAYLOR AVE,41.89405885,-87.77869147
16081030180000,419 N TAYLOR AVE,41.89393704,-87.77868028
16081030190000,415 N TAYLOR AVE,41.89383594,-87.77868011
16081030200000,411 N TAYLOR AVE,41.89374485,-87.77867659
16081030210000,409 N TAYLOR AVE,41.89365572,-87.77867363
16081030220000,407 N TAYLOR AVE,41.89357497,-87.77867806
16081030230000,405 N TAYLOR AVE,41.89348864,-87.77867881
16081030240000,403 N TAYLOR AVE,41.89337791,-87.77865691
16081030250000,427 N TAYLOR AVE,41.89420003,-87.77870524
16081040010000,430 N TAYLOR AVE,41.89433939,-87.77818185
16081040020000,57 CHICAGO AVE,41.8944456,-87.77799321
16081040030000,55 CHICAGO AVE,41.89444514,-87.77789793
16081040040000,53 CHICAGO AVE,41.89444826,-87.77780737
16081040050000,51 CHICAGO AVE,41.89444783,-87.77771686
16081040060000,49 CHICAGO AVE,41.89444737,-87.77762158
16081040070000,47 CHICAGO AVE,41.89444686,-87.77751676
16081040080000,45 CHICAGO AVE,41.89444642,-87.77742625
16081040090000,43 CHICAGO AVE,41.89444596,-87.77733096
16081040100000,35 CHICAGO AVE,41.89454878,-87.77697776
16081040110000,422 N TAYLOR AVE,41.89407183,-87.7780056
16081040120000,418 N TAYLOR AVE,41.89393178,-87.77797503
16081040130000,410 N TAYLOR AVE,41.89365324,-87.77777197
16081040140000,58 SUPERIOR ST,41.8933566,-87.77781651
16081040150000,423 N HUMPHREY AVE,41.89409531,-87.77707476
16081040160000,421 N HUMPHREY AVE,41.8940229,-87.77707539
16081040170000,419 N HUMPHREY AVE,41.89393157,-87.7771065
16081040180000,415 N HUMPHREY AVE,41.89385353,-87.77709599
16081040190000,413 N HUMPHREY AVE,41.89376159,-87.77708932
16081040200000,411 N HUMPHREY AVE,41.8936641,-87.77708644
16081040210000,50 SUPERIOR ST,41.89340563,-87.77744887
16081040220000,407 N HUMPHREY AVE,41.89353337,-87.77712114
16081040230000,405 N HUMPHREY AVE,41.89347488,-87.77712165
16081040240000,403 N HUMPHREY AVE,41.89340247,-87.77712228
16081040250000,401 N HUMPHREY AVE,41.89331614,-87.77712303
16081050010000,33 CHICAGO AVE,41.89451271,-87.77643483
16081050030000,430 N HUMPHREY AVE,41.89432461,-87.77644019
16081050040000,426 N HUMPHREY AVE,41.89422714,-87.77644104
16081050050000,25 CHICAGO AVE,41.89450427,-87.77616844
16081050080000,422 N HUMPHREY AVE,41.8940851,-87.77644227
16081050090000,418 N HUMPHREY AVE,41.893993,-87.77640204
16081050100000,416 N HUMPHREY AVE,41.8938808,-87.77640091
16081050110000,412 N HUMPHREY AVE,41.89377219,-87.77640186
16081050120000,410 N HUMPHREY AVE,41.89366627,-87.77638412
16081050130000,406 N HUMPHREY AVE,41.89356877,-87.77638124
16081050140000,404 N HUMPHREY AVE,41.89346016,-87.77638218
16081050150000,400 N HUMPHREY AVE,41.89335992,-87.77638679
16081050160000,726 N AUSTIN BLVD,41.89412461,-87.7754561
16081050190000,710 N AUSTIN BLVD,41.89363328,-87.77577843
16081050200000,10 SUPERIOR ST,41.89336623,-87.77562357
16081050210000,720 N AUSTIN BLVD,41.89394025,-87.77545116
16081050220000,714 N AUSTIN BLVD,41.89379814,-87.77543747
16081050230000,732 N AUSTIN BLVD,41.89437948,-87.77530932
16081050240000,7 CHICAGO AVE,41.89445871,-87.77561624
16081060010000,330 N RIDGELAND AVE,41.89297545,-87.78447558
16081060020000,328 N RIDGELAND AVE,41.89287798,-87.78448014
16081060030000,326 N RIDGELAND AVE,41.89278221,-87.78447126
16081060040000,324 N RIDGELAND AVE,41.89268138,-87.78448802
16081060050000,320 N RIDGELAND AVE,41.89259512,-87.78444901
16081060060000,318 N RIDGELAND AVE,41.89250609,-87.78444977
16081060070000,316 N RIDGELAND AVE,41.89239934,-87.78447056
16081060080000,312 N RIDGELAND AVE,41.89227167,-87.78445973
16081060090000,308 N RIDGELAND AVE,41.89213814,-87.78446485
16081060100000,300 N RIDGELAND AVE,41.89193459,-87.78445595
16081060110000,333 N CUYLER AVE,41.89295094,-87.78359283
16081060120000,329 N CUYLER AVE,41.89282844,-87.78360507
16081060130000,325 N CUYLER AVE,41.89270321,-87.78359263
16081060140000,321 N CUYLER AVE,41.89255771,-87.78357798
16081060150000,317 N CUYLER AVE,41.89242111,-87.78356325
16081060160000,315 N CUYLER AVE,41.89232323,-87.78357602
16081060170000,311 N CUYLER AVE,41.89221643,-87.78358488
16081060180000,307 N CUYLER AVE,41.89210662,-87.78358582
16081060190000,305 N CUYLER AVE,41.89200566,-87.78357477
16081060200000,303 N CUYLER AVE,41.89189282,-87.78356381
16081070010000,332 N CUYLER AVE,41.89299554,-87.78285392
16081070020000,328 N CUYLER AVE,41.89288692,-87.78285485
16081070030000,326 N CUYLER AVE,41.89276986,-87.78284093
16081070040000,324 N CUYLER AVE,41.89266754,-87.78283605
16081070050000,318 N CUYLER AVE,41.89255478,-87.78284099
16081070060000,316 N CUYLER AVE,41.89243609,-87.78284599
16081070070000,310 N CUYLER AVE,41.8922876,-87.78282739
16081070080000,306 N CUYLER AVE,41.8920996,-87.78286707
16081070090000,300 N CUYLER AVE,41.89186801,-87.78286054
16081070100000,333 N HARVEY AVE,41.89301342,-87.78193513
16081070110000,331 N HARVEY AVE,41.89289381,-87.78196973
16081070120000,327 N HARVEY AVE,41.8927849,-87.78193425
16081070130000,323 N HARVEY AVE,41.89266915,-87.78193525
16081070140000,321 N HARVEY AVE,41.89254751,-87.78194424
16081070150000,317 N HARVEY AVE,41.89242273,-87.78191749
16081070160000,311 N HARVEY AVE,41.8922981,-87.78192254
16081070170000,309 N HARVEY AVE,41.89217638,-87.78191563
16081070180000,305 N HARVEY AVE,41.89205179,-87.78192863
16081070190000,301 N HARVEY AVE,41.89193314,-87.78194158
16081080010000,332 N HARVEY AVE,41.89299698,-87.78124935
16081080020000,328 N HARVEY AVE,41.89287718,-87.78124292
16081080030000,324 N HARVEY AVE,41.8927372,-87.78121181
16081080040000,320 N HARVEY AVE,41.89261556,-87.7812208
16081080050000,316 N HARVEY AVE,41.89245821,-87.78121024
16081080060000,312 N HARVEY AVE,41.89232462,-87.78120343
16081080070000,308 N HARVEY AVE,41.89218215,-87.78120069
16081080080000,306 N HARVEY AVE,41.89207521,-87.78118173
16081080090000,300 N HARVEY AVE,41.8919328,-87.78119091
16081080100000,205 SUPERIOR ST,41.89287839,-87.78034766
16081080110000,325 N LOMBARD AVE,41.89275585,-87.78034872
16081080120000,321 N LOMBARD AVE,41.89260777,-87.78032457
16081080130000,317 N LOMBARD AVE,41.89246839,-87.78030339
16081080140000,311 N LOMBARD AVE,41.89233217,-87.78030507
16081080150000,309 N LOMBARD AVE,41.89217777,-87.7802905
16081080180000,305 N LOMBARD AVE,41.8920442,-87.78028768
16081090010000,332 N LOMBARD AVE,41.89301023,-87.77955041
16081090020000,328 N LOMBARD AVE,41.89291275,-87.77955125
16081090030000,324 N LOMBARD AVE,41.89281807,-87.77955207
16081090040000,322 N LOMBARD AVE,41.8927122,-87.77954552
16081090050000,320 N LOMBARD AVE,41.89261721,-87.77955813
16081090060000,316 N LOMBARD AVE,41.89248346,-87.77954809
16081090070000,312 N LOMBARD AVE,41.89235166,-87.77954733
16081090080000,308 N LOMBARD AVE,41.89222414,-87.77956831
16081090090000,304 N LOMBARD AVE,41.89207278,-87.77956962
16081090100000,300 N LOMBARD AVE,41.89193919,-87.77956282
16081090110000,331 N TAYLOR AVE,41.89301461,-87.77872662
16081090120000,329 N TAYLOR AVE,41.89290043,-87.77872761
16081090130000,327 N TAYLOR AVE,41.89280568,-87.77871724
16081090140000,323 N TAYLOR AVE,41.89271099,-87.77871806
16081090150000,319 N TAYLOR AVE,41.89261316,-87.7787194
16081090160000,317 N TAYLOR AVE,41.89250452,-87.77871661
16081090170000,315 N TAYLOR AVE,41.89241584,-87.7787017
16081090180000,311 N TAYLOR AVE,41.89231495,-87.77870655
16081090190000,309 N TAYLOR AVE,41.89221407,-87.7787114
16081090200000,305 N TAYLOR AVE,41.89211307,-87.7786924
16081090210000,301 N TAYLOR AVE,41.89197073,-87.77871748
16081100010000,332 N TAYLOR AVE,41.89305244,-87.77791048
16081100020000,330 N TAYLOR AVE,41.89297446,-87.77791115
16081100030000,328 N TAYLOR AVE,41.89287988,-87.77793435
16081100040000,324 N TAYLOR AVE,41.89279912,-87.77793505
16081100050000,322 N TAYLOR AVE,41.89270434,-87.77791722
16081100060000,320 N TAYLOR AVE,41.89261481,-87.77790721
16081100070000,316 N TAYLOR AVE,41.89252015,-87.77791549
16081100080000,314 N TAYLOR AVE,41.89242977,-87.77789948
16081100090000,312 N TAYLOR AVE,41.89233775,-87.7778963
16081100100000,308 N TAYLOR AVE,41.89225172,-87.777905
16081100110000,306 N TAYLOR AVE,41.89215382,-87.7779138
16081100120000,304 N TAYLOR AVE,41.89205588,-87.77791465
16081100130000,300 N TAYLOR AVE,41.8919787,-87.77791134
16081100140000,333 N HUMPHREY AVE,41.89303457,-87.77706579
16081100150000,329 N HUMPHREY AVE,41.89293432,-87.7770704
16081100160000,325 N HUMPHREY AVE,41.89279493,-87.77704176
16081110010000,332 N HUMPHREY AVE,41.89307291,-87.77635676
16081110020000,330 N HUMPHREY AVE,41.89298925,-87.77633511
16081110030000,328 N HUMPHREY AVE,41.89289456,-87.77633593
16081110040000,326 N HUMPHREY AVE,41.89280542,-87.77633298
16081110050000,322 N HUMPHREY AVE,41.89272749,-87.77634484
16081110190000,634 N AUSTIN BLVD,41.89302289,-87.7754108
16081110200000,626 N AUSTIN BLVD,41.89284429,-87.77555201
16081120030000,226 N RIDGELAND AVE,41.89137187,-87.78435117
16081120040000,222 N RIDGELAND AVE,41.89123231,-87.78433647
16081120050000,216 N RIDGELAND AVE,41.89103458,-87.78433239
16081120060000,212 N RIDGELAND AVE,41.89089394,-87.78431686
16081120070000,208 N RIDGELAND AVE,41.8907672,-87.78434704
16081120080000,204 N RIDGELAND AVE,41.89066443,-87.7843594
16081120090000,202 N RIDGELAND AVE,41.89052431,-87.78432617
16081120100000,233 N CUYLER AVE,41.89160446,-87.78359183
16081120110000,229 N CUYLER AVE,41.89147091,-87.78359297
16081120120000,225 N CUYLER AVE,41.89135267,-87.78356211
16081120130000,221 N CUYLER AVE,41.89122395,-87.78358915
16081120140000,217 N CUYLER AVE,41.8910552,-87.78357386
16081120150000,213 N CUYLER AVE,41.89092715,-87.78357914
16081120160000,209 N CUYLER AVE,41.89079439,-87.78356262
16081120170000,205 N CUYLER AVE,41.89067443,-87.78356365
16081120180000,201 N CUYLER AVE,41.89052844,-87.78349863
16081120190000,232 N RIDGELAND AVE,41.89154414,-87.78437752
16081120200000,319 ERIE ST,41.89160884,-87.78410376
16081130090000,207 N HARVEY AVE,41.89071554,-87.78191075
16081130100000,203 N HARVEY AVE,41.89062904,-87.7819296
16081130110000,201 N HARVEY AVE,41.89054462,-87.78192304
16081130140000,230 N CUYLER AVE,41.89093354,-87.78271895
16081140030000,228 N HARVEY AVE,41.89145044,-87.7811421
16081140040000,224 N HARVEY AVE,41.89135044,-87.7811346
16081140050000,220 N HARVEY AVE,41.89120988,-87.78113581
16081140060000,216 N HARVEY AVE,41.89108488,-87.78112433
16081140070000,212 N HARVEY AVE,41.8909568,-87.78112126
16081140080000,208 N HARVEY AVE,41.89081624,-87.78112247
16081140090000,204 N HARVEY AVE,41.89070053,-87.78109418
16081140100000,202 N HARVEY AVE,41.89059777,-87.78108782
16081140110000,233 N LOMBARD AVE,41.89165246,-87.78028279
16081140120000,229 N LOMBARD AVE,41.89146415,-87.78057108
16081140130000,225 N LOMBARD AVE,41.89136812,-87.78026432
16081140140000,221 N LOMBARD AVE,41.89124005,-87.78026543
16081140150000,217 N LOMBARD AVE,41.891087,-87.78026675
16081140160000,211 N LOMBARD AVE,41.89095894,-87.78026785
16081140170000,209 N LOMBARD AVE,41.8908184,-87.78027325
16081140180000,205 N LOMBARD AVE,41.89070277,-87.7802617
16081140200000,232 N HARVEY AVE,41.89160973,-87.78114073
16081150010000,232 N LOMBARD AVE,41.89164263,-87.77953824
16081150020000,228 N LOMBARD AVE,41.89153653,-87.77956008
16081150030000,226 N LOMBARD AVE,41.89141757,-87.77950672
16081150040000,222 N LOMBARD AVE,41.89129579,-87.77951614
16081150050000,220 N LOMBARD AVE,41.89118647,-87.77951708
16081150060000,214 N LOMBARD AVE,41.89108035,-87.77953473
16081150070000,212 N LOMBARD AVE,41.89094904,-87.77951077
16081150080000,210 N LOMBARD AVE,41.89082096,-87.77950769
16081150090000,204 N LOMBARD AVE,41.89069601,-87.77950877
16081150100000,200 N LOMBARD AVE,41.89059554,-87.77949486
16081150110000,233 N TAYLOR AVE,41.89165733,-87.77870145
16081150120000,229 N TAYLOR AVE,41.8915228,-87.7786566
16081150130000,225 N TAYLOR AVE,41.89137937,-87.77871222
16081150140000,221 N TAYLOR AVE,41.89126062,-87.7787007
16081150150000,217 N TAYLOR AVE,41.89112321,-87.77870607
16081150160000,213 N TAYLOR AVE,41.89096389,-87.77870327
16081150180000,205 N TAYLOR AVE,41.89073889,-87.7786843
16081160010000,232 N TAYLOR AVE,41.89167912,-87.77789547
16081160020000,228 N TAYLOR AVE,41.89158119,-87.77789632
16081160030000,226 N TAYLOR AVE,41.89146554,-87.77791719
16081160040000,224 N TAYLOR AVE,41.89137344,-87.77789812
16081160050000,218 N TAYLOR AVE,41.89124282,-87.7778913
16081160060000,216 N TAYLOR AVE,41.89114492,-87.7779001
16081160070000,214 N TAYLOR AVE,41.89104752,-87.7779119
16081160080000,212 N TAYLOR AVE,41.8909258,-87.77790702
16081160090000,210 N TAYLOR AVE,41.89082226,-87.77788605
16081160100000,206 N TAYLOR AVE,41.89071346,-87.77790157
16081160110000,200 N TAYLOR AVE,41.89061812,-87.77788781
16081160200000,215 N HUMPHREY AVE,41.89109519,-87.77693961
16081170100000,210 N HUMPHREY AVE,41.89083354,-87.77621107
16081170130000,1 ERIE ST,41.89159869,-87.77550358
16081170160000,1 N HUMPHREY AVE,41.89138785,-87.77618071
16081180010000,178 N RIDGELAND AVE,41.89023289,-87.78431336
16081180020000,174 N RIDGELAND AVE,41.8901358,-87.78431802
16081180030000,170 N RIDGELAND AVE,41.88997843,-87.78426199
16081180040000,166 N RIDGELAND AVE,41.88978436,-87.78429808
16081180050000,164 N RIDGELAND AVE,41.88967297,-87.78429903
16081180060000,158 N RIDGELAND AVE,41.88953583,-87.78429256
16081180070000,154 N RIDGELAND AVE,41.88941473,-87.78435098
16081180080000,150 N RIDGELAND AVE,41.88926325,-87.78433506
16081180090000,146 N RIDGELAND AVE,41.88911473,-87.78433442
16081180130000,165 N CUYLER AVE,41.889822,-87.78350593
16081180140000,163 N CUYLER AVE,41.88966776,-87.78350725
16081180150000,159 N CUYLER AVE,41.8895421,-87.78351215
16081180160000,153 N CUYLER AVE,41.88942208,-87.78350171
16081180170000,151 N CUYLER AVE,41.88928507,-87.78352201
16081180180000,147 N CUYLER AVE,41.88915368,-87.78352314
16081180190000,143 N CUYLER AVE,41.88898514,-87.78352075
16081180220000,324 LAKE ST,41.88846661,-87.78407619
16081180230000,310 LAKE ST,41.88850303,-87.78367149
16081180250000,302 LAKE ST,41.88854939,-87.78350588
16081180260000,169 N CUYLER AVE,41.88996649,-87.78353459
16081180270000,133 N CUYLER AVE,41.88880654,-87.78342719
16081180280000,330 LAKE ST,41.88847249,-87.78435927
16081180300000,138 N RIDGELAND AVE,41.88881585,-87.78452797
16081180310000,328 LAKE ST,41.8885035,-87.78425557
16081180321001,142 N RIDGELAND AVE,41.88901429,-87.78442394
16081190010000,178 N CUYLER AVE,41.8902438,-87.78276402
16081190020000,253 ONTARIO ST,41.89024789,-87.78242478
16081190030000,174 N CUYLER AVE,41.89015403,-87.78277573
16081190040000,172 N CUYLER AVE,41.89006974,-87.78279468
16081190050000,170 N CUYLER AVE,41.88996741,-87.78271445
16081190070000,162 N CUYLER AVE,41.88969373,-87.78271407
16081190080000,156 N CUYLER AVE,41.88949521,-87.78275223
16081190090000,150 N CUYLER AVE,41.88932356,-87.78271725
16081190130000,179 N HARVEY AVE,41.89023427,-87.78191112
16081190140000,173 N HARVEY AVE,41.8901144,-87.78189028
16081190150000,167 N HARVEY AVE,41.8899512,-87.78191356
16081190160000,165 N HARVEY AVE,41.8898205,-87.78190375
16081190170000,163 N HARVEY AVE,41.88970892,-87.78190835
16081190180000,159 N HARVEY AVE,41.8895701,-87.78190955
16081190190000,155 N HARVEY AVE,41.88942581,-87.7819035
16081190200000,151 N HARVEY AVE,41.88930597,-87.7818863
16081190210000,147 N HARVEY AVE,41.88915626,-87.78188759
16081190220000,143 N HARVEY AVE,41.88903926,-87.78189589
16081190230000,139 N HARVEY AVE,41.8889032,-87.78190435
16081190240000,130 N CUYLER AVE,41.88867788,-87.78288983
16081190250000,266 LAKE ST,41.88837886,-87.78284347
16081190260000,260 LAKE ST,41.88853436,-87.78264641
16081190270000,256 LAKE ST,41.88857718,-87.78249553
16081190280000,252 LAKE ST,41.8886851,-87.7823297
16081190290000,250 LAKE ST,41.88847053,-87.78219542
16081190310000,246 LAKE ST,41.88843357,-87.78204522
16081190320000,135 N HARVEY AVE,41.88876381,-87.78178526
16081190330000,131 N HARVEY AVE,41.88866772,-87.78173229
16081190350000,129 N HARVEY AVE,41.88855541,-87.78173326
16081190360000,125 N HARVEY AVE,41.88842841,-87.78171996
16081190370000,144 N CUYLER AVE,41.88910775,-87.78255507
16081190380000,140 N CUYLER AVE,41.88890454,-87.78275001
16081200010000,178 N HARVEY AVE,41.89027947,-87.78112337
16081200020000,174 N HARVEY AVE,41.89013255,-87.78113557
16081200030000,170 N HARVEY AVE,41.89001544,-87.78112199
16081200040000,166 N HARVEY AVE,41.88986293,-87.78110508
16081200050000,162 N HARVEY AVE,41.8897268,-87.78109896
16081200060000,158 N HARVEY AVE,41.88957442,-87.78110757
16081200070000,154 N HARVEY AVE,41.88945731,-87.781094
16081200080000,150 N HARVEY AVE,41.88930752,-87.78107706
16081200090000,146 N HARVEY AVE,41.88918499,-87.78106718
16081200100000,142 N HARVEY AVE,41.8890516,-87.78106468
16081200110000,138 N HARVEY AVE,41.88891008,-87.78106955
16081200120000,179 N LOMBARD AVE,41.89028104,-87.78031776
16081200130000,175 N LOMBARD AVE,41.89013422,-87.78035183
16081200150000,165 N LOMBARD AVE,41.88985644,-87.78032142
16081200160000,163 N LOMBARD AVE,41.88970928,-87.78028624
16081200170000,161 N LOMBARD AVE,41.88956752,-87.78024007
16081200180000,155 N LOMBARD AVE,41.88945874,-87.78025924
16081200190000,151 N LOMBARD AVE,41.88936347,-87.78026006
16081200200000,149 N LOMBARD AVE,41.88925723,-87.78024275
16081200210000,147 N LOMBARD AVE,41.88915652,-87.78024362
16081200220000,143 N LOMBARD AVE,41.88906126,-87.78024444
16081200230000,139 N LOMBARD AVE,41.88895233,-87.78023444
16081200240000,135 N LOMBARD AVE,41.8888517,-87.78024989
16081200250000,226 LAKE ST,41.88869814,-87.78116829
16081200260000,224 LAKE ST,41.88842739,-87.78096673
16081200270000,222 LAKE ST,41.88842757,-87.7807971
16081200280000,218 LAKE ST,41.88831647,-87.78069303
16081200310000,133 N LOMBARD AVE,41.88872107,-87.78025466
16081200330000,131 N LOMBARD AVE,41.88861596,-87.78021741
16081200400000,204 LAKE ST,41.88842729,-87.78009414
16081210010000,178 N LOMBARD AVE,41.89029874,-87.77947191
16081210020000,174 N LOMBARD AVE,41.8901518,-87.77948047
16081210030000,170 N LOMBARD AVE,41.89001843,-87.77948162
16081210040000,166 N LOMBARD AVE,41.88988771,-87.77946817
16081210050000,162 N LOMBARD AVE,41.88974582,-87.77939649
16081210060000,158 N LOMBARD AVE,41.8896129,-87.77948877
16081210070000,154 N LOMBARD AVE,41.88946044,-87.7794828
16081210080000,150 N LOMBARD AVE,41.88933513,-87.77946201
16081210090000,146 N LOMBARD AVE,41.88923981,-87.7794519
16081210100000,144 N LOMBARD AVE,41.88913364,-87.77944917
16081210110000,140 N LOMBARD AVE,41.88903021,-87.77945006
16081210120000,138 N LOMBARD AVE,41.8889213,-87.77944371
16081210130000,134 N LOMBARD AVE,41.88881779,-87.77942638
16081210150000,167 N TAYLOR AVE,41.88998179,-87.77865812
16081210160000,165 N TAYLOR AVE,41.88987295,-87.77866635
16081210170000,163 N TAYLOR AVE,41.88975872,-87.77868557
16081210180000,159 N TAYLOR AVE,41.88960618,-87.77866137
16081210190000,155 N TAYLOR AVE,41.88947269,-87.77863701
16081210200000,151 N TAYLOR AVE,41.88934209,-87.77864907
16081210230000,139 N TAYLOR AVE,41.88893643,-87.77863071
16081210240000,135 N TAYLOR AVE,41.88882761,-87.77864259
16081210250000,128 N LOMBARD AVE,41.88865501,-87.77953714
16081210260000,126 N LOMBARD AVE,41.88854521,-87.77951918
16081210270000,124 N LOMBARD AVE,41.88841672,-87.7795247
16081210470000,131 N TAYLOR AVE,41.88865851,-87.77857115
16081210480000,127 N TAYLOR AVE,41.88857132,-87.77855368
16081210490000,125 N TAYLOR AVE,41.88847119,-87.77852249
16081210500000,123 N TAYLOR AVE,41.88836921,-87.77855868
16081210510000,102 LAKE ST,41.88825536,-87.77844414
16081210520000,147 N TAYLOR AVE,41.88921136,-87.77863198
16081210530000,143 N TAYLOR AVE,41.88908071,-87.77863311
16081210540000,116 LAKE ST,41.88845402,-87.77906102
16081210550000,114 LAKE ST,41.88846967,-87.77888878
16081210560000,179 N TAYLOR AVE,41.89027578,-87.77866287
16081210570000,175 N TAYLOR AVE,41.89013695,-87.77866042
16081210580000,120 LAKE ST,41.88851866,-87.77920852
16081220010000,178 N TAYLOR AVE,41.89031303,-87.77783943
16081220020000,174 N TAYLOR AVE,41.89018505,-87.7778296
16081220030000,170 N TAYLOR AVE,41.89004622,-87.77782716
16081220040000,164 N TAYLOR AVE,41.88990197,-87.77782841
16081220050000,162 N TAYLOR AVE,41.8897686,-87.77782956
16081220060000,158 N TAYLOR AVE,41.88962708,-87.77783443
16081220070000,154 N TAYLOR AVE,41.88949361,-87.77781372
16081220080000,150 N TAYLOR AVE,41.88934947,-87.77784048
16081220090000,146 N TAYLOR AVE,41.88922149,-87.77783066
16081220100000,142 N TAYLOR AVE,41.88907992,-87.77782459
16081220110000,138 N TAYLOR AVE,41.88894374,-87.77780755
16081220120000,134 N TAYLOR AVE,41.88881805,-87.77778971
16081220130000,177 N HUMPHREY AVE,41.89031721,-87.77701556
16081220140000,175 N HUMPHREY AVE,41.89018676,-87.77705679
16081220150000,171 N HUMPHREY AVE,41.89004796,-87.77706164
16081220160000,167 N HUMPHREY AVE,41.88992258,-87.77702628
16081220170000,163 N HUMPHREY AVE,41.88977557,-87.77702026
16081220180000,159 N HUMPHREY AVE,41.889634,-87.7770142
16081220190000,155 N HUMPHREY AVE,41.88949524,-87.77702634
16081220200000,151 N HUMPHREY AVE,41.88936455,-87.77702019
16081220210000,147 N HUMPHREY AVE,41.88924191,-87.77698844
16081220220000,143 N HUMPHREY AVE,41.88910851,-87.77698231
16081220230000,139 N HUMPHREY AVE,41.8889587,-87.77696174
16081220240000,137 N HUMPHREY AVE,41.88886335,-87.77694434
16081220250000,133 N HUMPHREY AVE,41.88876036,-87.77695076
16081220300000,50 LAKE ST,41.8883536,-87.7773338
16081220310000,48 LAKE ST,41.88835307,-87.77722348
16081220320000,46 LAKE ST,41.88835268,-87.77714406
16081220330000,123 N HUMPHREY AVE,41.888404,-87.77680383
16081220340000,56 LAKE ST,41.88834174,-87.77760751
16081220360000,54 LAKE ST,41.88834431,-87.77745744
16081220391001,118 N TAYLOR AVE,41.88830742,-87.77791179
16081230010000,176 N HUMPHREY AVE,41.89029701,-87.7762649
16081230030000,174 N HUMPHREY AVE,41.89020447,-87.77621824
16081230040000,170 N HUMPHREY AVE,41.89004413,-87.77627066
16081230060000,162 N HUMPHREY AVE,41.88979051,-87.7762071
16081230070000,158 N HUMPHREY AVE,41.88966555,-87.77622292
16081230100000,140 N HUMPHREY AVE,41.88900893,-87.77616612
16081230110000,3 ONTARIO ST,41.89037691,-87.77524447
16081230140000,462 N AUSTIN BLVD,41.88967213,-87.77533708
16081230150000,452 N AUSTIN BLVD,41.88934301,-87.77539146
16081230160000,444 N AUSTIN BLVD,41.88908162,-87.77556221
16081230170000,438 N AUSTIN BLVD,41.8888383,-87.77521317
16081230180000,32 LAKE ST,41.88832889,-87.77631463
16081230200000,22 LAKE ST,41.88822431,-87.77597349
16081230210000,18 LAKE ST,41.88821736,-87.77569274
16081230220000,12 LAKE ST,41.88821134,-87.77549339
16081230260000,8 LAKE ST,41.88825517,-87.77538415
16081230270000,428 N AUSTIN BLVD,41.88847378,-87.77517153
16081230280000,154 N HUMPHREY AVE,41.88950104,-87.7762192
16081230290000,464 N AUSTIN BLVD,41.88985622,-87.77533601
16081230300000,164 N HUMPHREY AVE,41.88988229,-87.77632503
16081240030000,301 LAKE ST,41.88784703,-87.78356005
16081240050000,333 LAKE ST,41.88802668,-87.78424973
16081250010000,259 LAKE ST,41.88780264,-87.78250248
16081260020000,219 LAKE ST,41.8880812,-87.78088067
16081260030000,101 N LOMBARD AVE,41.8878043,-87.78042327
16081260040000,201 LAKE ST,41.88799044,-87.78030509
16081270010000,49 LAKE ST,41.88779181,-87.77772523
16081270050000,412 N AUSTIN BLVD,41.88788864,-87.77522848
16081270100000,6 NORTH BLVD,41.8876748,-87.77535494
16081270130000,408 N AUSTIN BLVD,41.88779946,-87.77518512
16081270140000,25 LAKE ST,41.8878053,-87.7757102
16081270150000,7 LAKE ST,41.88781618,-87.77549652
16083000050000,311 SOUTH BLVD,41.88677319,-87.78368797
16083000060000,309 SOUTH BLVD,41.88677713,-87.7835866
16083000070000,307 SOUTH BLVD,41.88677665,-87.78348526
16083000080000,305 SOUTH BLVD,41.88678512,-87.78338385
16083000090000,301 SOUTH BLVD,41.88678455,-87.78326483
16083000110000,114 S RIDGELAND AVE,41.88628483,-87.78435062
16083000120000,116 S RIDGELAND AVE,41.8861969,-87.78429494
16083000130000,120 S RIDGELAND AVE,41.88606346,-87.78431407
16083000140000,122 S RIDGELAND AVE,41.88593877,-87.78430914
16083000150000,126 S RIDGELAND AVE,41.88579631,-87.78429237
16083000160000,130 S RIDGELAND AVE,41.88567165,-87.78429344
16083000170000,134 S RIDGELAND AVE,41.88553359,-87.78427094
16083000180000,142 S RIDGELAND AVE,41.88539109,-87.78426616
16083000190000,115 S CUYLER AVE,41.88640442,-87.78338712
16083000200000,119 S CUYLER AVE,41.88630652,-87.78338796
16083000210000,123 S CUYLER AVE,41.88620147,-87.78340085
16083000220000,125 S CUYLER AVE,41.88610902,-87.78340278
16083000230000,127 S CUYLER AVE,41.88598619,-87.78341021
16083000240000,131 S CUYLER AVE,41.88584552,-87.7834099
16083000250000,135 S CUYLER AVE,41.885712,-87.78341105
16083000260000,139 S CUYLER AVE,41.88560058,-87.78338202
16083000270000,143 S CUYLER AVE,41.88545883,-87.78339386
16083000280000,145 S CUYLER AVE,41.88536923,-87.78341998
16083000300000,102 S RIDGELAND AVE,41.88678104,-87.78439201
16083010020000,101 S HARVEY AVE,41.88676069,-87.78167571
16083010030000,114 S CUYLER AVE,41.88641175,-87.78261934
16083010040000,118 S CUYLER AVE,41.8863084,-87.78262022
16083010050000,120 S CUYLER AVE,41.88622289,-87.78260657
16083010060000,122 S CUYLER AVE,41.88611595,-87.78261228
16083010070000,126 S CUYLER AVE,41.88603401,-87.78261299
16083010080000,128 S CUYLER AVE,41.88593065,-87.78261387
16083010090000,132 S CUYLER AVE,41.88583808,-87.78260987
16083010100000,134 S CUYLER AVE,41.88573112,-87.78261079
16083010110000,136 S CUYLER AVE,41.88564833,-87.78263184
16083010120000,140 S CUYLER AVE,41.88554853,-87.7826231
16083010140000,115 S HARVEY AVE,41.88641019,-87.7817891
16083010150000,119 S HARVEY AVE,41.88624988,-87.78180487
16083010180000,135 S HARVEY AVE,41.88571165,-87.78176793
16083010190000,137 S HARVEY AVE,41.88561898,-87.78176423
16083010200000,141 S HARVEY AVE,41.88548706,-87.78175577
16083010210000,143 S HARVEY AVE,41.88539096,-87.78176619
16083010220000,121 S HARVEY AVE,41.88609654,-87.78177261
16083010240000,131 S HARVEY AVE,41.8858492,-87.7817309
16083010250000,129 S HARVEY AVE,41.88591681,-87.78172959
16083010280000,255 SOUTH BLVD,41.88685507,-87.78260827
16083010490000,256 PLEASANT ST,41.88542503,-87.7823752
16083020010000,100 S HARVEY AVE,41.88676472,-87.78118993
16083020050000,114 S HARVEY AVE,41.88644098,-87.78103804
16083020060000,116 S HARVEY AVE,41.88634483,-87.78103887
16083020070000,120 S HARVEY AVE,41.88625219,-87.78103967
16083020080000,122 S HARVEY AVE,41.88612392,-87.78104077
16083020090000,126 S HARVEY AVE,41.88599565,-87.78104188
16083020100000,130 S HARVEY AVE,41.88586016,-87.78101906
16083020110000,136 S HARVEY AVE,41.88566205,-87.78118095
16083020120000,218 PLEASANT ST,41.88537947,-87.78065383
16083020150000,125 S LOMBARD AVE,41.88609539,-87.78006752
16083020160000,127 S LOMBARD AVE,41.88601329,-87.78003465
16083020170000,129 S LOMBARD AVE,41.88591714,-87.78003548
16083020180000,133 S LOMBARD AVE,41.8858316,-87.78003622
16083020190000,135 S LOMBARD AVE,41.88574965,-87.78003692
16083020210000,214 PLEASANT ST,41.88545586,-87.78044829
16083020220000,210 PLEASANT ST,41.88547668,-87.78032429
16083020230000,208 PLEASANT ST,41.88547608,-87.78020017
16083020240000,206 PLEASANT ST,41.88547894,-87.78006643
16083020250000,202 PLEASANT ST,41.88548907,-87.77994702
16083020260000,201 SOUTH BLVD,41.8867969,-87.78031279
16083020280000,117 S LOMBARD AVE,41.88623758,-87.78000316
16083030010000,121 SOUTH BLVD,41.88679974,-87.77951419
16083030030000,113 SOUTH BLVD,41.88662298,-87.77904669
16083030040000,114 S LOMBARD AVE,41.88645899,-87.77939947
16083030050000,118 S LOMBARD AVE,41.88634072,-87.77937852
16083030060000,120 S LOMBARD AVE,41.88624236,-87.77940135
16083030070000,124 S LOMBARD AVE,41.88612092,-87.77940239
16083030080000,128 S LOMBARD AVE,41.88600589,-87.77937262
16083030090000,130 S LOMBARD AVE,41.8859009,-87.77938232
16083030100000,134 S LOMBARD AVE,41.88580563,-87.77936556
16083030110000,128 PLEASANT ST,41.88551587,-87.77948553
16083030120000,126 PLEASANT ST,41.88553162,-87.77934913
16083030130000,122 PLEASANT ST,41.88551119,-87.77919547
16083030140000,120 PLEASANT ST,41.88551044,-87.77904163
16083030170000,107 S TAYLOR AVE,41.88671831,-87.77853449
16083030180000,111 S TAYLOR AVE,41.8866032,-87.77848713
16083030190000,115 S TAYLOR AVE,41.88646193,-87.77846198
16083030200000,117 S TAYLOR AVE,41.88635033,-87.77846295
16083030210000,119 S TAYLOR AVE,41.88623874,-87.77846391
16083030220000,123 S TAYLOR AVE,41.88612383,-87.77846051
16083030230000,127 S TAYLOR AVE,41.88602532,-87.77845257
16083030240000,131 S TAYLOR AVE,41.88590392,-87.77846242
16083030250000,135 S TAYLOR AVE,41.88580211,-87.77845011
16083030260000,137 S TAYLOR AVE,41.88569042,-87.7784335
16083030270000,141 S TAYLOR AVE,41.88558211,-87.77843443
16083030280000,145 S TAYLOR AVE,41.88545755,-87.77847067
16083030290000,105 S TAYLOR AVE,41.88682992,-87.77847993
16083040010000,102 S TAYLOR AVE,41.88692681,-87.77771631
16083040020000,104 S TAYLOR AVE,41.88683184,-87.77776109
16083040030000,106 S TAYLOR AVE,41.88672676,-87.77775321
16083040040000,112 S TAYLOR AVE,41.88661517,-87.77775417
16083040050000,114 S TAYLOR AVE,41.8864642,-87.77775988
16083040060000,118 S TAYLOR AVE,41.88635258,-87.77775645
16083040070000,120 S TAYLOR AVE,41.88625079,-87.77774854
16083040080000,124 S TAYLOR AVE,41.88612936,-87.77775399
16083040090000,126 S TAYLOR AVE,41.88602761,-87.77775487
16083040100000,130 S TAYLOR AVE,41.88591273,-87.77775586
16083040110000,134 S TAYLOR AVE,41.88581412,-87.77772595
16083040120000,136 S TAYLOR AVE,41.8857026,-87.7777445
16083040130000,140 S TAYLOR AVE,41.88558764,-87.77772791
16083040140000,142 S TAYLOR AVE,41.88547921,-87.77770687
16083040150000,41 SOUTH BLVD,41.88690948,-87.7769118
16083040160000,37 SOUTH BLVD,41.88690075,-87.77669213
16083040170000,115 S HUMPHREY AVE,41.88648557,-87.77684312
16083040180000,117 S HUMPHREY AVE,41.88635866,-87.77681862
16083040190000,119 S HUMPHREY AVE,41.88628653,-87.77683683
16083040200000,121 S HUMPHREY AVE,41.88620452,-87.77684633
16083040210000,125 S HUMPHREY AVE,41.88606664,-87.77684313
16083040220000,131 S HUMPHREY AVE,41.8859189,-87.77683562
16083040230000,133 S HUMPHREY AVE,41.88577115,-87.77682811
16083040240000,137 S HUMPHREY AVE,41.88564971,-87.77682917
16083040250000,141 S HUMPHREY AVE,41.88550192,-87.77681287
16083050010000,102 S HUMPHREY AVE,41.88691074,-87.77615174
16083050020000,106 S HUMPHREY AVE,41.88680572,-87.77615704
16083050030000,110 S HUMPHREY AVE,41.88667772,-87.77615816
16083050040000,21 SOUTH BLVD,41.88679381,-87.77578584
16083050100000,120 S HUMPHREY AVE,41.88623259,-87.77611807
16083050110000,126 S HUMPHREY AVE,41.88608483,-87.77610616
16083050120000,128 S HUMPHREY AVE,41.88594371,-87.77611179
16083050130000,132 S HUMPHREY AVE,41.88580249,-87.77609543
16083050140000,136 S HUMPHREY AVE,41.88568432,-87.77609646
16083050150000,140 S HUMPHREY AVE,41.88552662,-87.77606706
16083050160000,114 S HUMPHREY AVE,41.88644339,-87.77553634
16083050170000,328 N AUSTIN BLVD,41.88636235,-87.77509052
16083050180000,326 N AUSTIN BLVD,41.88626209,-87.77513233
16083050200000,316 N AUSTIN BLVD,41.88596206,-87.77515934
16083050210000,312 N AUSTIN BLVD,41.88575406,-87.77515529
16083050220000,308 N AUSTIN BLVD,41.88568643,-87.77517932
16083050230000,10 PLEASANT ST,41.88549665,-87.77546328
16083050240000,340 N AUSTIN BLVD,41.8867741,-87.77508781
16083050250000,320 N AUSTIN BLVD,41.88608355,-87.77516707
16083060010000,200 S RIDGELAND AVE,41.88506207,-87.78426056
16083060020000,204 S RIDGELAND AVE,41.88493303,-87.78427365
16083060030000,208 S RIDGELAND AVE,41.8847907,-87.78430455
16083060040000,212 S RIDGELAND AVE,41.884666,-87.78427594
16083060050000,216 S RIDGELAND AVE,41.88454128,-87.78426501
16083060060000,220 S RIDGELAND AVE,41.88441223,-87.78425413
16083060070000,224 S RIDGELAND AVE,41.88428759,-87.78426119
16083060080000,228 S RIDGELAND AVE,41.88414518,-87.7842744
16083060090000,232 S RIDGELAND AVE,41.88402504,-87.78427543
16083060100000,236 S RIDGELAND AVE,41.88390037,-87.78425281
16083060110000,240 S RIDGELAND AVE,41.88376666,-87.78423597
16083060120000,244 S RIDGELAND AVE,41.88362877,-87.78424914
16083060130000,201 S CUYLER AVE,41.88509788,-87.78337616
16083060140000,205 S CUYLER AVE,41.88497778,-87.78338318
16083060150000,207 S CUYLER AVE,41.88489316,-87.78338391
16083060160000,211 S CUYLER AVE,41.88478185,-87.78337887
16083060170000,215 S CUYLER AVE,41.88466617,-87.78338585
16083060180000,217 S CUYLER AVE,41.88454589,-87.7833572
16083060190000,219 S CUYLER AVE,41.88443903,-87.78335812
16083060200000,223 S CUYLER AVE,41.88435889,-87.78334682
16083060210000,225 S CUYLER AVE,41.88426099,-87.78334766
16083060220000,229 S CUYLER AVE,41.88415856,-87.78334853
16083060230000,231 S CUYLER AVE,41.88404282,-87.78334353
16083060240000,233 S CUYLER AVE,41.88394492,-87.78334437
16083060250000,239 S CUYLER AVE,41.88383361,-87.78333933
16083060260000,243 S CUYLER AVE,41.88373128,-87.78334021
16083060270000,245 S CUYLER AVE,41.88362443,-87.78334112
16083070010000,259 PLEASANT ST,41.8851075,-87.7825876
16083070020000,202 S CUYLER AVE,41.88502202,-87.78260273
16083070030000,206 S CUYLER AVE,41.8849222,-87.78258919
16083070040000,208 S CUYLER AVE,41.8848296,-87.78259958
16083070050000,212 S CUYLER AVE,41.88472334,-87.7825957
16083070060000,214 S CUYLER AVE,41.88462709,-87.78259653
16083070070000,216 S CUYLER AVE,41.88453091,-87.78259249
16083070080000,220 S CUYLER AVE,41.88443116,-87.78259335
16083070090000,222 S CUYLER AVE,41.88434192,-87.78257499
16083070100000,224 S CUYLER AVE,41.88424208,-87.78255696
16083070110000,228 S CUYLER AVE,41.88415665,-87.7825832
16083070120000,230 S CUYLER AVE,41.88407116,-87.78257252
16083070130000,234 S CUYLER AVE,41.88395359,-87.78257353
16083070140000,236 S CUYLER AVE,41.88385374,-87.78257439
16083070150000,201 S HARVEY AVE,41.88511263,-87.78169687
16083070160000,205 S HARVEY AVE,41.88497718,-87.78167414
16083070170000,209 S HARVEY AVE,41.88484541,-87.78168636
16083070180000,215 S HARVEY AVE,41.88469985,-87.78167653
16083070190000,217 S HARVEY AVE,41.88456448,-87.78167769
16083070200000,221 S HARVEY AVE,41.88442909,-87.78167406
16083070210000,225 S HARVEY AVE,41.88429601,-87.78166874
16083070220000,229 S HARVEY AVE,41.88415465,-87.78165723
16083070230000,250 RANDOLPH ST,41.88401997,-87.78182241
16083080010000,202 S HARVEY AVE,41.88507969,-87.78100046
16083080020000,204 S HARVEY AVE,41.88498346,-87.78100608
16083080030000,208 S HARVEY AVE,41.88485519,-87.78100719
16083080040000,212 S HARVEY AVE,41.88472399,-87.78099872
16083080050000,216 S HARVEY AVE,41.88457792,-87.78099998
16083080060000,220 S HARVEY AVE,41.88444598,-87.78098673
16083080070000,224 S HARVEY AVE,41.88432842,-87.78098774
16083080080000,226 S HARVEY AVE,41.88422866,-87.7809886
16083080090000,228 S HARVEY AVE,41.88411462,-87.78099438
16083080100000,203 S LOMBARD AVE,41.88508514,-87.78007396
16083080110000,209 S LOMBARD AVE,41.88489094,-87.78005255
16083080120000,211 S LOMBARD AVE,41.88478823,-87.78003905
16083080130000,215 S LOMBARD AVE,41.88468854,-87.78005245
16083080140000,217 S LOMBARD AVE,41.88458886,-87.7800677
16083080150000,221 S LOMBARD AVE,41.88445338,-87.78006887
16083080160000,225 S LOMBARD AVE,41.88432498,-87.7800412
16083080170000,229 S LOMBARD AVE,41.88419673,-87.7800471
16083080180000,231 S LOMBARD AVE,41.88411129,-87.78004784
16083090020000,214 S LOMBARD AVE,41.88471857,-87.77933373
16083090030000,216 S LOMBARD AVE,41.88460547,-87.77932766
16083090040000,220 S LOMBARD AVE,41.88449783,-87.7793638
16083090050000,224 S LOMBARD AVE,41.88437151,-87.77934377
16083090060000,230 S LOMBARD AVE,41.88421625,-87.77939141
16083090070000,120 RANDOLPH ST,41.88418123,-87.77914822
16083090080000,201 S TAYLOR AVE,41.88515797,-87.77847447
16083090090000,209 S TAYLOR AVE,41.88495108,-87.77845429
16083090100000,211 S TAYLOR AVE,41.88483935,-87.77842888
16083090110000,217 S TAYLOR AVE,41.88460393,-87.77841348
16083090120000,215 S TAYLOR AVE,41.88471961,-87.77840895
16083090130000,221 S TAYLOR AVE,41.88450138,-87.77841437
16083090140000,225 S TAYLOR AVE,41.88438573,-87.77842593
16083090150000,227 S TAYLOR AVE,41.88427784,-87.77840926
16083090160000,231 S TAYLOR AVE,41.88416214,-87.77841026
16083090170000,119 PLEASANT ST,41.88512449,-87.77897045
16083100010000,200 S TAYLOR AVE,41.8851684,-87.77773034
16083100020000,204 S TAYLOR AVE,41.88506989,-87.7777224
16083100030000,208 S TAYLOR AVE,41.88493858,-87.77771914
16083100040000,210 S TAYLOR AVE,41.88485313,-87.7776979
16083100050000,214 S TAYLOR AVE,41.884727,-87.77771135
16083100060000,216 S TAYLOR AVE,41.88462708,-87.77771221
16083100070000,220 S TAYLOR AVE,41.88451405,-87.77772023
16083100080000,222 S TAYLOR AVE,41.88439027,-87.77768257
16083100090000,226 S TAYLOR AVE,41.88427721,-87.77768355
16083100100000,230 S TAYLOR AVE,41.88416671,-87.77767276
16083100110000,201 S HUMPHREY AVE,41.88516378,-87.77680382
16083100120000,205 S HUMPHREY AVE,41.88506199,-87.77679592
16083100130000,209 S HUMPHREY AVE,41.88492739,-87.77679269
16083100140000,213 S HUMPHREY AVE,41.88477967,-87.77678958
16083100150000,217 S HUMPHREY AVE,41.88462862,-87.7767777
16083100160000,221 S HUMPHREY AVE,41.88449636,-87.77678373
16083100170000,225 S HUMPHREY AVE,41.88436491,-87.77678839
16083100180000,229 S HUMPHREY AVE,41.88424132,-87.77678946
16083110010000,200 S HUMPHREY AVE,41.88518331,-87.77609158
16083110020000,204 S HUMPHREY AVE,41.88506519,-87.7761014
16083110030000,208 S HUMPHREY AVE,41.88493377,-87.77607617
16083110040000,212 S HUMPHREY AVE,41.88479921,-87.77608174
16083110050000,216 S HUMPHREY AVE,41.88464288,-87.77608876
16083110060000,220 S HUMPHREY AVE,41.88452456,-87.77608979
16083110070000,224 S HUMPHREY AVE,41.88437724,-87.77607699
16083110080000,228 S HUMPHREY AVE,41.88424139,-87.77605771
16083110090000,5 PLEASANT ST,41.88518468,-87.77520764
16083110100000,230 N AUSTIN BLVD,41.88505407,-87.77516405
16083110110000,226 N AUSTIN BLVD,41.88495569,-87.77512985
16083110120000,224 N AUSTIN BLVD,41.88484083,-87.77518789
16083110130000,220 N AUSTIN BLVD,41.88474227,-87.77517116
16083110140000,216 N AUSTIN BLVD,41.88464702,-87.77515881
16083110150000,206 N AUSTIN BLVD,41.884378,-87.77521443
16083120010000,300 S RIDGELAND AVE,41.88332563,-87.78423426
16083120020000,304 S RIDGELAND AVE,41.88316853,-87.78416875
16083120030000,308 S RIDGELAND AVE,41.88304777,-87.78425582
16083120040000,312 S RIDGELAND AVE,41.88294435,-87.78424232
16083120050000,316 S RIDGELAND AVE,41.8828445,-87.78422399
16083120060000,318 S RIDGELAND AVE,41.88275186,-87.78422478
16083120090000,328 S RIDGELAND AVE,41.88236104,-87.78422172
16083120100000,332 S RIDGELAND AVE,41.88225778,-87.7842226
16083120110000,301 S CUYLER AVE,41.88328836,-87.78333327
16083120120000,305 S CUYLER AVE,41.883185,-87.78333416
16083120130000,307 S CUYLER AVE,41.8830389,-87.78333062
16083120150000,317 S CUYLER AVE,41.88276805,-87.78330925
16083120160000,321 S CUYLER AVE,41.88265598,-87.78329672
16083120170000,325 S CUYLER AVE,41.88252061,-87.78329789
16083120180000,329 S CUYLER AVE,41.88239942,-87.78329413
16083120190000,333 S CUYLER AVE,41.88228179,-87.78328075
16083120200000,324 W WASHINGTON BLVD,41.88208623,-87.78401365
16083120210000,316 W WASHINGTON BLVD,41.88199082,-87.78379856
16083120220000,304 W WASHINGTON BLVD,41.88205424,-87.78333889
16083120230000,322 S RIDGELAND AVE,41.88258295,-87.78424929
16083130010000,300 S CUYLER AVE,41.8834165,-87.78254808
16083130020000,304 S CUYLER AVE,41.88328829,-87.78255717
16083130030000,306 S CUYLER AVE,41.88315996,-87.78256786
16083130040000,310 S CUYLER AVE,41.88302429,-87.78250697
16083130050000,314 S CUYLER AVE,41.8828925,-87.7825033
16083130060000,318 S CUYLER AVE,41.88275733,-87.78254895
16083130070000,322 S CUYLER AVE,41.8826203,-87.78252704
16083130080000,326 S CUYLER AVE,41.88248848,-87.78253776
16083130090000,328 S CUYLER AVE,41.88239943,-87.78253853
16083130100000,332 S CUYLER AVE,41.88230985,-87.78244876
16083130110000,301 S HARVEY AVE,41.8836902,-87.78167082
16083130130000,307 S HARVEY AVE,41.88356189,-87.78166233
16083130140000,311 S HARVEY AVE,41.88341584,-87.78166839
16083130150000,313 S HARVEY AVE,41.88328755,-87.78166469
16083130160000,315 S HARVEY AVE,41.88319834,-87.78163218
16083130170000,317 S HARVEY AVE,41.88310209,-87.78163301
16083130180000,319 S HARVEY AVE,41.88300596,-87.78163863
16083130190000,325 S HARVEY AVE,41.882899,-87.78163955
16083130200000,329 S HARVEY AVE,41.882785,-87.78163094
16083130210000,333 S HARVEY AVE,41.88267795,-87.78161267
16083130220000,335 S HARVEY AVE,41.88260161,-87.78162382
16083130230000,337 S HARVEY AVE,41.88249485,-87.78164393
16083130240000,339 S HARVEY AVE,41.8824022,-87.78164473
16083130250000,343 S HARVEY AVE,41.88232391,-87.781655
16083130260000,264 W WASHINGTON BLVD,41.88195519,-87.78272871
16083130270000,260 W WASHINGTON BLVD,41.88199325,-87.78254363
16083130280000,258 W WASHINGTON BLVD,41.88199249,-87.78238624
16083130290000,256 W WASHINGTON BLVD,41.88201672,-87.78224273
16083130300000,252 W WASHINGTON BLVD,41.88201982,-87.78213777
16083130310000,248 W WASHINGTON BLVD,41.88206047,-87.78200573
16083140010000,229 RANDOLPH ST,41.883565,-87.78107371
16083140020000,225 RANDOLPH ST,41.88356774,-87.78089261
16083140030000,221 RANDOLPH ST,41.88357438,-87.78079691
16083140040000,219 RANDOLPH ST,41.88357385,-87.78068719
16083140050000,217 RANDOLPH ST,41.88357682,-87.78057744
16083140060000,215 RANDOLPH ST,41.8835799,-87.78046768
16083140070000,211 RANDOLPH ST,41.88357914,-87.78031029
16083140080000,209 RANDOLPH ST,41.88357852,-87.78018138
16083140090000,205 RANDOLPH ST,41.88357797,-87.78006686
16083140100000,301 S LOMBARD AVE,41.88357027,-87.77994281
16083140110000,312 S HARVEY AVE,41.88328165,-87.7809347
16083140120000,314 S HARVEY AVE,41.8831748,-87.78093562
16083140130000,316 S HARVEY AVE,41.88308928,-87.78094115
16083140160000,324 S HARVEY AVE,41.88282199,-87.78093386
16083140170000,328 S HARVEY AVE,41.88268299,-87.78093026
16083140180000,332 S HARVEY AVE,41.88255423,-87.78089899
16083140190000,336 S HARVEY AVE,41.88239274,-87.78090038
16083140200000,230 W WASHINGTON BLVD,41.88196605,-87.78106795
16083140240000,311 S LOMBARD AVE,41.88323566,-87.78003165
16083140250000,315 S LOMBARD AVE,41.88309318,-87.78003288
16083140260000,319 S LOMBARD AVE,41.88296832,-87.78001477
16083140270000,323 S LOMBARD AVE,41.88286145,-87.78001119
16083140280000,327 S LOMBARD AVE,41.88275802,-87.77999454
16083140290000,329 S LOMBARD AVE,41.88265486,-87.78001747
16083140300000,331 S LOMBARD AVE,41.8825501,-87.78004806
16083140310000,335 S LOMBARD AVE,41.88243112,-87.77998866
16083140320000,337 S LOMBARD AVE,41.88233126,-87.77998953
16083140330000,339 S LOMBARD AVE,41.88224946,-87.78001871
16083140340000,214 W WASHINGTON BLVD,41.88201242,-87.78034547
16083140350000,210 W WASHINGTON BLVD,41.88202253,-87.78022126
16083140370000,208 W WASHINGTON BLVD,41.88202193,-87.78009715
16083140380000,206 W WASHINGTON BLVD,41.8820355,-87.77996333
16083140390000,202 W WASHINGTON BLVD,41.88206715,-87.77988691
16083140420000,318 S HARVEY AVE,41.88297884,-87.7809469
16083140430000,222 W WASHINGTON BLVD,41.88204699,-87.78071096
16083150010000,300 S LOMBARD AVE,41.88384083,-87.7793445
16083150020000,302 S LOMBARD AVE,41.88374618,-87.77934884
16083150030000,304 S LOMBARD AVE,41.8836515,-87.77934613
16083150040000,310 S LOMBARD AVE,41.88351215,-87.77935086
16083150050000,312 S LOMBARD AVE,41.88337414,-87.77932481
16083150060000,316 S LOMBARD AVE,41.88323032,-87.77932605
16083150070000,322 S LOMBARD AVE,41.88311846,-87.77932702
16083150090000,326 S LOMBARD AVE,41.88299373,-87.77931098
16083150100000,328 S LOMBARD AVE,41.88288509,-87.77931619
16083150110000,330 S LOMBARD AVE,41.8827701,-87.77933003
16083150120000,334 S LOMBARD AVE,41.88265172,-87.77930537
16083150130000,301 S TAYLOR AVE,41.88384207,-87.77841103
16083150140000,303 S TAYLOR AVE,41.88373952,-87.77841191
16083150150000,307 S TAYLOR AVE,41.88364751,-87.77841623
16083150160000,309 S TAYLOR AVE,41.88353176,-87.77840667
16083150170000,313 S TAYLOR AVE,41.88342559,-87.77839027
16083150180000,315 S TAYLOR AVE,41.88332332,-87.77839116
16083150190000,319 S TAYLOR AVE,41.88322113,-87.77840916
16083150200000,321 S TAYLOR AVE,41.8831189,-87.7784186
16083150210000,323 S TAYLOR AVE,41.88302306,-87.77842799
16083150220000,329 S TAYLOR AVE,41.88293353,-87.77842021
16083150230000,331 S TAYLOR AVE,41.88283782,-87.77845527
16083150260000,124 W WASHINGTON BLVD,41.8822649,-87.77918148
16083150270000,120 W WASHINGTON BLVD,41.88232337,-87.7790221
16083150280000,116 W WASHINGTON BLVD,41.88232574,-87.77885088
16083150290000,114 W WASHINGTON BLVD,41.88232506,-87.77870966
16083150300000,110 W WASHINGTON BLVD,41.88232433,-87.77855988
16083150310000,106 W WASHINGTON BLVD,41.88233656,-87.77844421
16083150330000,333 S TAYLOR AVE,41.88274573,-87.77837863
16083150350000,102 W WASHINGTON BLVD,41.88226589,-87.77820509
16083160010000,300 S TAYLOR AVE,41.883857,-87.77769171
16083160020000,304 S TAYLOR AVE,41.88373598,-87.77767868
16083160030000,306 S TAYLOR AVE,41.88361756,-87.7776621
16083160040000,310 S TAYLOR AVE,41.88349668,-87.77767723
16083160050000,314 S TAYLOR AVE,41.883387,-87.77768033
16083160060000,316 S TAYLOR AVE,41.88326875,-87.77768135
16083160070000,320 S TAYLOR AVE,41.8831505,-87.77768238
16083160080000,324 S TAYLOR AVE,41.88303683,-87.77767593
16083160090000,326 S TAYLOR AVE,41.88292707,-87.77765607
16083160100000,328 S TAYLOR AVE,41.88279403,-87.7776445
16083160110000,330 S TAYLOR AVE,41.88268007,-87.77764896
16083160120000,301 S HUMPHREY AVE,41.88385715,-87.77678861
16083160130000,303 S HUMPHREY AVE,41.88376772,-87.77678586
16083160140000,307 S HUMPHREY AVE,41.88364414,-87.77678694
16083160150000,311 S HUMPHREY AVE,41.88351792,-87.77678803
16083160160000,315 S HUMPHREY AVE,41.8833802,-87.77678044
16083160170000,319 S HUMPHREY AVE,41.88322351,-87.77676468
16083160180000,323 S HUMPHREY AVE,41.88309568,-87.77676579
16083160190000,327 S HUMPHREY AVE,41.88295499,-87.77675417
16083160200000,331 S HUMPHREY AVE,41.8828339,-87.77673393
16083160210000,335 S HUMPHREY AVE,41.88270697,-87.77673388
16083160220000,64 W WASHINGTON BLVD,41.88232458,-87.77776821
16083160230000,60 W WASHINGTON BLVD,41.88233067,-87.77762972
16083160240000,58 W WASHINGTON BLVD,41.88232649,-87.77750284
16083160250000,54 W WASHINGTON BLVD,41.88232595,-87.77739158
16083160260000,52 W WASHINGTON BLVD,41.88232531,-87.77725891
16083160270000,48 W WASHINGTON BLVD,41.8823246,-87.7771134
16083160280000,46 W WASHINGTON BLVD,41.88233031,-87.77697212
16083160300000,44 W WASHINGTON BLVD,41.88231812,-87.77686394
16083170010000,300 S HUMPHREY AVE,41.88386695,-87.77604906
16083170020000,302 S HUMPHREY AVE,41.8837775,-87.77603928
16083170030000,306 S HUMPHREY AVE,41.88366184,-87.77604732
16083170040000,310 S HUMPHREY AVE,41.88351455,-87.77604156
16083170050000,314 S HUMPHREY AVE,41.88338695,-87.77602713
16083170060000,318 S HUMPHREY AVE,41.88324633,-87.77602836
16083170070000,324 S HUMPHREY AVE,41.88308653,-87.77602975
16083170080000,326 S HUMPHREY AVE,41.88296184,-87.77602227
16083170090000,330 S HUMPHREY AVE,41.88283404,-87.77603194
16083170100000,334 S HUMPHREY AVE,41.88269331,-87.77601176
16083170120000,146 N AUSTIN BLVD,41.88373025,-87.77513713
16083170130000,142 N AUSTIN BLVD,41.88359592,-87.7751169
16083170140000,138 N AUSTIN BLVD,41.88344577,-87.77513105
16083170150000,134 N AUSTIN BLVD,41.88331473,-87.77513219
16083170160000,130 N AUSTIN BLVD,41.88317411,-87.77513341
16083170190000,24 W WASHINGTON BLVD,41.88232791,-87.77583404
16083170220000,12 W WASHINGTON BLVD,41.88243841,-87.77526638
16083170230000,2 W WASHINGTON BLVD,41.88244378,-87.77503177
16083170240000,11 RANDOLPH ST,41.8838764,-87.77550375
16083170250000,118 N AUSTIN BLVD,41.88276587,-87.77508838
16083170270000,124 N AUSTIN BLVD,41.88299093,-87.77503881
16083180010000,416 S RIDGELAND AVE,41.88128631,-87.78352285
16083180030000,328 MADISON ST,41.88013813,-87.78418168
16083180040000,318 MADISON ST,41.88024773,-87.78394108
16083180060000,314 MADISON ST,41.88014812,-87.78356219
16083180070000,312 MADISON ST,41.88014983,-87.78345114
16083180080000,308 MADISON ST,41.88015243,-87.78326288
16083180090000,302 MADISON ST,41.88015429,-87.78315701
16083190010000,261 W WASHINGTON BLVD APT 201,41.8814774,-87.78258121
16083190120000,411 S HARVEY AVE,41.88118644,-87.7816258
16083190180000,264 MADISON ST,41.88022371,-87.78260848
16083190190000,260 MADISON ST,41.88029601,-87.78234815
16083190220000,248 MADISON ST,41.88027162,-87.78180204
16083190250000,242 MADISON ST,41.88019024,-87.78154122
16083190260000,238 MADISON ST,41.88028166,-87.78141164
16083190270000,417 S HARVEY AVE,41.88101411,-87.78161437
16083190340000,425 S HARVEY AVE,41.8807754,-87.78166808
16083190380000,253 W WASHINGTON BLVD,41.88148985,-87.78212731
16083190440000,431 S HARVEY AVE,41.88058264,-87.7816538
16083190450000,257 W WASHINGTON BLVD,41.88152666,-87.78233705
16083190460000,243 W WASHINGTON BLVD,41.88133151,-87.78187698
16083200010000,225 WASHINGTON BLVD,41.88135181,-87.78090001
16083200020000,215 WASHINGTON BLVD,41.8814406,-87.78030614
16083200040000,414 S HARVEY AVE,41.88117428,-87.78094306
16083200050000,418 S HARVEY AVE,41.88106538,-87.78083393
16083200060000,422 S HARVEY AVE,41.88093565,-87.78086725
16083200070000,424 S HARVEY AVE,41.88083602,-87.78087291
16083200080000,426 S HARVEY AVE,41.88074586,-87.78089326
16083200090000,428 S HARVEY AVE,41.88064412,-87.78084998
16083200130000,421 S LOMBARD AVE,41.88087722,-87.77994372
16083200170000,230 MADISON ST,41.88020371,-87.78102506
16083200180000,228 MADISON ST,41.88020589,-87.78088469
16083200190000,218 MADISON ST,41.88037438,-87.78059732
16083200200000,208 MADISON ST,41.88029085,-87.78011898
16083200240000,202 MADISON ST,41.88024903,-87.77985733
16083200260000,433 S LOMBARD AVE,41.88072677,-87.77995851
16083200270000,415 S LOMBARD AVE,41.88113638,-87.77997476
16083200280000,211 WASHINGTON BLVD,41.88160108,-87.78013488
16083210020000,119 W WASHINGTON BLVD,41.88177912,-87.77902339
16083210030000,115 W WASHINGTON BLVD,41.88176456,-87.77884064
16083210040000,111 W WASHINGTON BLVD,41.88177686,-87.77860987
16083210060000,101 W WASHINGTON BLVD,41.8818473,-87.77819212
16083210070000,414 S LOMBARD AVE,41.8814016,-87.77925788
16083210080000,416 S LOMBARD AVE,41.88129531,-87.77926328
16083210090000,418 S LOMBARD AVE,41.88120734,-87.77926623
16083210100000,422 S LOMBARD AVE,41.88110827,-87.77926708
16083210150000,415 S TAYLOR AVE,41.88145776,-87.77825625
16083210170000,431 S TAYLOR AVE,41.88085278,-87.77829781
16083210180000,435 S TAYLOR AVE,41.88072484,-87.77827751
16083210190000,437 S TAYLOR AVE,41.88063205,-87.7782826
16083210200000,440 S LOMBARD AVE,41.88041781,-87.77937701
16083210220000,124 MADISON ST,41.8803176,-87.77907705
16083210230000,120 MADISON ST,41.88034373,-87.77885473
16083210240000,114 MADISON ST,41.88030994,-87.77860845
16083210250000,110 MADISON ST,41.88025534,-87.778415
16083210260000,108 MADISON ST,41.88028629,-87.77834332
16083210290000,104 MADISON ST,41.88029113,-87.77817865
16083210300000,105 W WASHINGTON BLVD,41.8818247,-87.77839531
16083210310000,441 S TAYLOR AVE,41.88039923,-87.77813043
16083210320000,429 S TAYLOR AVE,41.88094064,-87.77825295
16083210330000,426 S LOMBARD AVE,41.88089037,-87.77918901
16083210340000,121 W WASHINGTON BLVD,41.88183304,-87.77912655
16083210351001,434 S LOMBARD AVE,41.88064238,-87.7791448
16083220010000,61 W WASHINGTON BLVD,41.88177713,-87.77774945
16083220020000,59 W WASHINGTON BLVD,41.88181092,-87.77762177
16083220030000,57 W WASHINGTON BLVD,41.88181031,-87.77749767
16083220040000,53 W WASHINGTON BLVD,41.88180986,-87.77740352
16083220050000,51 W WASHINGTON BLVD,41.8817772,-87.77725829
16083220060000,49 W WASHINGTON BLVD,41.88182076,-87.77712307
16083220070000,45 W WASHINGTON BLVD,41.8817883,-87.77691154
16083220080000,41 W WASHINGTON BLVD,41.88179733,-87.7767959
16083220100000,414 S TAYLOR AVE,41.88144975,-87.77762062
16083220110000,416 S TAYLOR AVE,41.88134428,-87.77762154
16083220120000,418 S TAYLOR AVE,41.88127716,-87.77762212
16083220130000,420 S TAYLOR AVE,41.88121961,-87.77761834
16083220140000,428 S TAYLOR AVE,41.88096309,-87.77768674
16083220150000,430 S TAYLOR AVE,41.88084519,-87.77751996
16083220160000,434 S TAYLOR AVE,41.88073036,-87.77756803
16083220170000,436 S TAYLOR AVE,41.88063771,-87.77757739
16083220180000,417 S HUMPHREY AVE,41.88146038,-87.77668537
16083220190000,419 S HUMPHREY AVE,41.88136133,-87.77669051
16083220200000,421 S HUMPHREY AVE,41.88125893,-87.77666572
16083220210000,423 S HUMPHREY AVE,41.88115983,-87.7766623
16083220220000,427 S HUMPHREY AVE,41.88107032,-87.7766588
16083220230000,429 S HUMPHREY AVE,41.8809556,-87.77672827
16083220250000,435 S HUMPHREY AVE,41.88077326,-87.77669562
16083220280000,60 MADISON ST,41.88031113,-87.77745821
16083220290000,56 MADISON ST,41.88027234,-87.77736867
16083220300000,54 MADISON ST,41.88027257,-87.77726354
16083220320000,48 MADISON ST,41.88028943,-87.77693629
16083220340000,44 MADISON ST,41.88030228,-87.7767826
16083220420000,37 W WASHINGTON BLVD,41.88188317,-87.77655604
16083230010000,1 W WASHINGTON BLVD,41.88179721,-87.77529966
16083230040000,418 S HUMPHREY AVE,41.88137997,-87.77593403
16083230050000,420 S HUMPHREY AVE,41.88126496,-87.77594358
16083230060000,426 S HUMPHREY AVE,41.88111466,-87.77592777
16083230070000,428 S HUMPHREY AVE,41.88100155,-87.77600646
16083230080000,432 S HUMPHREY AVE,41.88086535,-87.77592566
16083230130000,34 N AUSTIN BLVD,41.8811118,-87.77515946
16083230140000,22 N AUSTIN BLVD,41.88092132,-87.77529248
16083230160000,28 MADISON ST,41.88039056,-87.77604206
16083230170000,26 MADISON ST,41.88026849,-87.77590004
16083230180000,22 MADISON ST,41.88027323,-87.77570887
16083230200000,14 MADISON ST,41.88031047,-87.77534518
16083230210000,12 MADISON ST,41.8803356,-87.77525508
16083230220000,10 MADISON ST,41.88027869,-87.77518429
16083230230000,6 MADISON ST,41.88033475,-87.77507963
16083230240000,4 MADISON ST,41.88028219,-87.77499119
16083230250000,10 N AUSTIN BLVD,41.88047599,-87.77486351
16083230260000,38 N AUSTIN BLVD,41.88151472,-87.77520094
16171000050000,510 S RIDGELAND AVE,41.87939073,-87.78411735
16171000060000,512 S RIDGELAND AVE,41.87929121,-87.7841233
16171000070000,516 S RIDGELAND AVE,41.87919149,-87.78410917
16171000080000,518 S RIDGELAND AVE,41.87908829,-87.78411994
16171000090000,522 S RIDGELAND AVE,41.87899975,-87.7841207
16171000100000,524 S RIDGELAND AVE,41.87890384,-87.78412662
16171000110000,528 S RIDGELAND AVE,41.87880411,-87.78411249
16171000120000,530 S RIDGELAND AVE,41.87871927,-87.78410842
16171000130000,532 S RIDGELAND AVE,41.87863804,-87.78410911
16171000140000,536 S RIDGELAND AVE,41.87853099,-87.78409024
16171000150000,538 S RIDGELAND AVE,41.87842401,-87.78408606
16171000160000,540 S RIDGELAND AVE,41.87833918,-87.78408679
16171000170000,544 S RIDGELAND AVE,41.87820593,-87.78420223
16171000180000,521 S CUYLER AVE,41.87911296,-87.78349491
16171000190000,523 S CUYLER AVE,41.87898939,-87.78350324
16171000200000,525 S CUYLER AVE,41.87889344,-87.78350406
16171000210000,527 S CUYLER AVE,41.87880121,-87.78350485
16171000230000,533 S CUYLER AVE,41.87861673,-87.78350644
16171000240000,537 S CUYLER AVE,41.87851709,-87.7834875
16171000250000,539 S CUYLER AVE,41.87842856,-87.78348826
16171000260000,543 S CUYLER AVE,41.87832881,-87.78346933
16171000270000,545 S CUYLER AVE,41.87822176,-87.78345046
16171000310000,325 MADISON ST,41.87966088,-87.78363328
16171000330000,531 S CUYLER AVE,41.87870526,-87.78350568
16171010010000,508 S CUYLER AVE,41.87953611,-87.78300585
16171010020000,311 MADISON ST,41.87976125,-87.7825932
16171010030000,309 MADISON ST,41.87971867,-87.78247908
16171010070000,510 S CUYLER AVE,41.87943648,-87.78293293
16171010080000,512 S CUYLER AVE,41.87935543,-87.78294861
16171010090000,516 S CUYLER AVE,41.87925212,-87.78295939
16171010100000,520 S CUYLER AVE,41.8791673,-87.78296012
16171010110000,522 S CUYLER AVE,41.87906404,-87.78296101
16171010120000,524 S CUYLER AVE,41.87896805,-87.78295194
16171010130000,526 S CUYLER AVE,41.87887952,-87.7829527
16171010150000,530 S CUYLER AVE,41.87873931,-87.7829539
16171010160000,532 S CUYLER AVE,41.87866921,-87.7829545
16171010170000,534 S CUYLER AVE,41.87861017,-87.78294511
16171010180000,536 S CUYLER AVE,41.87853266,-87.78294578
16171010190000,538 S CUYLER AVE,41.87845885,-87.78294641
16171010200000,540 S CUYLER AVE,41.87839986,-87.78294692
16171010210000,542 S CUYLER AVE,41.87832605,-87.78294755
16171010220000,544 S CUYLER AVE,41.87825224,-87.78294818
16171010230000,511 S HIGHLAND AVE,41.87944055,-87.78223649
16171010240000,513 S HIGHLAND AVE,41.87936674,-87.78223713
16171010250000,515 S HIGHLAND AVE,41.87929303,-87.78223776
16171010260000,517 S HIGHLAND AVE,41.8792044,-87.78223852
16171010270000,521 S HIGHLAND AVE,41.87910476,-87.78221959
16171010280000,523 S HIGHLAND AVE,41.87903465,-87.7822202
16171010290000,525 S HIGHLAND AVE,41.87895716,-87.78222566
16171010300000,527 S HIGHLAND AVE,41.87886134,-87.78223158
16171010310000,531 S HIGHLAND AVE,41.87877261,-87.78221255
16171010320000,533 S HIGHLAND AVE,41.87867307,-87.78221341
16171010330000,535 S HIGHLAND AVE,41.87859184,-87.78221411
16171010340000,537 S HIGHLAND AVE,41.87849234,-87.78222486
16171010350000,541 S HIGHLAND AVE,41.87841114,-87.78223035
16171010360000,543 S HIGHLAND AVE,41.87834458,-87.78219645
16171010370000,300 ADAMS ST,41.87826353,-87.78221183
16171010380000,528 S CUYLER AVE,41.87881312,-87.78295327
16171020090000,510 S HIGHLAND AVE,41.87943087,-87.7817636
16171020100000,512 S HIGHLAND AVE,41.87935538,-87.78178018
16171020110000,514 S HIGHLAND AVE,41.87928271,-87.7817752
16171020120000,516 S HIGHLAND AVE,41.87922396,-87.78176823
16171020130000,518 S HIGHLAND AVE,41.87914288,-87.78171181
16171020140000,522 S HIGHLAND AVE,41.87902865,-87.78174248
16171020150000,524 S HIGHLAND AVE,41.87895114,-87.78174314
16171020160000,526 S HIGHLAND AVE,41.8788812,-87.78175843
16171020170000,528 S HIGHLAND AVE,41.878811,-87.78173925
16171020180000,530 S HIGHLAND AVE,41.87872865,-87.78173093
16171020190000,534 S HIGHLAND AVE,41.87860067,-87.78173626
16171020200000,538 S HIGHLAND AVE,41.87847443,-87.78174691
16171020210000,540 S HIGHLAND AVE,41.87841234,-87.7817082
16171020220000,544 S HIGHLAND AVE,41.87834224,-87.78170881
16171020230000,546 S HIGHLAND AVE,41.87827211,-87.78170432
16171020240000,511 S HARVEY AVE,41.87941634,-87.78103255
16171020250000,515 S HARVEY AVE,41.87932776,-87.78102342
16171020260000,517 S HARVEY AVE,41.87923835,-87.781024
16171020270000,519 S HARVEY AVE,41.87916689,-87.78102162
16171020280000,521 S HARVEY AVE,41.87909316,-87.78101746
16171020300000,525 S HARVEY AVE,41.8789736,-87.78104146
16171020310000,529 S HARVEY AVE,41.87885546,-87.7810077
16171020320000,531 S HARVEY AVE,41.87876327,-87.78101839
16171020330000,535 S HARVEY AVE,41.87869687,-87.78101896
16171020340000,537 S HARVEY AVE,41.8785602,-87.78098566
16171020350000,539 S HARVEY AVE,41.87844581,-87.78098155
16171020360000,543 S HARVEY AVE,41.87834626,-87.78100219
16171020370000,545 S HARVEY AVE,41.87825383,-87.78096342
16171030010000,217 MADISON ST,41.87965621,-87.7805039
16171030090000,510 S HARVEY AVE,41.87944946,-87.78047601
16171030100000,512 S HARVEY AVE,41.8793833,-87.78052604
16171030110000,514 S HARVEY AVE,41.87932051,-87.7805068
16171030120000,518 S HARVEY AVE,41.87922093,-87.78052264
16171030130000,520 S HARVEY AVE,41.87912501,-87.78052827
16171030140000,522 S HARVEY AVE,41.87904016,-87.7805242
16171030150000,524 S HARVEY AVE,41.87897738,-87.78050496
16171030160000,526 S HARVEY AVE,41.87890725,-87.78050047
16171030170000,528 S HARVEY AVE,41.87882242,-87.7805012
16171030190000,532 S HARVEY AVE,41.87872648,-87.78050203
16171030200000,534 S HARVEY AVE,41.87862683,-87.78050288
16171030210000,536 S HARVEY AVE,41.87855322,-87.7805233
16171030220000,538 S HARVEY AVE,41.87848664,-87.78050919
16171030230000,540 S HARVEY AVE,41.87842022,-87.78050466
16171030240000,542 S HARVEY AVE,41.87835738,-87.78047553
16171030250000,544 S HARVEY AVE,41.87826881,-87.7804664
16171030260000,511 S LOMBARD AVE,41.87943901,-87.77995549
16171030270000,515 S LOMBARD AVE,41.87932079,-87.77985125
16171030280000,517 S LOMBARD AVE,41.87925439,-87.77985182
16171030290000,519 S LOMBARD AVE,41.87918427,-87.77984733
16171030300000,521 S LOMBARD AVE,41.87911045,-87.77984797
16171030310000,523 S LOMBARD AVE,41.87905147,-87.77984848
16171030320000,525 S LOMBARD AVE,41.87898136,-87.77984908
16171030330000,527 S LOMBARD AVE,41.87890019,-87.77985967
16171030340000,531 S LOMBARD AVE,41.87877853,-87.77986582
16171030350000,535 S LOMBARD AVE,41.87865309,-87.77987679
16171030360000,537 S LOMBARD AVE,41.87856057,-87.77981824
16171030370000,541 S LOMBARD AVE,41.87846107,-87.77982899
16171030380000,543 S LOMBARD AVE,41.87836513,-87.77982982
16171030390000,545 S LOMBARD AVE,41.87829507,-87.77984031
16171030410000,201 MADISON ST,41.87962068,-87.78002995
16171040350000,123 MADISON ST,41.87952324,-87.77890587
16171050030000,111 MADISON ST,41.87969634,-87.77796038
16171050070000,514 S TAYLOR AVE,41.87932588,-87.77802855
16171050080000,518 S TAYLOR AVE,41.87920113,-87.77802963
16171050090000,520 S TAYLOR AVE,41.87913529,-87.7780302
16171050100000,522 S TAYLOR AVE,41.87903822,-87.77802176
16171050110000,526 S TAYLOR AVE,41.87892382,-87.77801347
16171050120000,528 S TAYLOR AVE,41.8788337,-87.77800961
16171050130000,532 S TAYLOR AVE,41.87874009,-87.77800114
16171050140000,534 S TAYLOR AVE,41.8786293,-87.77802066
16171050160000,540 S TAYLOR AVE,41.87844872,-87.77794334
16171050170000,542 S TAYLOR AVE,41.87837951,-87.7779625
16171050180000,544 S TAYLOR AVE,41.87830671,-87.77795849
16171050220000,511 S LYMAN AVE,41.8795412,-87.77740955
16171050230000,513 S LYMAN AVE,41.87943367,-87.77738729
16171050240000,515 S LYMAN AVE,41.87933673,-87.77740669
16171050250000,519 S LYMAN AVE,41.87923619,-87.77739828
16171050260000,523 S LYMAN AVE,41.87913253,-87.7774595
16171050270000,525 S LYMAN AVE,41.87903858,-87.77738143
16171050280000,527 S LYMAN AVE,41.87894502,-87.77738224
16171050290000,531 S LYMAN AVE,41.8788306,-87.77736931
16171050300000,535 S LYMAN AVE,41.87873018,-87.77738411
16171050310000,537 S LYMAN AVE,41.87862609,-87.77735717
16171050320000,541 S LYMAN AVE,41.87852215,-87.77736271
16171050330000,543 S LYMAN AVE,41.87843203,-87.77735885
16171050340000,545 S LYMAN AVE,41.87832808,-87.77735975
16171050350000,101 MADISON ST,41.87981183,-87.77747681
16171060020000,504 S LYMAN AVE,41.87975542,-87.77678766
16171060050000,512 S LYMAN AVE,41.87944686,-87.77675786
16171060060000,516 S LYMAN AVE,41.87934986,-87.77676334
16171060070000,518 S LYMAN AVE,41.87924597,-87.77677816
16171060080000,522 S LYMAN AVE,41.87914192,-87.77676051
16171060090000,524 S LYMAN AVE,41.87905522,-87.77674734
16171060100000,526 S LYMAN AVE,41.87894087,-87.77674833
16171060110000,530 S LYMAN AVE,41.87884731,-87.77674914
16171060120000,534 S LYMAN AVE,41.87874333,-87.7767454
16171060130000,536 S LYMAN AVE,41.87863935,-87.77674167
16171060140000,540 S LYMAN AVE,41.87853539,-87.77674257
16171060150000,542 S LYMAN AVE,41.8784349,-87.77674344
16171060160000,544 S LYMAN AVE,41.87834171,-87.77675135
16171060190000,511 S HUMPHREY AVE,41.87951003,-87.77619241
16171060200000,513 S HUMPHREY AVE,41.87940599,-87.77617476
16171060210000,517 S HUMPHREY AVE,41.87929857,-87.77617569
16171060220000,519 S HUMPHREY AVE,41.87920149,-87.77616725
16171060230000,523 S HUMPHREY AVE,41.87909056,-87.77615894
16171060240000,527 S HUMPHREY AVE,41.87899007,-87.77615981
16171060250000,529 S HUMPHREY AVE,41.87889302,-87.77615601
16171060290000,541 S HUMPHREY AVE,41.87847708,-87.77613643
16171060300000,545 S HUMPHREY AVE,41.8783767,-87.7761605
16171060330000,539 S HUMPHREY AVE,41.87857757,-87.77613555
16171060340000,533 S HUMPHREY AVE,41.87878209,-87.77614769
16171070030000,15 MADISON ST,41.87964258,-87.77544738
16171070040000,13 MADISON ST,41.87980141,-87.77532999
16171070070000,510 S HUMPHREY AVE,41.87948763,-87.77559258
16171070080000,514 S HUMPHREY AVE,41.879401,-87.77559334
16171070090000,518 S HUMPHREY AVE,41.8793109,-87.77559412
16171070100000,520 S HUMPHREY AVE,41.87922758,-87.77556237
16171070110000,522 S HUMPHREY AVE,41.87915481,-87.775563
16171070120000,524 S HUMPHREY AVE,41.87907511,-87.77556369
16171070130000,526 S HUMPHREY AVE,41.87899194,-87.77556442
16171070140000,528 S HUMPHREY AVE,41.87891229,-87.77557439
16171070150000,530 S HUMPHREY AVE,41.87882579,-87.77560298
16171070160000,536 S HUMPHREY AVE,41.87873916,-87.77560374
16171070170000,538 S HUMPHREY AVE,41.87861758,-87.77554447
16171070180000,540 S HUMPHREY AVE,41.87848937,-87.77554559
16171070190000,544 S HUMPHREY AVE,41.87840614,-87.77553239
16171070200000,12 S AUSTIN BLVD,41.87952919,-87.77496493
16171070210000,16 S AUSTIN BLVD,41.87943577,-87.77499358
16171070220000,18 S AUSTIN BLVD,41.87933136,-87.77503508
16171070240000,22 S AUSTIN BLVD,41.8791756,-87.77498394
16171070250000,26 S AUSTIN BLVD,41.87908848,-87.77497224
16171070260000,30 S AUSTIN BLVD,41.8790018,-87.77496371
16171070290000,108 S AUSTIN BLVD,41.87875577,-87.77496585
16171070300000,110 S AUSTIN BLVD,41.87866916,-87.77497125
16171070310000,112 S AUSTIN BLVD,41.8785997,-87.77493937
16171070320000,114 S AUSTIN BLVD,41.87851649,-87.77493082
16171070330000,10 ADAMS ST,41.87836958,-87.77514493
16171070340000,11 MADISON ST,41.87982156,-87.77518253
16171070350000,3 MADISON ST,41.87983808,-87.77501534
16171070360000,100 S AUSTIN BLVD,41.87891517,-87.77496446
16171070370000,20 S AUSTIN BLVD,41.87925892,-87.7750157
16171080030000,610 S RIDGELAND AVE,41.87758571,-87.78397098
16171090010000,600 S CUYLER AVE,41.87797088,-87.78288359
16171090020000,602 S CUYLER AVE,41.87789113,-87.78291245
16171090030000,604 S CUYLER AVE,41.87782385,-87.78290164
16171090040000,608 S CUYLER AVE,41.87768522,-87.78290852
16171090050000,610 S CUYLER AVE,41.87761789,-87.7829091
16171090060000,612 S CUYLER AVE,41.87754223,-87.78290975
16171090070000,614 S CUYLER AVE,41.87747492,-87.78289354
16171090080000,616 S CUYLER AVE,41.87741187,-87.78288269
16171090090000,618 S CUYLER AVE,41.87734043,-87.7828833
16171090100000,620 S CUYLER AVE,41.87726898,-87.78288392
16171090110000,622 S CUYLER AVE,41.8772101,-87.78288442
16171090120000,624 S CUYLER AVE,41.87713866,-87.78288503
16171090130000,626 S CUYLER AVE,41.87704188,-87.78286338
16171090140000,630 S CUYLER AVE,41.8769325,-87.78285323
16171090150000,632 S CUYLER AVE,41.8768695,-87.78285377
16171090160000,634 S CUYLER AVE,41.87679806,-87.78285438
16171090170000,636 S CUYLER AVE,41.87672662,-87.782855
16171090180000,638 S CUYLER AVE,41.87665507,-87.78285561
16171090190000,640 S CUYLER AVE,41.87659624,-87.78284472
16171090200000,642 S CUYLER AVE,41.87652479,-87.78284534
16171090210000,644 S CUYLER AVE,41.87644515,-87.78289668
16171090220000,601 S HIGHLAND AVE,41.87798419,-87.7821606
16171090230000,603 S HIGHLAND AVE,41.87790438,-87.78215559
16171090240000,605 S HIGHLAND AVE,41.87784142,-87.78218431
16171090250000,607 S HIGHLAND AVE,41.87776575,-87.78218496
16171090260000,611 S HIGHLAND AVE,41.87767339,-87.78220254
16171090270000,613 S HIGHLAND AVE,41.87757675,-87.78220907
16171090280000,615 S HIGHLAND AVE,41.87748843,-87.78220983
16171090290000,617 S HIGHLAND AVE,41.87738751,-87.78218252
16171090300000,621 S HIGHLAND AVE,41.87729074,-87.78218335
16171090310000,623 S HIGHLAND AVE,41.87722352,-87.78218393
16171090320000,625 S HIGHLAND AVE,41.87713952,-87.78218465
16171090330000,629 S HIGHLAND AVE,41.87704277,-87.78216869
16171090340000,631 S HIGHLAND AVE,41.87693772,-87.78218099
16171090350000,633 S HIGHLAND AVE,41.87684098,-87.78216473
16171090360000,637 S HIGHLAND AVE,41.87674009,-87.7821656
16171090370000,639 S HIGHLAND AVE,41.87664886,-87.78241969
16171090390000,643 S HIGHLAND AVE,41.87655924,-87.78215036
16171090400000,645 S HIGHLAND AVE,41.87645825,-87.78212875
16171100010000,600 S HIGHLAND AVE,41.87800207,-87.78173704
16171100020000,602 S HIGHLAND AVE,41.87790148,-87.78170752
16171100040000,610 S HIGHLAND AVE,41.87765752,-87.78164706
16171100050000,612 S HIGHLAND AVE,41.87758191,-87.7816591
16171100060000,614 S HIGHLAND AVE,41.87752313,-87.7816596
16171100070000,616 S HIGHLAND AVE,41.87745569,-87.7816377
16171100080000,618 S HIGHLAND AVE,41.87735491,-87.78163857
16171100090000,620 S HIGHLAND AVE,41.87724991,-87.78166195
16171100100000,624 S HIGHLAND AVE,41.87718269,-87.78166253
16171100110000,626 S HIGHLAND AVE,41.87710681,-87.78161792
16171100120000,630 S HIGHLAND AVE,41.87698926,-87.78166419
16171100130000,632 S HIGHLAND AVE,41.87687772,-87.78172113
16171100170000,642 S HIGHLAND AVE,41.87655619,-87.78162835
16171100180000,648 S HIGHLAND AVE,41.87645953,-87.78162918
16171100190000,601 S HARVEY AVE,41.87799746,-87.7810469
16171100200000,605 S HARVEY AVE,41.8778966,-87.78105347
16171100210000,609 S HARVEY AVE,41.87775578,-87.7809891
16171100220000,611 S HARVEY AVE,41.87765441,-87.78100137
16171100230000,615 S HARVEY AVE,41.87754073,-87.78097417
16171100240000,617 S HARVEY AVE,41.87746085,-87.78097485
16171100250000,619 S HARVEY AVE,41.87738927,-87.78094729
16171100260000,621 S HARVEY AVE,41.87731782,-87.78094791
16171100270000,623 S HARVEY AVE,41.87725915,-87.7809709
16171100320000,631 S HARVEY AVE,41.87696892,-87.78094522
16171100350000,635 S HARVEY AVE,41.87685548,-87.78094619
16171100360000,639 S HARVEY AVE,41.87673779,-87.78094181
16171100370000,641 S HARVEY AVE,41.87664946,-87.78094257
16171100380000,643 S HARVEY AVE,41.87656121,-87.78093763
16171100390000,645 S HARVEY AVE,41.87648133,-87.78093832
16171100400000,627 S HARVEY AVE,41.87716249,-87.78097173
16171100410000,636 S HIGHLAND AVE,41.87675374,-87.78162665
16171100420000,640 S HIGHLAND AVE,41.87664864,-87.78162755
16171100430000,629 S HARVEY AVE,41.87707835,-87.78096676
16171100440000,608 S HIGHLAND AVE,41.87776273,-87.78166863
16171110010000,600 S HARVEY AVE,41.87798371,-87.78043806
16171110020000,604 S HARVEY AVE,41.87787855,-87.78042787
16171110030000,606 S HARVEY AVE,41.87780711,-87.78042849
16171110040000,608 S HARVEY AVE,41.87773566,-87.7804291
16171110050000,612 S HARVEY AVE,41.87759025,-87.78049104
16171110060000,616 S HARVEY AVE,41.87746662,-87.78042003
16171110070000,618 S HARVEY AVE,41.8773994,-87.78042061
16171110080000,620 S HARVEY AVE,41.87732373,-87.78042126
16171110090000,622 S HARVEY AVE,41.87726482,-87.78041608
16171110100000,624 S HARVEY AVE,41.87720182,-87.78041662
16171110110000,626 S HARVEY AVE,41.87711349,-87.78041738
16171110130000,630 S HARVEY AVE,41.87701255,-87.78040716
16171110140000,632 S HARVEY AVE,41.87691589,-87.78040799
16171110150000,634 S HARVEY AVE,41.87686128,-87.78039707
16171110160000,636 S HARVEY AVE,41.87678983,-87.78039769
16171110170000,642 S HARVEY AVE,41.87669296,-87.78037604
16171110180000,644 S HARVEY AVE,41.87660051,-87.78037684
16171110190000,650 S HARVEY AVE,41.87649126,-87.78037208
16171110200000,601 S LOMBARD AVE,41.87803531,-87.77980178
16171110210000,603 S LOMBARD AVE,41.87795118,-87.77979681
16171110220000,605 S LOMBARD AVE,41.87786285,-87.77977509
16171110230000,609 S LOMBARD AVE,41.8777493,-87.77977607
16171110240000,613 S LOMBARD AVE,41.87765263,-87.77977691
16171110250000,615 S LOMBARD AVE,41.87756439,-87.77977197
16171110260000,617 S LOMBARD AVE,41.87748556,-87.77981857
16171110270000,623 S LOMBARD AVE,41.87728818,-87.77980245
16171110280000,625 S LOMBARD AVE,41.87720699,-87.77975827
16171110290000,629 S LOMBARD AVE,41.87704732,-87.77975965
16171110300000,633 S LOMBARD AVE,41.87693388,-87.77976063
16171110310000,639 S LOMBARD AVE,41.87671528,-87.77977361
16171110320000,641 S LOMBARD AVE,41.87664362,-87.77972926
16171110330000,643 S LOMBARD AVE,41.87656381,-87.77972425
16171110340000,645 S LOMBARD AVE,41.87647968,-87.77971928
16171120010000,600 S LOMBARD AVE,41.87801255,-87.77920483
16171120020000,604 S LOMBARD AVE,41.87788782,-87.77921055
16171120030000,608 S LOMBARD AVE,41.8777907,-87.77919283
16171120040000,610 S LOMBARD AVE,41.87770407,-87.77919357
16171120050000,612 S LOMBARD AVE,41.8776313,-87.7791942
16171120060000,614 S LOMBARD AVE,41.87753083,-87.77919971
16171120070000,618 S LOMBARD AVE,41.87741733,-87.77919936
16171120080000,620 S LOMBARD AVE,41.87733491,-87.77918062
16171120090000,624 S LOMBARD AVE,41.87724047,-87.77918143
16171120100000,626 S LOMBARD AVE,41.8771339,-87.77917587
16171120110000,630 S LOMBARD AVE,41.8770322,-87.77917675
16171120120000,634 S LOMBARD AVE,41.87692079,-87.77917122
16171120130000,636 S LOMBARD AVE,41.87682873,-87.77916229
16171120140000,638 S LOMBARD AVE,41.87673674,-87.77916633
16171120150000,640 S LOMBARD AVE,41.87666652,-87.77916694
16171120160000,642 S LOMBARD AVE,41.87659372,-87.77913514
16171120170000,644 S LOMBARD AVE,41.87650862,-87.77919746
16171120180000,601 S TAYLOR AVE,41.87806119,-87.77851305
16171120190000,603 S TAYLOR AVE,41.87797453,-87.77850917
16171120200000,605 S TAYLOR AVE,41.87791904,-87.77850036
16171120210000,607 S TAYLOR AVE,41.8778532,-87.77850093
16171120220000,609 S TAYLOR AVE,41.87776313,-87.77850635
16171120240000,611 S TAYLOR AVE,41.87762452,-87.77850755
16171120250000,615 S TAYLOR AVE,41.87753098,-87.778513
16171120260000,619 S TAYLOR AVE,41.87746,-87.7785084
16171120270000,621 S TAYLOR AVE,41.87736792,-87.77849623
16171120280000,625 S TAYLOR AVE,41.87722994,-87.77850391
16171120290000,627 S TAYLOR AVE,41.87715976,-87.77851424
16171120300000,629 S TAYLOR AVE,41.87708937,-87.77847919
16171120310000,631 S TAYLOR AVE,41.87701914,-87.77847655
16171120320000,635 S TAYLOR AVE,41.8769295,-87.7784676
16171120330000,637 S TAYLOR AVE,41.87681331,-87.77847509
16171120350000,641 S TAYLOR AVE,41.87668249,-87.77846325
16171120370000,647 S TAYLOR AVE,41.87653494,-87.77849695
16171130010000,600 S TAYLOR AVE,41.87804123,-87.77797007
16171130020000,604 S TAYLOR AVE,41.87795807,-87.77797079
16171130030000,606 S TAYLOR AVE,41.8778749,-87.77797151
16171130040000,608 S TAYLOR AVE,41.87778483,-87.77797693
16171130050000,610 S TAYLOR AVE,41.87770164,-87.77797301
16171130060000,612 S TAYLOR AVE,41.87761146,-87.77795523
16171130070000,616 S TAYLOR AVE,41.8775178,-87.77793748
16171130080000,618 S TAYLOR AVE,41.8774138,-87.77796752
16171130090000,622 S TAYLOR AVE,41.87732658,-87.77795855
16171130100000,624 S TAYLOR AVE,41.87722237,-87.77794
16171130110000,628 S TAYLOR AVE,41.87713042,-87.77795376
16171130120000,630 S TAYLOR AVE,41.87703842,-87.7779578
16171130130000,632 S TAYLOR AVE,41.87694625,-87.77792618
16171130150000,634 S TAYLOR AVE,41.87682424,-87.77794164
16171130160000,638 S TAYLOR AVE,41.87668481,-87.77794141
16171130170000,644 S TAYLOR AVE,41.87660476,-87.77791292
16171130180000,648 S TAYLOR AVE,41.87651759,-87.77791368
16171130190000,601 S LYMAN AVE,41.87804516,-87.77734828
16171130200000,605 S LYMAN AVE,41.87792727,-87.77733538
16171130210000,607 S LYMAN AVE,41.87781634,-87.77732707
16171130220000,611 S LYMAN AVE,41.87770196,-87.77732342
16171130230000,615 S LYMAN AVE,41.87759787,-87.77729648
16171130240000,617 S LYMAN AVE,41.87748572,-87.77731846
16171130250000,621 S LYMAN AVE,41.87737184,-87.77730324
16171130260000,627 S LYMAN AVE,41.87726046,-87.7773042
16171130270000,629 S LYMAN AVE,41.87715631,-87.77729862
16171130280000,633 S LYMAN AVE,41.87704738,-87.77730605
16171130290000,637 S LYMAN AVE,41.87693354,-87.77730055
16171130300000,639 S LYMAN AVE,41.87683414,-87.77727548
16171130310000,641 S LYMAN AVE,41.87672276,-87.77727644
16171130320000,643 S LYMAN AVE,41.87662589,-87.77727404
16171130330000,645 S LYMAN AVE,41.87654112,-87.77727153
16171140010000,600 S LYMAN AVE,41.87804434,-87.77673146
16171140020000,604 S LYMAN AVE,41.87793358,-87.77676026
16171140030000,610 S LYMAN AVE,41.87782967,-87.77677044
16171140040000,612 S LYMAN AVE,41.87770834,-87.77676221
16171140050000,616 S LYMAN AVE,41.87761825,-87.77676299
16171140060000,620 S LYMAN AVE,41.87749269,-87.77674113
16171140070000,622 S LYMAN AVE,41.87737893,-87.77675184
16171140080000,626 S LYMAN AVE,41.87726986,-87.77673009
16171140090000,630 S LYMAN AVE,41.87715598,-87.77671487
16171140100000,632 S LYMAN AVE,41.87706161,-87.77672866
16171140110000,634 S LYMAN AVE,41.8769623,-87.77672304
16171140120000,638 S LYMAN AVE,41.87686782,-87.77671413
16171140130000,640 S LYMAN AVE,41.87676612,-87.77671501
16171140140000,642 S LYMAN AVE,41.87666932,-87.77672558
16171140150000,646 S LYMAN AVE,41.87655523,-87.77666821
16171140160000,601 S HUMPHREY AVE,41.87805188,-87.77612939
16171140170000,605 S HUMPHREY AVE,41.87793744,-87.77611182
16171140180000,609 S HUMPHREY AVE,41.87783346,-87.77610808
16171140190000,611 S HUMPHREY AVE,41.87772951,-87.77610899
16171140200000,615 S HUMPHREY AVE,41.87764285,-87.7761051
16171140210000,617 S HUMPHREY AVE,41.8775283,-87.77609563
16171140220000,619 S HUMPHREY AVE,41.8774484,-87.77609632
16171140230000,621 S HUMPHREY AVE,41.877354,-87.77610363
16171140240000,627 S HUMPHREY AVE,41.87724497,-87.7760916
16171140250000,629 S HUMPHREY AVE,41.87714339,-87.77611518
16171140260000,635 S HUMPHREY AVE,41.87697614,-87.77608097
16171140270000,637 S HUMPHREY AVE,41.87685016,-87.7760691
16171140280000,641 S HUMPHREY AVE,41.87672914,-87.77607987
16171140290000,645 S HUMPHREY AVE,41.87663469,-87.77607745
16171140300000,647 S HUMPHREY AVE,41.87654262,-87.77606528
16171150010000,600 S HUMPHREY AVE,41.87807105,-87.77552574
16171150020000,604 S HUMPHREY AVE,41.87798441,-87.77552649
16171150030000,606 S HUMPHREY AVE,41.87790471,-87.77552719
16171150040000,610 S HUMPHREY AVE,41.87780769,-87.77552803
16171150050000,612 S HUMPHREY AVE,41.8777072,-87.77552891
16171150060000,616 S HUMPHREY AVE,41.87760666,-87.7755205
16171150070000,618 S HUMPHREY AVE,41.87750366,-87.77552538
16171150080000,620 S HUMPHREY AVE,41.87740918,-87.77551648
16171150090000,624 S HUMPHREY AVE,41.87731719,-87.77552052
16171150100000,626 S HUMPHREY AVE,41.87723002,-87.77552128
16171150110000,630 S HUMPHREY AVE,41.87712104,-87.77551898
16171150120000,632 S HUMPHREY AVE,41.87698296,-87.77550721
16171150130000,636 S HUMPHREY AVE,41.87687873,-87.77548542
16171150140000,640 S HUMPHREY AVE,41.87674318,-87.77549633
16171150150000,644 S HUMPHREY AVE,41.87665117,-87.77549713
16171150160000,646 S HUMPHREY AVE,41.87656152,-87.77548494
16171150170000,128 S AUSTIN BLVD,41.87811318,-87.77492682
16171150180000,130 S AUSTIN BLVD,41.87803351,-87.77493215
16171150190000,132 S AUSTIN BLVD,41.87797571,-87.77484474
16171150200000,136 S AUSTIN BLVD,41.87787062,-87.77492893
16171150210000,138 S AUSTIN BLVD,41.87779447,-87.77494815
16171150220000,140 S AUSTIN BLVD,41.87770445,-87.77496286
16171150230000,142 S AUSTIN BLVD,41.87760382,-87.7749359
16171150240000,204 S AUSTIN BLVD,41.8774983,-87.77491914
16171150250000,208 S AUSTIN BLVD,41.87737493,-87.77494615
16171150260000,212 S AUSTIN BLVD,41.87725361,-87.77489533
16171150270000,216 S AUSTIN BLVD,41.87711066,-87.77487712
16171150280000,220 S AUSTIN BLVD,41.87698967,-87.77489439
16171150290000,224 S AUSTIN BLVD,41.87685173,-87.7749118
16171160020000,700 S RIDGELAND AVE,41.87607901,-87.78400125
16171160040000,708 S RIDGELAND AVE,41.87590918,-87.78408947
16171160050000,710 S RIDGELAND AVE,41.87582908,-87.78404519
16171160060000,714 S RIDGELAND AVE,41.87575763,-87.7840458
16171160070000,716 S RIDGELAND AVE,41.87567363,-87.78404652
16171160080000,718 S RIDGELAND AVE,41.87555587,-87.78404753
16171160090000,720 S RIDGELAND AVE,41.87548864,-87.7840481
16171160100000,722 S RIDGELAND AVE,41.8754172,-87.78404872
16171160110000,724 S RIDGELAND AVE,41.87534154,-87.78404936
16171160120000,726 S RIDGELAND AVE,41.87527848,-87.78403851
16171160130000,728 S RIDGELAND AVE,41.87518229,-87.78400966
16171160140000,732 S RIDGELAND AVE,41.87508141,-87.78401052
16171160150000,734 S RIDGELAND AVE,41.87498474,-87.78401135
16171160160000,738 S RIDGELAND AVE,41.87490074,-87.78401207
16171160170000,740 S RIDGELAND AVE,41.87480408,-87.7840129
16171160180000,742 S RIDGELAND AVE,41.87470311,-87.78399698
16171160190000,746 S RIDGELAND AVE,41.87460647,-87.7840035
16171160310000,729 S CUYLER AVE,41.87522307,-87.78337015
16171160320000,731 S CUYLER AVE,41.87515163,-87.78337076
16171160330000,733 S CUYLER AVE,41.87507602,-87.78338251
16171160340000,737 S CUYLER AVE,41.87499191,-87.78336074
16171160350000,739 S CUYLER AVE,41.87490358,-87.7833615
16171160360000,741 S CUYLER AVE,41.87481114,-87.78336229
16171160370000,743 S CUYLER AVE,41.87473126,-87.78336298
16171160380000,747 S CUYLER AVE,41.87465164,-87.78339753
16171160410000,727 S CUYLER AVE,41.87530238,-87.78339885
16171170050000,728 S CUYLER AVE,41.87520467,-87.78278609
16171170060000,730 S CUYLER AVE,41.87511212,-87.78278689
16171170070000,732 S CUYLER AVE,41.87504912,-87.78278743
16171170080000,734 S CUYLER AVE,41.87495659,-87.78277113
16171170090000,738 S CUYLER AVE,41.87487668,-87.78276612
16171170100000,740 S CUYLER AVE,41.87479677,-87.78276141
16171170180000,727 S HIGHLAND AVE,41.87527059,-87.78214333
16171170190000,729 S HIGHLAND AVE,41.875183,-87.7821258
16171170200000,733 S HIGHLAND AVE,41.87508206,-87.78211557
16171170210000,737 S HIGHLAND AVE,41.87496018,-87.78211662
16171170220000,739 S HIGHLAND AVE,41.87487183,-87.78211168
16171170230000,743 S HIGHLAND AVE,41.87477094,-87.78211255
16171170240000,747 S HIGHLAND AVE,41.87463663,-87.78214188
16171170250000,742 S CUYLER AVE,41.87470011,-87.78276224
16171170260000,744 S CUYLER AVE,41.87460774,-87.78277982
16171170280000,715 S HIGHLAND AVE,41.87581188,-87.78230809
16171180010000,700 S HIGHLAND AVE,41.87618826,-87.78165649
16171180020000,702 S HIGHLAND AVE,41.87614041,-87.78166169
16171180030000,704 S HIGHLAND AVE,41.87606067,-87.78161647
16171180050000,708 S HIGHLAND AVE,41.87595135,-87.78161741
16171180060000,710 S HIGHLAND AVE,41.87585107,-87.78163102
16171180080000,714 S HIGHLAND AVE,41.8756993,-87.781588
16171180090000,718 S HIGHLAND AVE,41.87559847,-87.78159996
16171180100000,720 S HIGHLAND AVE,41.87549211,-87.78159761
16171180110000,722 S HIGHLAND AVE,41.8754468,-87.78159475
16171180120000,724 S HIGHLAND AVE,41.87537524,-87.78159351
16171180130000,726 S HIGHLAND AVE,41.87529535,-87.7815942
16171180140000,730 S HIGHLAND AVE,41.87521373,-87.78159511
16171180150000,732 S HIGHLAND AVE,41.87511779,-87.78159863
16171180160000,734 S HIGHLAND AVE,41.87503866,-87.78161379
16171180170000,736 S HIGHLAND AVE,41.87496297,-87.78160874
16171180180000,738 S HIGHLAND AVE,41.87489753,-87.78159264
16171180190000,740 S HIGHLAND AVE,41.87483028,-87.78158752
16171180200000,742 S HIGHLAND AVE,41.87472649,-87.78157931
16171180210000,746 S HIGHLAND AVE,41.87463817,-87.78158007
16171180220000,701 S HARVEY AVE,41.87618999,-87.78093178
16171180230000,705 S HARVEY AVE,41.87608011,-87.78092954
16171180240000,707 S HARVEY AVE,41.87599611,-87.78093026
16171180250000,709 S HARVEY AVE,41.875933,-87.7809308
16171180260000,715 S HARVEY AVE,41.8758166,-87.78092543
16171180270000,717 S HARVEY AVE,41.87571912,-87.78091335
16171180280000,721 S HARVEY AVE,41.87552155,-87.78090936
16171180290000,725 S HARVEY AVE,41.87540706,-87.78091905
16171180300000,729 S HARVEY AVE,41.87530228,-87.78087533
16171180320000,735 S HARVEY AVE,41.87504065,-87.78088432
16171180330000,737 S HARVEY AVE,41.8749692,-87.78088494
16171180340000,739 S HARVEY AVE,41.87489776,-87.78088555
16171180350000,741 S HARVEY AVE,41.8748221,-87.78088769
16171180360000,743 S HARVEY AVE,41.87473141,-87.7808702
16171180370000,747 S HARVEY AVE,41.87466002,-87.7808819
16171180380000,731 S HARVEY AVE,41.8752016,-87.78091764
16171180390000,733 S HARVEY AVE,41.87510054,-87.78088277
16171190010000,700 S HARVEY AVE,41.87619758,-87.78037143
16171190020000,704 S HARVEY AVE,41.87607147,-87.78037251
16171190030000,710 S HARVEY AVE,41.87597061,-87.78037908
16171190060000,714 S HARVEY AVE,41.87575629,-87.78038093
16171190090000,720 S HARVEY AVE,41.87557119,-87.78036004
16171190100000,722 S HARVEY AVE,41.87546605,-87.78035525
16171190110000,726 S HARVEY AVE,41.87536108,-87.78036185
16171190120000,728 S HARVEY AVE,41.87526853,-87.78036265
16171190130000,730 S HARVEY AVE,41.87518082,-87.78035669
16171190140000,734 S HARVEY AVE,41.8750773,-87.78038042
16171190150000,736 S HARVEY AVE,41.87497395,-87.78036538
16171190160000,740 S HARVEY AVE,41.87486999,-87.78035671
16171190170000,742 S HARVEY AVE,41.87477758,-87.7803632
16171190180000,746 S HARVEY AVE,41.87466354,-87.78026287
16171190190000,701 S LOMBARD AVE,41.87622939,-87.77972928
16171190200000,705 S LOMBARD AVE,41.87606881,-87.77971531
16171190210000,709 S LOMBARD AVE,41.87595132,-87.77972016
16171190220000,711 S LOMBARD AVE,41.87585673,-87.77972098
16171190230000,715 S LOMBARD AVE,41.87576217,-87.77972563
16171190240000,717 S LOMBARD AVE,41.87566753,-87.77971494
16171190250000,721 S LOMBARD AVE,41.87556431,-87.77970815
16171190260000,723 S LOMBARD AVE,41.87547546,-87.77970892
16171190270000,729 S LOMBARD AVE,41.87538089,-87.77971357
16171190280000,733 S LOMBARD AVE,41.87526625,-87.77971456
16171190290000,735 S LOMBARD AVE,41.87515733,-87.7797155
16171190310000,743 S LOMBARD AVE,41.87485618,-87.77967589
16171190320000,745 S LOMBARD AVE,41.87476727,-87.77966514
16171190330000,747 S LOMBARD AVE,41.874659,-87.77969873
16171190340000,739 S LOMBARD AVE,41.87502828,-87.77970126
16171190350000,741 S LOMBARD AVE,41.87494229,-87.77970201
16171190360000,718 S HARVEY AVE,41.8756511,-87.78036504
16171190370000,712 S HARVEY AVE,41.87586129,-87.78038002
16171200010000,700 S LOMBARD AVE,41.87619412,-87.77910645
16171200020000,704 S LOMBARD AVE,41.87610478,-87.77915909
16171200030000,706 S LOMBARD AVE,41.87603454,-87.77914763
16171200040000,708 S LOMBARD AVE,41.87595993,-87.77912908
16171200050000,712 S LOMBARD AVE,41.87585392,-87.77913768
16171200060000,714 S LOMBARD AVE,41.87577071,-87.77911921
16171200070000,716 S LOMBARD AVE,41.87566177,-87.77911631
16171200080000,720 S LOMBARD AVE,41.87554716,-87.77912498
16171200100000,724 S LOMBARD AVE,41.87542684,-87.77913753
16171200110000,726 S LOMBARD AVE,41.87534934,-87.77911517
16171200120000,728 S LOMBARD AVE,41.8752749,-87.77913117
16171200130000,730 S LOMBARD AVE,41.87520313,-87.77910876
16171200140000,736 S LOMBARD AVE,41.87509708,-87.77910968
16171200150000,738 S LOMBARD AVE,41.8749968,-87.77911822
16171200160000,740 S LOMBARD AVE,41.8748734,-87.77908598
16171200170000,742 S LOMBARD AVE,41.87478739,-87.77908289
16171200180000,744 S LOMBARD AVE,41.87466981,-87.77906855
16171200190000,701 S TAYLOR AVE,41.87620087,-87.7784999
16171200200000,705 S TAYLOR AVE,41.87610383,-87.77846232
16171200210000,709 S TAYLOR AVE,41.87594523,-87.77845886
16171200220000,715 S TAYLOR AVE,41.87580758,-87.77844469
16171200230000,717 S TAYLOR AVE,41.87571586,-87.77844549
16171200240000,721 S TAYLOR AVE,41.87562414,-87.77844628
16171200250000,723 S TAYLOR AVE,41.87551808,-87.77844336
16171200260000,725 S TAYLOR AVE,41.87543218,-87.77846329
16171200270000,727 S TAYLOR AVE,41.87535768,-87.77846778
16171200280000,729 S TAYLOR AVE,41.8752886,-87.77840697
16171200290000,731 S TAYLOR AVE,41.87520564,-87.77844223
16171200300000,733 S TAYLOR AVE,41.87510818,-87.77843923
16171200310000,737 S TAYLOR AVE,41.87501071,-87.77843624
16171200320000,739 S TAYLOR AVE,41.87491315,-87.77841406
16171200330000,743 S TAYLOR AVE,41.87480137,-87.77841502
16171200340000,745 S TAYLOR AVE,41.87468959,-87.77841599
16171210010000,700 S TAYLOR AVE,41.87624652,-87.7779324
16171210020000,704 S TAYLOR AVE,41.87615935,-87.77793316
16171210030000,706 S TAYLOR AVE,41.87606251,-87.77793724
16171210040000,708 S TAYLOR AVE,41.8759802,-87.77788569
16171210050000,712 S TAYLOR AVE,41.87584124,-87.77789314
16171210060000,716 S TAYLOR AVE,41.87573133,-87.77795339
16171210070000,720 S TAYLOR AVE,41.87556218,-87.77787949
16171210090000,724 S TAYLOR AVE,41.87542993,-87.77789729
16171210100000,726 S TAYLOR AVE,41.87536062,-87.77788963
16171210110000,728 S TAYLOR AVE,41.87528787,-87.77785572
16171210120000,730 S TAYLOR AVE,41.87520913,-87.77787618
16171210130000,732 S TAYLOR AVE,41.87511451,-87.77786932
16171210140000,736 S TAYLOR AVE,41.87501992,-87.77787014
16171210150000,738 S TAYLOR AVE,41.8749081,-87.77786343
16171210170000,742 S TAYLOR AVE,41.87480213,-87.7778797
16171210180000,744 S TAYLOR AVE,41.87469889,-87.77786908
16171210190000,701 S LYMAN AVE,41.87624831,-87.77729358
16171210200000,705 S LYMAN AVE,41.87615136,-87.77727497
16171210210000,709 S LYMAN AVE,41.8760447,-87.77726638
16171210220000,711 S LYMAN AVE,41.87593898,-87.77726799
16171210230000,715 S LYMAN AVE,41.8758449,-87.777272
16171210240000,717 S LYMAN AVE,41.87574159,-87.77724603
16171210250000,719 S LYMAN AVE,41.87563842,-87.77725076
16171210260000,723 S LYMAN AVE,41.87553807,-87.77724395
16171210270000,727 S LYMAN AVE,41.87542916,-87.7772449
16171210280000,729 S LYMAN AVE,41.87532601,-87.77725347
16171210290000,733 S LYMAN AVE,41.87523424,-87.77724275
16171210300000,735 S LYMAN AVE,41.87512819,-87.77724367
16171210310000,737 S LYMAN AVE,41.87500365,-87.77726134
16171210320000,741 S LYMAN AVE,41.87487885,-87.77724967
16171210330000,745 S LYMAN AVE,41.8747977,-87.77725681
16171210340000,747 S LYMAN AVE,41.87470402,-87.77725118
16171220010000,700 S LYMAN AVE,41.87625735,-87.77665162
16171220020000,704 S LYMAN AVE,41.87614836,-87.77664608
16171220030000,706 S LYMAN AVE,41.87606362,-87.77665006
16171220040000,710 S LYMAN AVE,41.87596854,-87.77666138
16171220050000,712 S LYMAN AVE,41.87586527,-87.77664309
16171220060000,714 S LYMAN AVE,41.87576778,-87.77663626
16171220070000,718 S LYMAN AVE,41.87567606,-87.77663706
16171220080000,720 S LYMAN AVE,41.87557861,-87.7766379
16171220090000,722 S LYMAN AVE,41.87548688,-87.77663486
16171220100000,726 S LYMAN AVE,41.87539237,-87.77665103
16171220110000,728 S LYMAN AVE,41.87529492,-87.77665188
16171220120000,732 S LYMAN AVE,41.87520019,-87.776622
16171220130000,734 S LYMAN AVE,41.87510274,-87.77662284
16171220140000,736 S LYMAN AVE,41.87501962,-87.77662356
16171220150000,740 S LYMAN AVE,41.87492219,-87.77662825
16171220160000,742 S LYMAN AVE,41.87481606,-87.77661382
16171220170000,746 S LYMAN AVE,41.87472146,-87.7766108
16171220180000,701 S HUMPHREY AVE,41.87625447,-87.77605845
16171220190000,705 S HUMPHREY AVE,41.87615517,-87.77605282
16171220200000,707 S HUMPHREY AVE,41.87606557,-87.7760536
16171220210000,711 S HUMPHREY AVE,41.87596838,-87.77603714
16171220220000,713 S HUMPHREY AVE,41.87585951,-87.77604576
16171220230000,715 S HUMPHREY AVE,41.87575348,-87.77605052
16171220240000,719 S HUMPHREY AVE,41.87563874,-87.77603233
16171220250000,721 S HUMPHREY AVE,41.87555284,-87.77605226
16171220260000,725 S HUMPHREY AVE,41.87545534,-87.7760416
16171220270000,729 S HUMPHREY AVE,41.87535493,-87.77602328
16171220280000,731 S HUMPHREY AVE,41.8752489,-87.77602804
16171220290000,735 S HUMPHREY AVE,41.87513706,-87.7760175
16171220300000,737 S HUMPHREY AVE,41.8750395,-87.77599532
16171220310000,741 S HUMPHREY AVE,41.87493062,-87.77600394
16171220330000,745 S HUMPHREY AVE,41.87481305,-87.77599345
16171220340000,747 S HUMPHREY AVE,41.87470429,-87.7760251
16171230010000,700 S HUMPHREY AVE,41.87627557,-87.77543237
16171230020000,704 S HUMPHREY AVE,41.87618851,-87.77545582
16171230030000,706 S HUMPHREY AVE,41.87608441,-87.77545996
16171230040000,710 S HUMPHREY AVE,41.87599035,-87.77544712
16171230050000,712 S HUMPHREY AVE,41.87588999,-87.77544031
16171230060000,714 S HUMPHREY AVE,41.87580113,-87.77543797
16171230070000,718 S HUMPHREY AVE,41.87570086,-87.77544137
16171230080000,720 S HUMPHREY AVE,41.87560913,-87.77544731
16171230090000,724 S HUMPHREY AVE,41.8755001,-87.77542523
16171230100000,726 S HUMPHREY AVE,41.87540833,-87.77541452
16171230110000,728 S HUMPHREY AVE,41.87531088,-87.77541537
16171230120000,732 S HUMPHREY AVE,41.87521918,-87.77542
16171230130000,734 S HUMPHREY AVE,41.87512746,-87.7754208
16171230140000,736 S HUMPHREY AVE,41.87503859,-87.77541774
16171230150000,740 S HUMPHREY AVE,41.87493303,-87.77541794
16171230160000,742 S HUMPHREY AVE,41.87483604,-87.77541494
16171230170000,746 S HUMPHREY AVE,41.87473559,-87.7753883
16171230180000,300 S AUSTIN BLVD,41.87626059,-87.77482627
16171230190000,306 S AUSTIN BLVD,41.87611518,-87.7748016
16171230200000,310 S AUSTIN BLVD,41.87599121,-87.77481579
16171230210000,314 S AUSTIN BLVD,41.87587251,-87.77476274
16171230220000,320 S AUSTIN BLVD,41.87569549,-87.7747583
16171230230000,322 S AUSTIN BLVD,41.87561079,-87.77476584
16171230240000,326 S AUSTIN BLVD,41.87544076,-87.77475417
16171230250000,10 VAN BUREN ST,41.87471748,-87.77483087
16171240010000,800 S RIDGELAND AVE,41.87433555,-87.78398584
16171240020000,804 S RIDGELAND AVE,41.87423044,-87.78398674
16171240030000,806 S RIDGELAND AVE,41.87413037,-87.78404539
16171240040000,810 S RIDGELAND AVE,41.87396981,-87.78397189
16171240050000,818 S RIDGELAND AVE,41.8738479,-87.78396724
16171240060000,820 S RIDGELAND AVE,41.87377223,-87.78396789
16171240070000,822 S RIDGELAND AVE,41.87366483,-87.78398572
16171240080000,824 S RIDGELAND AVE,41.87356213,-87.78399247
16171240090000,826 S RIDGELAND AVE,41.87345684,-87.7839538
16171240100000,828 S RIDGELAND AVE,41.87336148,-87.78395781
16171240120000,834 S RIDGELAND AVE,41.87326057,-87.78395297
16171240130000,836 S RIDGELAND AVE,41.8731638,-87.78393132
16171240140000,801 S CUYLER AVE,41.87435348,-87.7833439
16171240150000,803 S CUYLER AVE,41.87426103,-87.7833447
16171240160000,805 S CUYLER AVE,41.8741769,-87.78333972
16171240170000,807 S CUYLER AVE,41.87409702,-87.78334041
16171240180000,809 S CUYLER AVE,41.87401296,-87.78333004
16171240190000,815 S CUYLER AVE,41.87392466,-87.78333649
16171240200000,817 S CUYLER AVE,41.87384485,-87.78333148
16171240210000,819 S CUYLER AVE,41.87376494,-87.78332647
16171240220000,821 S CUYLER AVE,41.87368925,-87.78332142
16171240230000,823 S CUYLER AVE,41.87360947,-87.78334459
16171240240000,825 S CUYLER AVE,41.87352109,-87.78331177
16171240250000,827 S CUYLER AVE,41.87343699,-87.78331249
16171240260000,829 S CUYLER AVE,41.87336554,-87.78331311
16171240270000,831 S CUYLER AVE,41.87326452,-87.7832858
16171240280000,833 S CUYLER AVE,41.87316818,-87.78335407
16171240290000,344 HARRISON ST,41.87275382,-87.78385806
16171240320000,336 HARRISON ST,41.87276145,-87.78343849
16171240330000,334 HARRISON ST,41.87276263,-87.78337322
16171240340000,332 HARRISON ST,41.87286593,-87.78324977
16171240350000,340 HARRISON ST,41.87285979,-87.78372256
16171240360000,338 HARRISON ST,41.8728631,-87.78353681
16171250010000,800 S CUYLER AVE,41.87433567,-87.78276849
16171250020000,804 S CUYLER AVE,41.87421387,-87.78278632
16171250030000,806 S CUYLER AVE,41.87414235,-87.78277015
16171250040000,808 S CUYLER AVE,41.8740919,-87.78277058
16171250050000,810 S CUYLER AVE,41.87399518,-87.78276002
16171250060000,814 S CUYLER AVE,41.87388593,-87.78275526
16171250070000,818 S CUYLER AVE,41.87378505,-87.78275613
16171250080000,820 S CUYLER AVE,41.87368416,-87.78275699
16171250090000,822 S CUYLER AVE,41.87358328,-87.78275786
16171250100000,826 S CUYLER AVE,41.87347817,-87.78275876
16171250110000,830 S CUYLER AVE,41.8733771,-87.78272036
16171250120000,832 S CUYLER AVE,41.87327638,-87.7827548
16171250130000,834 S CUYLER AVE,41.87317549,-87.78275566
16171250140000,836 S CUYLER AVE,41.87307038,-87.78273408
16171250150000,840 S CUYLER AVE,41.87296538,-87.78275747
16171250160000,842 S CUYLER AVE,41.87286431,-87.78271907
16171250170000,844 S CUYLER AVE,41.8727763,-87.78276478
16171250180000,801 S HIGHLAND AVE,41.87435784,-87.78213221
16171250190000,803 S HIGHLAND AVE,41.87429062,-87.78213278
16171250200000,805 S HIGHLAND AVE,41.8742024,-87.78213354
16171250210000,809 S HIGHLAND AVE,41.87410149,-87.78212871
16171250220000,811 S HIGHLAND AVE,41.87400044,-87.78209571
16171250230000,815 S HIGHLAND AVE,41.87389958,-87.78210227
16171250240000,817 S HIGHLAND AVE,41.87378611,-87.78209755
16171250250000,821 S HIGHLAND AVE,41.87368932,-87.78209299
16171250260000,823 S HIGHLAND AVE,41.87358854,-87.78209385
16171250270000,825 S HIGHLAND AVE,41.87349593,-87.78208326
16171250280000,827 S HIGHLAND AVE,41.87339093,-87.78208416
16171250290000,831 S HIGHLAND AVE,41.87326899,-87.78207412
16171250300000,835 S HIGHLAND AVE,41.87317223,-87.78207495
16171250310000,839 S HIGHLAND AVE,41.87307556,-87.78207578
16171250320000,841 S HIGHLAND AVE,41.87297468,-87.78207665
16171250330000,843 S HIGHLAND AVE,41.87287799,-87.78207178
16171250340000,845 S HIGHLAND AVE,41.87279818,-87.78206677
16171260010000,800 S HIGHLAND AVE,41.87437458,-87.78160617
16171260020000,802 S HIGHLAND AVE,41.87429892,-87.78160682
16171260030000,804 S HIGHLAND AVE,41.8742106,-87.78160758
16171260040000,806 S HIGHLAND AVE,41.87413485,-87.78159145
16171260050000,810 S HIGHLAND AVE,41.87405085,-87.78159217
16171260060000,812 S HIGHLAND AVE,41.87396674,-87.78159289
16171260070000,814 S HIGHLAND AVE,41.87388274,-87.78159362
16171260080000,816 S HIGHLAND AVE,41.87379442,-87.78159438
16171260090000,820 S HIGHLAND AVE,41.87371875,-87.78159503
16171260100000,822 S HIGHLAND AVE,41.87362623,-87.78157874
16171260110000,824 S HIGHLAND AVE,41.87354634,-87.78157942
16171260120000,826 S HIGHLAND AVE,41.8734706,-87.78156329
16171260130000,828 S HIGHLAND AVE,41.87340338,-87.78156387
16171260140000,832 S HIGHLAND AVE,41.87328144,-87.78155353
16171260150000,834 S HIGHLAND AVE,41.87318477,-87.78155436
16171260160000,838 S HIGHLAND AVE,41.87307547,-87.78156099
16171260170000,840 S HIGHLAND AVE,41.87297878,-87.78155613
16171260180000,842 S HIGHLAND AVE,41.8728779,-87.781557
16171260190000,844 S HIGHLAND AVE,41.87279801,-87.7815352
16171260200000,801 S HARVEY AVE,41.87436026,-87.78087726
16171260210000,805 S HARVEY AVE,41.87422576,-87.78086733
16171260220000,811 S HARVEY AVE,41.87409546,-87.78087385
16171260240000,813 S HARVEY AVE,41.87398665,-87.78087075
16171260250000,815 S HARVEY AVE,41.87388577,-87.78087162
16171260260000,819 S HARVEY AVE,41.87375072,-87.78086003
16171260270000,823 S HARVEY AVE,41.87364559,-87.78085524
16171260280000,825 S HARVEY AVE,41.87354462,-87.78083932
16171260290000,827 S HARVEY AVE,41.8734564,-87.78084008
16171260300000,831 S HARVEY AVE,41.87335129,-87.78084099
16171260320000,835 S HARVEY AVE,41.8732336,-87.7808363
16171260330000,837 S HARVEY AVE,41.87314106,-87.7808371
16171260340000,841 S HARVEY AVE,41.87304027,-87.78083797
16171260350000,843 S HARVEY AVE,41.8729267,-87.78083325
16171260360000,845 S HARVEY AVE,41.87283001,-87.78082869
16171270010000,800 S HARVEY AVE,41.87436459,-87.78029179
16171270020000,804 S HARVEY AVE,41.87425523,-87.78028734
16171270030000,808 S HARVEY AVE,41.87411657,-87.78028853
16171270040000,810 S HARVEY AVE,41.87403254,-87.78028356
16171270050000,814 S HARVEY AVE,41.87393165,-87.78028443
16171270080000,820 S HARVEY AVE,41.87370883,-87.78027496
16171270100000,824 S HARVEY AVE,41.87358267,-87.78026496
16171270110000,826 S HARVEY AVE,41.873507,-87.78026561
16171270120000,828 S HARVEY AVE,41.87343556,-87.78026623
16171270130000,832 S HARVEY AVE,41.87330948,-87.78027301
16171270140000,834 S HARVEY AVE,41.87322903,-87.78026937
16171270170000,840 S HARVEY AVE,41.87301814,-87.78026328
16171270180000,226 HARRISON ST,41.87279797,-87.78039689
16171270190000,801 S LOMBARD AVE,41.87440384,-87.77969563
16171270200000,803 S LOMBARD AVE,41.87433483,-87.77965018
16171270220000,807 S LOMBARD AVE,41.8742145,-87.77966273
16171270230000,811 S LOMBARD AVE,41.87411424,-87.7796751
16171270240000,813 S LOMBARD AVE,41.87402249,-87.77966822
16171270250000,815 S LOMBARD AVE,41.87393926,-87.77964591
16171270260000,817 S LOMBARD AVE,41.87385784,-87.77970535
16171270270000,819 S LOMBARD AVE,41.87376169,-87.77967431
16171270280000,823 S LOMBARD AVE,41.8736556,-87.77966755
16171270290000,827 S LOMBARD AVE,41.87352732,-87.77966367
16171270300000,829 S LOMBARD AVE,41.87341423,-87.77964401
16171270330000,837 S LOMBARD AVE,41.87316703,-87.77959944
16171270340000,839 S LOMBARD AVE,41.87309261,-87.77961927
16171270380000,836 S HARVEY AVE,41.87315383,-87.78025157
16171270390000,833 S LOMBARD AVE,41.87327034,-87.77963244
16171270400000,816 S HARVEY AVE,41.8738433,-87.7802795
16171270490000,200 HARRISON ST,41.87283719,-87.77959607
16171270500000,202 HARRISON ST,41.87283636,-87.77965943
16171270510000,204 HARRISON ST,41.87283572,-87.77970824
16171270520000,208 HARRISON ST,41.87283447,-87.77980323
16171270530000,210 HARRISON ST,41.8728187,-87.77990503
16171280010000,800 S LOMBARD AVE,41.87441467,-87.77907827
16171280020000,806 S LOMBARD AVE,41.87431433,-87.7790753
16171280030000,808 S LOMBARD AVE,41.87421396,-87.77906466
16171280040000,810 S LOMBARD AVE,41.87411082,-87.77907322
16171280050000,812 S LOMBARD AVE,41.87401566,-87.77904718
16171280060000,816 S LOMBARD AVE,41.87393354,-87.77906194
16171280070000,818 S LOMBARD AVE,41.8738256,-87.77906482
16171280080000,822 S LOMBARD AVE,41.87371518,-87.77905492
16171280090000,824 S LOMBARD AVE,41.87361151,-87.77904683
16171280100000,828 S LOMBARD AVE,41.87351979,-87.77904763
16171280110000,830 S LOMBARD AVE,41.87340799,-87.77904476
16171280120000,834 S LOMBARD AVE,41.87330758,-87.77902644
16171280130000,836 S LOMBARD AVE,41.873213,-87.77902725
16171280140000,840 S LOMBARD AVE,41.87310405,-87.77902052
16171280150000,146 HARRISON ST,41.87284855,-87.77905334
16171280160000,144 HARRISON ST,41.87283557,-87.7789682
16171280170000,140 HARRISON ST,41.8728852,-87.77878285
16171280180000,801 S TAYLOR AVE,41.87440942,-87.77838371
16171280190000,803 S TAYLOR AVE,41.8743263,-87.77838443
16171280200000,805 S TAYLOR AVE,41.87426036,-87.77838116
16171280210000,807 S TAYLOR AVE,41.87416574,-87.77837431
16171280220000,811 S TAYLOR AVE,41.8740453,-87.77836384
16171280230000,813 S TAYLOR AVE,41.87395937,-87.77837609
16171280240000,817 S TAYLOR AVE,41.87386776,-87.77839991
16171280250000,819 S TAYLOR AVE,41.87376151,-87.77835862
16171280260000,821 S TAYLOR AVE,41.87366412,-87.77837097
16171280270000,823 S TAYLOR AVE,41.87357233,-87.77835642
16171280280000,829 S TAYLOR AVE,41.87342862,-87.77836657
16171280310000,833 S TAYLOR AVE,41.87331673,-87.77835414
16171280320000,835 S TAYLOR AVE,41.87321495,-87.77834481
16171280330000,839 S TAYLOR AVE,41.87311896,-87.77834629
16171280340000,841 S TAYLOR AVE,41.87301006,-87.77835107
16171280350000,126 HARRISON ST,41.8728471,-87.77825673
16171290010000,800 S TAYLOR AVE,41.87442082,-87.77787003
16171290020000,802 S TAYLOR AVE,41.87434178,-87.77782922
16171290030000,804 S TAYLOR AVE,41.87426326,-87.77788863
16171290050000,806 S TAYLOR AVE,41.87416386,-87.77788695
16171290070000,810 S TAYLOR AVE,41.87405097,-87.77785021
16171290090000,814 S TAYLOR AVE,41.87395354,-87.77785489
16171290100000,816 S TAYLOR AVE,41.87387038,-87.77784793
16171290110000,818 S TAYLOR AVE,41.87378151,-87.77784486
16171290130000,822 S TAYLOR AVE,41.87367258,-87.77784197
16171290140000,824 S TAYLOR AVE,41.87357886,-87.77782997
16171290150000,828 S TAYLOR AVE,41.87346609,-87.7778169
16171290160000,830 S TAYLOR AVE,41.87338585,-87.77782143
16171290170000,832 S TAYLOR AVE,41.87330858,-87.77784512
16171290180000,834 S TAYLOR AVE,41.87323396,-87.77782658
16171290190000,838 S TAYLOR AVE,41.87312494,-87.7778045
16171290200000,840 S TAYLOR AVE,41.87301318,-87.7778093
16171290210000,844 S TAYLOR AVE,41.87289849,-87.77780262
16171290220000,801 S LYMAN AVE,41.87440023,-87.77716988
16171290230000,803 S LYMAN AVE,41.87431713,-87.77717444
16171290240000,807 S LYMAN AVE,41.87421424,-87.77714274
16171290250000,809 S LYMAN AVE,41.87409969,-87.77716292
16171290260000,815 S LYMAN AVE,41.8739936,-87.77715617
16171290270000,817 S LYMAN AVE,41.8738876,-87.7771686
16171290280000,819 S LYMAN AVE,41.87375959,-87.77716776
16171290290000,821 S LYMAN AVE,41.87365631,-87.77714946
16171290300000,825 S LYMAN AVE,41.87355311,-87.77714652
16171290310000,829 S LYMAN AVE,41.87345124,-87.77711859
16171290320000,833 S LYMAN AVE,41.87332992,-87.77712602
16171290330000,835 S LYMAN AVE,41.87320769,-87.77713605
16171290340000,839 S LYMAN AVE,41.87311882,-87.77713298
16171290350000,841 S LYMAN AVE,41.87302422,-87.77712997
16171290360000,108 HARRISON ST,41.87285241,-87.77734469
16171290370000,845 S LYMAN AVE,41.87293535,-87.7770683
16171300010000,800 S LYMAN AVE,41.87441876,-87.77666179
16171300020000,804 S LYMAN AVE,41.87430414,-87.77666662
16171300030000,808 S LYMAN AVE,41.87420665,-87.77665979
16171300040000,810 S LYMAN AVE,41.87410049,-87.77663769
16171300050000,812 S LYMAN AVE,41.87399383,-87.77661305
16171300070000,816 S LYMAN AVE,41.87387131,-87.7766627
16171300080000,820 S LYMAN AVE,41.87376528,-87.77666746
16171300090000,824 S LYMAN AVE,41.87365621,-87.77663771
16171300100000,826 S LYMAN AVE,41.8735559,-87.77663858
16171300110000,830 S LYMAN AVE,41.87345264,-87.77662412
16171300120000,832 S LYMAN AVE,41.87334663,-87.77663213
16171300130000,834 S LYMAN AVE,41.87324051,-87.77661829
16171300140000,836 S LYMAN AVE,41.87313723,-87.7766
16171300150000,842 S LYMAN AVE,41.87303495,-87.77658625
16171300160000,40 HARRISON ST,41.87289147,-87.77650743
16171300170000,801 S HUMPHREY AVE,41.8744244,-87.77595888
16171300180000,805 S HUMPHREY AVE,41.87430962,-87.77593301
16171300190000,811 S HUMPHREY AVE,41.87418065,-87.77593413
16171300200000,815 S HUMPHREY AVE,41.87402866,-87.7759201
16171300210000,817 S HUMPHREY AVE,41.87392273,-87.77594405
16171300220000,819 S HUMPHREY AVE,41.8738448,-87.77592554
16171300230000,821 S HUMPHREY AVE,41.87377311,-87.77591848
16171300240000,825 S HUMPHREY AVE,41.87363265,-87.77591587
16171300250000,829 S HUMPHREY AVE,41.87349027,-87.77590943
16171300260000,833 S HUMPHREY AVE,41.87335595,-87.77589908
16171300270000,837 S HUMPHREY AVE,41.87320206,-87.77588318
16171300280000,841 S HUMPHREY AVE,41.87308468,-87.77591107
16171300300000,36 HARRISON ST,41.8728947,-87.77604908
16171310010000,800 S HUMPHREY AVE,41.87444359,-87.77537923
16171310020000,804 S HUMPHREY AVE,41.87430609,-87.77539578
16171310030000,808 S HUMPHREY AVE,41.87419402,-87.77533919
16171310040000,812 S HUMPHREY AVE,41.87405094,-87.77538649
16171310050000,816 S HUMPHREY AVE,41.8739104,-87.77536852
16171310060000,820 S HUMPHREY AVE,41.87376998,-87.77537358
16171310070000,824 S HUMPHREY AVE,41.87364104,-87.77538237
16171310080000,828 S HUMPHREY AVE,41.87349768,-87.77537211
16171310090000,832 S HUMPHREY AVE,41.87337437,-87.77536167
16171310100000,836 S HUMPHREY AVE,41.87323101,-87.7753514
16171310110000,840 S HUMPHREY AVE,41.87309913,-87.77534488
16171310120000,846 S HUMPHREY AVE,41.87288428,-87.77535305
16171310130000,400 S AUSTIN BLVD,41.87446318,-87.77471403
16171310150000,412 S AUSTIN BLVD,41.87408721,-87.77469603
16171310170000,420 S AUSTIN BLVD,41.87382048,-87.77475719
16171310210000,512 S AUSTIN BLVD,41.87330318,-87.77476812
16171310220000,516 S AUSTIN BLVD,41.87321337,-87.77473876
16171310230000,520 S AUSTIN BLVD,41.87299658,-87.77493469
16171310240000,410 S AUSTIN BLVD,41.87419065,-87.77471288
16171310250000,426 S AUSTIN BLVD,41.87367133,-87.77468012
16171310260000,506 S AUSTIN BLVD,41.87353437,-87.77467999
16173000010000,900 S RIDGELAND AVE,41.87250046,-87.78407952
16173000070000,333 HARRISON ST,41.87247083,-87.78340677
16173000080000,903 S CUYLER AVE,41.87242807,-87.78321789
16173000270000,328 GARFIELD ST,41.87097503,-87.78328027
16173000310000,339 HARRISON ST,41.87252129,-87.7837301
16173000320000,335 HARRISON ST,41.87247172,-87.78359248
16173010010000,900 S CUYLER AVE,41.87246826,-87.78284464
16173010020000,315 HARRISON ST,41.87251634,-87.78253056
16173010030000,313 HARRISON ST,41.87248057,-87.78242652
16173010040000,311 HARRISON ST,41.87247995,-87.78229709
16173010050000,309 HARRISON ST,41.872513,-87.78225628
16173010060000,907 S HIGHLAND AVE,41.87237034,-87.78194288
16173010150000,913 HIGHLAND AVE,41.87214322,-87.78199662
16173010160000,915 HIGHLAND AVE,41.87206334,-87.78199168
16173010170000,919 HIGHLAND AVE,41.87197931,-87.78199803
16173010220000,318 GARFIELD ST,41.87096529,-87.78264687
16173020030000,908 S HIGHLAND AVE,41.87227665,-87.78151074
16173020040000,241 HARRISON ST,41.8724075,-87.78126581
16173020070000,235 HARRISON ST,41.87249474,-87.78100276
16173020080000,231 HARRISON ST,41.87254086,-87.78092945
16173020090000,229 HARRISON ST,41.87255005,-87.78084346
16173020110000,225 HARRISON ST,41.87248436,-87.78059202
16173020120000,219 HARRISON ST,41.87247926,-87.78040635
16173020130000,217 HARRISON ST,41.87249101,-87.78022616
16173020140000,213 HARRISON ST,41.87249011,-87.78004045
16173020150000,248 FLOURNOY ST,41.87196985,-87.7815555
16173020170000,244 FLOURNOY ST,41.87201561,-87.78136014
16173020180000,242 FLOURNOY ST,41.87193933,-87.78128853
16173020190000,240 FLOURNOY ST,41.87204391,-87.78118633
16173020200000,238 FLOURNOY ST,41.87194684,-87.78110275
16173020220000,232 FLOURNOY ST,41.87198787,-87.78089417
16173020230000,230 FLOURNOY ST,41.87201222,-87.78071387
16173020240000,226 FLOURNOY ST,41.87199891,-87.78056767
16173020250000,224 FLOURNOY ST,41.87198999,-87.78046082
16173020260000,222 FLOURNOY ST,41.87198923,-87.78030325
16173020270000,218 FLOURNOY ST,41.87198866,-87.78018507
16173020280000,216 FLOURNOY ST,41.87199655,-87.78007807
16173020290000,214 FLOURNOY ST,41.87199603,-87.77997115
16173020300000,211 HARRISON ST,41.87257265,-87.77987445
16173020310000,905 S LOMBARD AVE,41.87241286,-87.77955563
16173020320000,907 S LOMBARD AVE,41.87235774,-87.77943743
16173020330000,913 S LOMBARD AVE,41.87219801,-87.77958051
16173020340000,915 S LOMBARD AVE,41.87211489,-87.77958123
16173020350000,917 S LOMBARD AVE,41.87202324,-87.77959736
16173020360000,210 FLOURNOY ST,41.87189196,-87.7797148
16173020370000,900 S HIGHLAND AVE,41.87253918,-87.78150325
16173020380000,906 S HIGHLAND AVE,41.8723523,-87.78151009
16173020390000,237 HARRISON ST,41.87257656,-87.78111783
16173040010000,149 HARRISON ST,41.87258189,-87.77913141
16173040020000,908 S LOMBARD AVE,41.87235278,-87.77913658
16173040030000,145 HARRISON ST,41.87258548,-87.7788949
16173040040000,141 HARRISON ST,41.87259034,-87.77880603
16173040050000,137 HARRISON ST,41.87237597,-87.77868802
16173040070000,912 S LOMBARD AVE,41.87219665,-87.77900561
16173040080000,914 S LOMBARD AVE,41.8721269,-87.77900043
16173040090000,918 S LOMBARD AVE,41.87201614,-87.77908134
16173040100000,920 S LOMBARD AVE,41.8719234,-87.77900219
16173040120000,924 S LOMBARD AVE,41.87178432,-87.7789829
16173040160000,911 S TAYLOR AVE,41.87216506,-87.77839118
16173040170000,919 S TAYLOR AVE,41.87200453,-87.77829663
16173040180000,921 S TAYLOR AVE,41.87193666,-87.77829403
16173040190000,923 S TAYLOR AVE,41.87186982,-87.77829779
16173040200000,925 S TAYLOR AVE,41.87179906,-87.77828247
16173040210000,927 S TAYLOR AVE,41.87172498,-87.77828187
16173050030000,115 HARRISON ST,41.87257922,-87.7776011
16173050040000,111 HARRISON ST,41.87257932,-87.77741557
16173050050000,107 HARRISON ST,41.87257973,-87.77723021
16173050060000,101 HARRISON ST,41.87257963,-87.77700775
16173050070000,912 S TAYLOR AVE,41.87222037,-87.77778249
16173050080000,914 S TAYLOR AVE,41.87214855,-87.77774929
16173050090000,916 S TAYLOR AVE,41.87208274,-87.77777217
16173050100000,918 S TAYLOR AVE,41.87200822,-87.77777282
16173050110000,920 S TAYLOR AVE,41.8719337,-87.77777346
16173050120000,922 S TAYLOR AVE,41.87187079,-87.77780471
16173050130000,924 S TAYLOR AVE,41.87180487,-87.77780528
16173050140000,926 S TAYLOR AVE,41.87173076,-87.77779193
16173050220000,917 S LYMAN AVE,41.87208217,-87.77706355
16173050230000,919 S LYMAN AVE,41.87200481,-87.77706806
16173050240000,921 S LYMAN AVE,41.87194462,-87.77706858
16173050250000,923 S LYMAN AVE,41.8718872,-87.77704989
16173050260000,925 S LYMAN AVE,41.87181839,-87.77704665
16173050270000,929 S LYMAN AVE,41.87170672,-87.77707064
16173050330000,900 S TAYLOR AVE,41.8725924,-87.77787613
16173060010000,45 HARRISON ST,41.87263514,-87.77654665
16173060020000,37 HARRISON ST,41.87258804,-87.77622884
16173060030000,27 HARRISON ST,41.8726389,-87.77577806
16173060040000,912 S LYMAN AVE,41.872227,-87.77655907
16173060050000,914 S LYMAN AVE,41.87219434,-87.7765509
16173060060000,916 S LYMAN AVE,41.87209116,-87.77655179
16173060070000,918 S LYMAN AVE,41.87202673,-87.776569
16173060080000,920 S LYMAN AVE,41.8719445,-87.77655377
16173060090000,924 S LYMAN AVE,41.87185332,-87.77656537
16173060100000,926 S LYMAN AVE,41.87176438,-87.77654695
16173060110000,928 S LYMAN AVE,41.87167545,-87.77653309
16173060190000,921 S HUMPHREY AVE,41.87196214,-87.7758545
16173060200000,923 S HUMPHREY AVE,41.87189337,-87.77585893
16173060210000,925 S HUMPHREY AVE,41.87182734,-87.77583648
16173060220000,927 S HUMPHREY AVE,41.87173281,-87.77584881
16173060230000,931 S HUMPHREY AVE,41.87163529,-87.77583431
16173070010000,17 HARRISON ST,41.8726141,-87.77532045
16173070020000,13 HARRISON ST,41.87255441,-87.77518484
16173070030000,11 HARRISON ST,41.87262983,-87.77505098
16173070040000,9 HARRISON ST,41.87255808,-87.7749528
16173070070000,910 S HUMPHREY AVE,41.87226115,-87.77533081
16173070080000,914 S HUMPHREY AVE,41.87217792,-87.77530851
16173070090000,918 S HUMPHREY AVE,41.87207472,-87.77530557
16173070100000,922 S HUMPHREY AVE,41.871897,-87.77530327
16173070110000,926 S HUMPHREY AVE,41.87179383,-87.77530801
16173070210000,618 S AUSTIN BLVD,41.87208318,-87.77470504
16173070220000,628 S AUSTIN BLVD,41.87186899,-87.7748299
16173070320000,932 S HUMPHREY AVE,41.87155013,-87.77528593
16173070350000,930 S HUMPHREY AVE,41.87163603,-87.77535274
16173070360000,1 HARRISON ST,41.87249798,-87.77482091
16173080010000,1000 S RIDGELAND AVE,41.87068454,-87.78387308
16173080020000,1002 S RIDGELAND AVE,41.87060552,-87.78385865
16173080030000,1004 S RIDGELAND AVE,41.87052092,-87.78385938
16173080040000,1008 S RIDGELAND AVE,41.87043915,-87.78386008
16173080050000,1010 S RIDGELAND AVE,41.87035171,-87.78385328
16173080060000,1014 S RIDGELAND AVE,41.87027558,-87.78385393
16173080070000,1016 S RIDGELAND AVE,41.87018815,-87.7838509
16173080080000,1018 S RIDGELAND AVE,41.87010916,-87.78384403
16173080090000,1020 S RIDGELAND AVE,41.87002735,-87.78383718
16173080100000,1022 S RIDGELAND AVE,41.86993707,-87.78382663
16173080110000,1024 S RIDGELAND AVE,41.86984969,-87.78383492
16173080120000,1026 S RIDGELAND AVE,41.86976792,-87.78383562
16173080130000,1028 S RIDGELAND AVE,41.86969182,-87.78384382
16173080140000,1032 S RIDGELAND AVE,41.86961004,-87.78384075
16173080150000,1034 S RIDGELAND AVE,41.86953381,-87.78382252
16173080160000,1036 S RIDGELAND AVE,41.86944071,-87.783812
16173080170000,1038 S RIDGELAND AVE,41.86936458,-87.78381265
16173080180000,1042 S RIDGELAND AVE,41.86928281,-87.78381335
16173080190000,1044 S RIDGELAND AVE,41.86920105,-87.78381783
16173080200000,1046 S RIDGELAND AVE,41.86911646,-87.78381855
16173080210000,1001 S CUYLER AVE,41.87068581,-87.78318334
16173080220000,1003 S CUYLER AVE,41.87060413,-87.78320292
16173080230000,1005 S CUYLER AVE,41.87051948,-87.78319232
16173080240000,1009 S CUYLER AVE,41.87043491,-87.78319682
16173080250000,1011 S CUYLER AVE,41.87035869,-87.78317859
16173080260000,1013 S CUYLER AVE,41.87027129,-87.78318312
16173080270000,1015 S CUYLER AVE,41.87018947,-87.78317249
16173080280000,1017 S CUYLER AVE,41.8701021,-87.78318079
16173080290000,1021 S CUYLER AVE,41.87001749,-87.78317774
16173080300000,1023 S CUYLER AVE,41.86994694,-87.78316702
16173080310000,1025 S CUYLER AVE,41.86985947,-87.78315644
16173080320000,1027 S CUYLER AVE,41.86977206,-87.78315719
16173080330000,1029 S CUYLER AVE,41.86969309,-87.7831541
16173080340000,1033 S CUYLER AVE,41.8696085,-87.78315482
16173080350000,1035 S CUYLER AVE,41.86952951,-87.78314795
16173080360000,1037 S CUYLER AVE,41.86945056,-87.78314863
16173080370000,1041 S CUYLER AVE,41.86936315,-87.78314938
16173080380000,1043 S CUYLER AVE,41.86928702,-87.78315003
16173080390000,1045 S CUYLER AVE,41.86920243,-87.78315075
16173080400000,1047 S CUYLER AVE,41.86911776,-87.78313638
16173090010000,1000 S CUYLER AVE,41.87070158,-87.78263057
16173090020000,1004 S CUYLER AVE,41.87061412,-87.78261999
16173090030000,1006 S CUYLER AVE,41.87053233,-87.78261692
16173090040000,1008 S CUYLER AVE,41.87045332,-87.78260627
16173090050000,1010 S CUYLER AVE,41.87036311,-87.78261082
16173090060000,1012 S CUYLER AVE,41.87028134,-87.78261152
16173090070000,1016 S CUYLER AVE,41.87019957,-87.78261222
16173090080000,1018 S CUYLER AVE,41.87012055,-87.7825978
16173090090000,1020 S CUYLER AVE,41.87003594,-87.78259475
16173090100000,1022 S CUYLER AVE,41.86995693,-87.7825841
16173090110000,1024 S CUYLER AVE,41.86987516,-87.7825848
16173090120000,1026 S CUYLER AVE,41.86978773,-87.78258178
16173090130000,1030 S CUYLER AVE,41.86970032,-87.78258253
16173090140000,1032 S CUYLER AVE,41.86962983,-87.78258313
16173090150000,1034 S CUYLER AVE,41.8695424,-87.78258011
16173090160000,1036 S CUYLER AVE,41.86946063,-87.78258081
16173090170000,1038 S CUYLER AVE,41.86937886,-87.78258151
16173090180000,1042 S CUYLER AVE,41.86929426,-87.78258224
16173090190000,1044 S CUYLER AVE,41.86921248,-87.78257917
16173090200000,1046 S CUYLER AVE,41.86913067,-87.78257232
16173090210000,1001 S HIGHLAND AVE,41.87070884,-87.78197432
16173090220000,1003 S HIGHLAND AVE,41.87063837,-87.78197869
16173090230000,1007 S HIGHLAND AVE,41.87054533,-87.78198327
16173090240000,1009 S HIGHLAND AVE,41.87046074,-87.781984
16173090250000,1011 S HIGHLAND AVE,41.87038183,-87.78199223
16173090260000,1013 S HIGHLAND AVE,41.87028997,-87.78196752
16173090270000,1017 S HIGHLAND AVE,41.87021094,-87.7819531
16173090280000,1019 S HIGHLAND AVE,41.87012071,-87.78195387
16173090290000,1021 S HIGHLAND AVE,41.87005022,-87.78195448
16173090300000,1023 S HIGHLAND AVE,41.86995712,-87.78194395
16173090310000,1025 S HIGHLAND AVE,41.86986689,-87.78194473
16173090320000,1027 S HIGHLAND AVE,41.86979359,-87.78194913
16173090330000,1029 S HIGHLAND AVE,41.86972028,-87.78194976
16173090340000,1033 S HIGHLAND AVE,41.86963569,-87.78195049
16173090350000,1035 S HIGHLAND AVE,41.86954828,-87.78195124
16173090360000,1037 S HIGHLAND AVE,41.86947206,-87.78193302
16173090370000,1039 S HIGHLAND AVE,41.86938746,-87.78193374
16173090380000,1043 S HIGHLAND AVE,41.86930566,-87.7819269
16173090390000,1045 S HIGHLAND AVE,41.86921542,-87.78192767
16173090400000,1047 S HIGHLAND AVE,41.8691421,-87.78192453
16173100010000,1000 S HIGHLAND AVE,41.87071304,-87.7814011
16173100020000,1004 S HIGHLAND AVE,41.87063409,-87.78140178
16173100030000,1006 S HIGHLAND AVE,41.8705523,-87.78139871
16173100040000,1008 S HIGHLAND AVE,41.87046207,-87.78139948
16173100050000,1010 S HIGHLAND AVE,41.87037748,-87.78140021
16173100060000,1012 S HIGHLAND AVE,41.87030134,-87.78140086
16173100070000,1016 S HIGHLAND AVE,41.87021957,-87.78140157
16173100080000,1018 S HIGHLAND AVE,41.87013775,-87.78139095
16173100090000,1020 S HIGHLAND AVE,41.8700588,-87.78139163
16173100100000,1022 S HIGHLAND AVE,41.86996851,-87.78138107
16173100110000,1024 S HIGHLAND AVE,41.86988672,-87.781378
16173100120000,1026 S HIGHLAND AVE,41.86980215,-87.7813825
16173100130000,1030 S HIGHLAND AVE,41.86972602,-87.78138316
16173100140000,1032 S HIGHLAND AVE,41.86963857,-87.78137636
16173100150000,1034 S HIGHLAND AVE,41.86955962,-87.78137704
16173100160000,1036 S HIGHLAND AVE,41.86947492,-87.78135512
16173100170000,1038 S HIGHLAND AVE,41.86939315,-87.78135582
16173100180000,1042 S HIGHLAND AVE,41.86931138,-87.78135652
16173100190000,1044 S HIGHLAND AVE,41.86922687,-87.78137613
16173100200000,1046 S HIGHLAND AVE,41.86914787,-87.78136548
16173100210000,1001 S HARVEY AVE,41.87072107,-87.78072523
16173100220000,1003 S HARVEY AVE,41.87063641,-87.78071085
16173100230000,1005 S HARVEY AVE,41.87054625,-87.78072673
16173100240000,1009 S HARVEY AVE,41.87045865,-87.78068973
16173100250000,1011 S HARVEY AVE,41.87035998,-87.78069436
16173100260000,1013 S HARVEY AVE,41.87026975,-87.78069513
16173100270000,1015 S HARVEY AVE,41.87016823,-87.78069223
16173100280000,1017 S HARVEY AVE,41.87009208,-87.78068911
16173100290000,1021 S HARVEY AVE,41.87000185,-87.78068989
16173100300000,1023 S HARVEY AVE,41.86991161,-87.78069067
16173100310000,1025 S HARVEY AVE,41.86981856,-87.78069147
16173100320000,1029 S HARVEY AVE,41.86973115,-87.78069222
16173100330000,1031 S HARVEY AVE,41.8696381,-87.78069302
16173100340000,1035 S HARVEY AVE,41.86955633,-87.78069373
16173100350000,1037 S HARVEY AVE,41.86945764,-87.78069458
16173100360000,1041 S HARVEY AVE,41.86935048,-87.78069173
16173100370000,1043 S HARVEY AVE,41.86926303,-87.78068493
16173100380000,1047 S HARVEY AVE,41.86916139,-87.78065938
16173110020000,1012 S HARVEY AVE,41.87032366,-87.78017861
16173110030000,1014 S HARVEY AVE,41.87023052,-87.78016054
16173110040000,1016 S HARVEY AVE,41.87015166,-87.78018009
16173110050000,1018 S HARVEY AVE,41.870067,-87.78016573
16173110060000,1022 S HARVEY AVE,41.86999088,-87.78017016
16173110070000,1024 S HARVEY AVE,41.86990897,-87.78014066
16173110080000,1026 S HARVEY AVE,41.86982166,-87.78016407
16173110090000,1028 S HARVEY AVE,41.86973709,-87.78016857
16173110100000,1032 S HARVEY AVE,41.86965812,-87.78016548
16173110110000,1034 S HARVEY AVE,41.86957351,-87.78016243
16173110120000,1036 S HARVEY AVE,41.86949167,-87.78014803
16173110130000,1038 S HARVEY AVE,41.86940428,-87.78015256
16173110140000,1042 S HARVEY AVE,41.86931969,-87.78015329
16173110150000,1044 S HARVEY AVE,41.86924916,-87.78014635
16173110160000,1046 S HARVEY AVE,41.86917013,-87.78013193
16173110190000,1017 S LOMBARD AVE,41.87020878,-87.77950787
16173110200000,1019 S LOMBARD AVE,41.87013317,-87.77950852
16173110210000,1021 S LOMBARD AVE,41.87006297,-87.77951275
16173110220000,1023 S LOMBARD AVE,41.86999271,-87.77950251
16173110230000,1025 S LOMBARD AVE,41.86991436,-87.77949595
16173110240000,1029 S LOMBARD AVE,41.86982257,-87.77950036
16173110250000,1031 S LOMBARD AVE,41.86973063,-87.77947585
16173110260000,1033 S LOMBARD AVE,41.86964962,-87.77947654
16173110270000,1035 S LOMBARD AVE,41.86958211,-87.77947713
16173110280000,1037 S LOMBARD AVE,41.86951993,-87.7794632
16173110290000,1039 S LOMBARD AVE,41.86944977,-87.77947465
16173110300000,1041 S LOMBARD AVE,41.86937683,-87.77946805
16173110330000,1006 S HARVEY AVE,41.87040336,-87.77953873
16173110340000,206 HARVARD ST,41.86920679,-87.77953629
16173130050000,111 GARFIELD ST,41.87033332,-87.77730759
16173130150000,1024 S TAYLOR AVE,41.86974695,-87.77769057
16173130160000,1026 S TAYLOR AVE,41.86964967,-87.77767695
16173130170000,1030 S TAYLOR AVE,41.86955245,-87.77767779
16173130180000,1032 S TAYLOR AVE,41.869466,-87.77767131
16173130190000,1034 S TAYLOR AVE,41.8694039,-87.77767185
16173130200000,1036 S TAYLOR AVE,41.86933367,-87.77766884
16173130210000,1040 S TAYLOR AVE,41.86923112,-87.77768419
16173130220000,1015 S LYMAN AVE,41.87012182,-87.77702932
16173130230000,1017 S LYMAN AVE,41.87003272,-87.77703371
16173130240000,1019 S LYMAN AVE,41.86994901,-87.77703444
16173130260000,1023 S LYMAN AVE,41.86981398,-87.77703199
16173130280000,1027 S LYMAN AVE,41.86968436,-87.77703312
16173130290000,1029 S LYMAN AVE,41.86959524,-87.77703389
16173130300000,1031 S LYMAN AVE,41.86956738,-87.77703242
16173130310000,1033 S LYMAN AVE,41.8694736,-87.77700964
16173130320000,1037 S LYMAN AVE,41.86937453,-87.77702196
16173130330000,1039 S LYMAN AVE,41.8692737,-87.77699691
16173130340000,1041 S LYMAN AVE,41.86919813,-87.77700479
16173130350000,1001 S LYMAN AVE,41.87050639,-87.77700788
16173130360000,1003 S LYMAN AVE,41.87046548,-87.77700655
16173130370000,1005 S LYMAN AVE,41.87041971,-87.7770057
16173130380000,1007 S LYMAN AVE,41.87037779,-87.7770037
16173130390000,1009 S LYMAN AVE,41.87033495,-87.77700231
16173130400000,1011 S LYMAN AVE,41.87029025,-87.77700085
16173130410000,1013 S LYMAN AVE,41.87024549,-87.7769994
16173130420000,1012 S TAYLOR AVE,41.87016299,-87.77772312
16173130430000,1014 S TAYLOR AVE,41.87005764,-87.77771681
16173130450000,1000 S TAYLOR AVE,41.87057197,-87.77781954
16173130460000,1002 S TAYLOR AVE,41.87052461,-87.77781827
16173130470000,1004 S TAYLOR AVE,41.87045391,-87.77777036
16173130480000,1006 S TAYLOR AVE,41.87043075,-87.77781986
16173130490000,1008 S TAYLOR AVE,41.87038335,-87.77781344
16173130510000,1010 S TAYLOR AVE,41.87033961,-87.77781226
16173130560000,1020 S TAYLOR AVE,41.86986849,-87.77769314
16173130570000,1018 S TAYLOR AVE,41.8699576,-87.77769236
16173130581001,115 GARFIELD ST,41.87057423,-87.7776054
16173140010000,47 GARFIELD ST,41.87036208,-87.77655215
16173140030000,41 GARFIELD ST,41.87022563,-87.77629503
16173140040000,39 GARFIELD ST,41.87033374,-87.77617958
16173140050000,1001 S HUMPHREY AVE,41.87040745,-87.77585227
16173140060000,1005 S HUMPHREY AVE,41.87032912,-87.77584933
16173140070000,1007 S HUMPHREY AVE,41.87023459,-87.77584654
16173140080000,1011 S HUMPHREY AVE,41.87014816,-87.77584368
16173140090000,1016 S LYMAN AVE,41.87006792,-87.77649514
16173140100000,1018 S LYMAN AVE,41.86994903,-87.77648171
16173140120000,1022 S LYMAN AVE,41.86981119,-87.7764576
16173140150000,1030 S LYMAN AVE,41.86955476,-87.77648152
16173140160000,1034 S LYMAN AVE,41.86948723,-87.77647849
16173140170000,1036 S LYMAN AVE,41.86941164,-87.77648276
16173140180000,1038 S LYMAN AVE,41.86932517,-87.77647267
16173140190000,1040 S LYMAN AVE,41.86922524,-87.77646992
16173140200000,1019 S HUMPHREY AVE,41.8699917,-87.7758125
16173140210000,1021 S HUMPHREY AVE,41.86989985,-87.77580607
16173140220000,1023 S HUMPHREY AVE,41.86979988,-87.77579609
16173140230000,1027 S HUMPHREY AVE,41.86971749,-87.77578201
16173140240000,1031 S HUMPHREY AVE,41.86955409,-87.77578738
16173140250000,1033 S HUMPHREY AVE,41.86946226,-87.77578456
16173140260000,1037 S HUMPHREY AVE,41.86938595,-87.7757147
16173140270000,1039 S HUMPHREY AVE,41.86926248,-87.77579714
16173140280000,1026 S LYMAN AVE,41.86969774,-87.77645136
16173150010000,1014 S HUMPHREY AVE,41.87035758,-87.77537807
16173150020000,17 GARFIELD ST,41.87037857,-87.77516195
16173150030000,11 GARFIELD ST,41.87036381,-87.77498744
16173150040000,9 GARFIELD ST,41.87035352,-87.77485435
16173150070000,1020 S HUMPHREY AVE,41.86995348,-87.77523713
16173150080000,1022 S HUMPHREY AVE,41.8698502,-87.77523337
16173150090000,1024 S HUMPHREY AVE,41.86978517,-87.77525306
16173150100000,1026 S HUMPHREY AVE,41.86971126,-87.77524414
16173150110000,1028 S HUMPHREY AVE,41.8696214,-87.77525448
16173150120000,1032 S HUMPHREY AVE,41.8695187,-87.7752373
16173150130000,1034 S HUMPHREY AVE,41.86942697,-87.77525617
16173150140000,1036 S HUMPHREY AVE,41.86934056,-87.77525692
16173150150000,1040 S HUMPHREY AVE,41.86925143,-87.77525408
16173150160000,816 S AUSTIN BLVD,41.86989847,-87.77474119
16173150170000,824 S AUSTIN BLVD,41.86961045,-87.77462041
16173150180000,2 HARVARD ST,41.86923481,-87.77460231
16173150190000,808 S AUSTIN BLVD,41.87016434,-87.77466173
16173150200000,810 S AUSTIN BLVD,41.87003956,-87.77454713
16173160080000,1138 S RIDGELAND AVE,41.86753669,-87.78382689
16173160090000,1142 S RIDGELAND AVE,41.86744446,-87.78377551
16173160100000,1146 S RIDGELAND AVE,41.86734566,-87.78375371
16173160190000,1145 S CUYLER AVE,41.86735627,-87.78306358
16173160200000,1147 S CUYLER AVE,41.86728575,-87.78306041
16173160210000,1134 S RIDGELAND AVE,41.86766168,-87.78383572
16173160250000,1125 S CUYLER AVE,41.86803733,-87.78331343
16173170010000,1100 S CUYLER AVE,41.86887909,-87.7825911
16173170030000,1104 S CUYLER AVE,41.8687691,-87.78258828
16173170040000,1108 S CUYLER AVE,41.86867323,-87.7825891
16173170050000,1110 S CUYLER AVE,41.86854918,-87.78259394
16173170060000,1112 S CUYLER AVE,41.86846459,-87.78259466
16173170070000,1114 S CUYLER AVE,41.86838346,-87.78259678
16173170090000,1118 S CUYLER AVE,41.86828969,-87.78258107
16173170110000,1124 S CUYLER AVE,41.86804435,-87.78257562
16173170130000,1128 S CUYLER AVE,41.86793718,-87.78257277
16173170140000,1130 S CUYLER AVE,41.8678357,-87.78258119
16173170150000,1134 S CUYLER AVE,41.86774544,-87.78257441
16173170160000,1136 S CUYLER AVE,41.86764667,-87.78256016
16173170170000,1140 S CUYLER AVE,41.86752814,-87.78253852
16173170180000,1142 S CUYLER AVE,41.86743498,-87.78251667
16173170190000,1146 S CUYLER AVE,41.86731657,-87.78252146
16173170200000,1101 S HIGHLAND AVE,41.86887607,-87.78192359
16173170210000,1105 S HIGHLAND AVE,41.86873507,-87.78192103
16173170220000,1109 S HIGHLAND AVE,41.86862778,-87.78189175
16173170230000,1111 S HIGHLAND AVE,41.868546,-87.78189245
16173170240000,1115 S HIGHLAND AVE,41.86845586,-87.7819121
16173170250000,1117 S HIGHLAND AVE,41.86836554,-87.781894
16173170260000,1119 S HIGHLAND AVE,41.86827802,-87.7818721
16173170270000,1121 S HIGHLAND AVE,41.86818772,-87.78185778
16173170290000,1123 S HIGHLAND AVE,41.86809181,-87.78185105
16173170300000,1125 S HIGHLAND AVE,41.86802978,-87.78185158
16173170310000,1127 S HIGHLAND AVE,41.86793679,-87.78186371
16173170320000,1131 S HIGHLAND AVE,41.86783822,-87.78189098
16173170330000,1135 S HIGHLAND AVE,41.86774792,-87.78187665
16173170340000,1137 S HIGHLAND AVE,41.86765487,-87.78187745
16173170350000,1139 S HIGHLAND AVE,41.86758725,-87.78188936
16173170360000,1141 S HIGHLAND AVE,41.86751114,-87.78189379
16173170370000,1143 S HIGHLAND AVE,41.86742909,-87.78183787
16173170380000,1147 S HIGHLAND AVE,41.86731643,-87.78186526
16173170390000,1120 S CUYLER AVE,41.86818809,-87.78256306
16173170400000,1122 S CUYLER AVE,41.86811879,-87.78257817
16173180010000,1100 S HIGHLAND AVE,41.8688822,-87.7813465
16173180020000,1104 S HIGHLAND AVE,41.86879197,-87.78134728
16173180030000,1106 S HIGHLAND AVE,41.86871866,-87.78134791
16173180040000,1108 S HIGHLAND AVE,41.86861997,-87.78134876
16173180050000,1110 S HIGHLAND AVE,41.86852686,-87.78133823
16173180060000,1114 S HIGHLAND AVE,41.86844227,-87.78133896
16173180070000,1116 S HIGHLAND AVE,41.86837185,-87.78135467
16173180080000,1118 S HIGHLAND AVE,41.8682865,-87.78119684
16173180090000,1122 S HIGHLAND AVE,41.86818562,-87.78132984
16173180100000,1124 S HIGHLAND AVE,41.86810103,-87.78133057
16173180110000,1126 S HIGHLAND AVE,41.86802206,-87.78132747
16173180120000,1128 S HIGHLAND AVE,41.86792901,-87.78132827
16173180130000,1130 S HIGHLAND AVE,41.86786416,-87.78132883
16173180140000,1132 S HIGHLAND AVE,41.86779377,-87.78135209
16173180160000,1136 S HIGHLAND AVE,41.86765266,-87.78132688
16173180170000,1140 S HIGHLAND AVE,41.8675455,-87.78132402
16173180180000,1142 S HIGHLAND AVE,41.86745812,-87.78133232
16173180190000,1146 S HIGHLAND AVE,41.86735654,-87.7813181
16173180200000,1101 S HARVEY AVE,41.86890145,-87.78065923
16173180230000,1109 S HARVEY AVE,41.86862781,-87.78063516
16173180240000,1111 S HARVEY AVE,41.86856014,-87.78063574
16173180250000,1113 S HARVEY AVE,41.86849529,-87.7806363
16173180260000,1115 S HARVEY AVE,41.86842199,-87.7806407
16173180270000,1117 S HARVEY AVE,41.86835425,-87.78062618
16173180280000,1119 S HARVEY AVE,41.86828934,-87.78061542
16173180290000,1121 S HARVEY AVE,41.86822158,-87.78059712
16173180300000,1123 S HARVEY AVE,41.86814088,-87.78082056
16173180310000,1125 S HARVEY AVE,41.86807233,-87.78063994
16173180320000,1127 S HARVEY AVE,41.86801312,-87.78064045
16173180330000,1129 S HARVEY AVE,41.86793413,-87.78063358
16173180370000,1139 S HARVEY AVE,41.86755334,-87.78061043
16173180380000,1141 S HARVEY AVE,41.86745469,-87.78061883
16173180400000,1145 S HARVEY AVE,41.86734465,-87.78060468
16173180410000,1105 S HARVEY AVE,41.86876043,-87.78065289
16173180420000,1107 S HARVEY AVE,41.86869558,-87.78065345
16173180430000,1133 S HARVEY AVE,41.86778697,-87.78067652
16173180440000,1137 S HARVEY AVE,41.86768209,-87.78066149
16173190010000,1100 S HARVEY AVE,41.86888149,-87.78015787
16173190020000,1104 S HARVEY AVE,41.86879401,-87.78014352
16173190030000,1106 S HARVEY AVE,41.86868689,-87.78015199
16173190040000,1108 S HARVEY AVE,41.86860776,-87.78011492
16173190050000,1110 S HARVEY AVE,41.86852883,-87.78011937
16173190060000,1114 S HARVEY AVE,41.86844703,-87.78011631
16173190070000,1116 S HARVEY AVE,41.86836816,-87.78013209
16173190080000,1118 S HARVEY AVE,41.86828073,-87.78012907
16173190090000,1120 S HARVEY AVE,41.86819604,-87.78011092
16173190100000,1122 S HARVEY AVE,41.8681142,-87.78009652
16173190110000,1124 S HARVEY AVE,41.86802957,-87.7800897
16173190120000,1128 S HARVEY AVE,41.86794498,-87.78009043
16173190130000,1130 S HARVEY AVE,41.86787169,-87.78009484
16173190140000,1132 S HARVEY AVE,41.86779838,-87.78009547
16173190150000,1134 S HARVEY AVE,41.86770524,-87.7800774
16173190170000,1140 S HARVEY AVE,41.86754169,-87.78007881
16173190180000,1142 S HARVEY AVE,41.86745714,-87.78008709
16173190190000,1144 S HARVEY AVE,41.86735565,-87.78009174
16173190200000,1101 S LOMBARD AVE,41.86890833,-87.77946718
16173190210000,1103 S LOMBARD AVE,41.86883811,-87.77946417
16173190220000,1105 S LOMBARD AVE,41.86874629,-87.77946496
16173190230000,1107 S LOMBARD AVE,41.86867061,-87.77945115
16173190240000,1111 S LOMBARD AVE,41.8685842,-87.7794519
16173190250000,1113 S LOMBARD AVE,41.86848699,-87.77945274
16173190260000,1115 S LOMBARD AVE,41.86838167,-87.77945365
16173190270000,1119 S LOMBARD AVE,41.86827888,-87.77941838
16173190280000,1123 S LOMBARD AVE,41.86816562,-87.7794519
16173190290000,1125 S LOMBARD AVE,41.86808729,-87.77944896
16173190300000,1129 S LOMBARD AVE,41.86797654,-87.77944269
16173190310000,1131 S LOMBARD AVE,41.86788199,-87.77943627
16173190320000,1135 S LOMBARD AVE,41.86777401,-87.77944443
16173190330000,1137 S LOMBARD AVE,41.86767678,-87.77944166
16173190340000,1139 S LOMBARD AVE,41.86759582,-87.7794532
16173190350000,1141 S LOMBARD AVE,41.86751212,-87.77945754
16173190360000,1145 S LOMBARD AVE,41.8674338,-87.7794546
16173190370000,1147 S LOMBARD AVE,41.86735817,-87.77945164
16173200010000,1100 S LOMBARD AVE,41.86892959,-87.7789011
16173200020000,1102 S LOMBARD AVE,41.86886473,-87.77889082
16173200030000,1104 S LOMBARD AVE,41.86878382,-87.77891321
16173200040000,1106 S LOMBARD AVE,41.86872433,-87.77889565
16173200050000,1108 S LOMBARD AVE,41.86865141,-87.77889628
16173200060000,1110 S LOMBARD AVE,41.86858392,-87.77890048
16173200070000,1114 S LOMBARD AVE,41.86851103,-87.77890472
16173200080000,1116 S LOMBARD AVE,41.86841369,-87.77888025
16173200090000,1118 S LOMBARD AVE,41.86831658,-87.77890279
16173200100000,1120 S LOMBARD AVE,41.86824336,-87.77883834
16173200110000,1122 S LOMBARD AVE,41.86817032,-87.77881367
16173200120000,1124 S LOMBARD AVE,41.86809741,-87.7788143
16173200130000,1126 S LOMBARD AVE,41.86802191,-87.77883664
16173200140000,1130 S LOMBARD AVE,41.86793278,-87.7788338
16173200150000,1132 S LOMBARD AVE,41.86784633,-87.77882732
16173200160000,1134 S LOMBARD AVE,41.86775737,-87.77886062
16173200170000,1136 S LOMBARD AVE,41.86769789,-87.77884667
16173200180000,1138 S LOMBARD AVE,41.86763021,-87.7788111
16173200190000,1140 S LOMBARD AVE,41.86754944,-87.77886241
16173200200000,1142 S LOMBARD AVE,41.86746029,-87.77885596
16173200210000,1146 S LOMBARD AVE,41.86737383,-87.77884586
16173200220000,1101 S TAYLOR AVE,41.86891019,-87.77823967
16173200230000,1105 S TAYLOR AVE,41.86877784,-87.77823358
16173200250000,1111 S TAYLOR AVE,41.86862665,-87.77824212
16173200260000,1113 S TAYLOR AVE,41.86851869,-87.7782539
16173200300000,1121 S TAYLOR AVE,41.86823765,-87.77821657
16173200310000,1125 S TAYLOR AVE,41.86814314,-87.77821738
16173200320000,1127 S TAYLOR AVE,41.86803514,-87.77822193
16173200330000,1129 S TAYLOR AVE,41.8679378,-87.77819747
16173200340000,1133 S TAYLOR AVE,41.86783247,-87.77819476
16173200360000,1137 S TAYLOR AVE,41.86770008,-87.77818145
16173200390000,1143 S TAYLOR AVE,41.86742931,-87.77817553
16173200400000,1139 S TAYLOR AVE,41.86761367,-87.77818219
16173200420000,1141 S TAYLOR AVE,41.86752449,-87.77816851
16173200430000,1117 S TAYLOR AVE,41.86838889,-87.77821887
16173210010000,1100 S TAYLOR AVE,41.8689374,-87.77765694
16173210020000,1102 S TAYLOR AVE,41.86885093,-87.77764684
16173210030000,1106 S TAYLOR AVE,41.86876177,-87.77763677
16173210040000,1108 S TAYLOR AVE,41.86867264,-87.77763393
16173210050000,1110 S TAYLOR AVE,41.86859702,-87.77763458
16173210060000,1112 S TAYLOR AVE,41.86850519,-87.77763176
16173210070000,1116 S TAYLOR AVE,41.868408,-87.77763622
16173210080000,1118 S TAYLOR AVE,41.86831617,-87.7776334
16173210090000,1122 S TAYLOR AVE,41.86822158,-87.77761975
16173210100000,1124 S TAYLOR AVE,41.86812975,-87.77761693
16173210110000,1126 S TAYLOR AVE,41.86803252,-87.77761416
16173210120000,1130 S TAYLOR AVE,41.8679299,-87.77761505
16173210130000,1132 S TAYLOR AVE,41.86784617,-87.77761216
16173210140000,1134 S TAYLOR AVE,41.86777593,-87.77760554
16173210150000,1136 S TAYLOR AVE,41.86770842,-87.77760612
16173210160000,1138 S TAYLOR AVE,41.86764091,-87.77760671
16173210170000,1140 S TAYLOR AVE,41.86757072,-87.77761093
16173210180000,1142 S TAYLOR AVE,41.86747887,-87.77760449
16173210190000,1146 S TAYLOR AVE,41.86739244,-87.77760163
16173210200000,1101 S LYMAN AVE,41.86896371,-87.77695534
16173210210000,1103 S LYMAN AVE,41.86888005,-87.77696691
16173210220000,1105 S LYMAN AVE,41.86881517,-87.77695301
16173210230000,1107 S LYMAN AVE,41.86875306,-87.77695355
16173210240000,1109 S LYMAN AVE,41.86868018,-87.77696141
16173210270000,1115 S LYMAN AVE,41.86846957,-87.77696685
16173210280000,1117 S LYMAN AVE,41.86840476,-87.77696742
16173210290000,1119 S LYMAN AVE,41.8683345,-87.77695718
16173210300000,1121 S LYMAN AVE,41.86825901,-87.77698314
16173210310000,1123 S LYMAN AVE,41.86819688,-87.77698007
16173210320000,1125 S LYMAN AVE,41.86809697,-87.77698093
16173210330000,1127 S LYMAN AVE,41.86800242,-87.77697452
16173210340000,1131 S LYMAN AVE,41.8679267,-87.77695348
16173210350000,1133 S LYMAN AVE,41.86785649,-87.77695409
16173210360000,1135 S LYMAN AVE,41.86777276,-87.77695121
16173210370000,1139 S LYMAN AVE,41.86765126,-87.77695587
16173210380000,1141 S LYMAN AVE,41.86757025,-87.77695658
16173210390000,1143 S LYMAN AVE,41.86748385,-87.77696094
16173210400000,1147 S LYMAN AVE,41.86739197,-87.77694727
16173210410000,1111 S LYMAN AVE,41.86860727,-87.77696204
16173220010000,1100 S LYMAN AVE,41.86895576,-87.77649626
16173220020000,1104 S LYMAN AVE,41.86885304,-87.77647546
16173220030000,1106 S LYMAN AVE,41.86876119,-87.77646903
16173220040000,1108 S LYMAN AVE,41.86866394,-87.77646264
16173220050000,1112 S LYMAN AVE,41.8685558,-87.77643827
16173220060000,1114 S LYMAN AVE,41.86846127,-87.77643548
16173220070000,1118 S LYMAN AVE,41.86834789,-87.77644369
16173220080000,1120 S LYMAN AVE,41.86826413,-87.77643357
16173220090000,1124 S LYMAN AVE,41.86816153,-87.77643808
16173220100000,1126 S LYMAN AVE,41.8680751,-87.77643521
16173220110000,1128 S LYMAN AVE,41.86800219,-87.77643585
16173220120000,1130 S LYMAN AVE,41.86793464,-87.7764292
16173220130000,1132 S LYMAN AVE,41.86784013,-87.77643002
16173220140000,1136 S LYMAN AVE,41.86774832,-87.77643082
16173220150000,1138 S LYMAN AVE,41.86767002,-87.77643511
16173220160000,1140 S LYMAN AVE,41.86759171,-87.77643579
16173220170000,1142 S LYMAN AVE,41.8675241,-87.77641469
16173220180000,1144 S LYMAN AVE,41.86741857,-87.77637222
16173220190000,1101 S HUMPHREY AVE,41.86896297,-87.77575506
16173220200000,1103 S HUMPHREY AVE,41.86886833,-87.77573058
16173220210000,1105 S HUMPHREY AVE,41.86877396,-87.77576032
16173220220000,1109 S HUMPHREY AVE,41.86869071,-87.7757912
16173220230000,1113 S HUMPHREY AVE,41.86859573,-87.77576187
16173220240000,1115 S HUMPHREY AVE,41.86850394,-87.77576628
16173220250000,1117 S HUMPHREY AVE,41.86842253,-87.77575148
16173220260000,1121 S HUMPHREY AVE,41.86827424,-87.77573574
16173220270000,1123 S HUMPHREY AVE,41.86817696,-87.77572212
16173220280000,1127 S HUMPHREY AVE,41.86807699,-87.77571214
16173220290000,1129 S HUMPHREY AVE,41.86800675,-87.77570552
16173220300000,1133 S HUMPHREY AVE,41.86792838,-87.77569536
16173220310000,1135 S HUMPHREY AVE,41.86783389,-87.7756998
16173220320000,1137 S HUMPHREY AVE,41.86773667,-87.77570064
16173220330000,1141 S HUMPHREY AVE,41.86763955,-87.77571956
16173220340000,1143 S HUMPHREY AVE,41.86753947,-87.77568789
16173220350000,1145 S HUMPHREY AVE,41.86741803,-87.77570507
16173230010000,1100 S HUMPHREY AVE,41.86896366,-87.77521043
16173230020000,1102 S HUMPHREY AVE,41.86887725,-87.77521118
16173230030000,1104 S HUMPHREY AVE,41.86878551,-87.77522644
16173230040000,1108 S HUMPHREY AVE,41.86868815,-87.77519836
16173230060000,1112 S HUMPHREY AVE,41.86855583,-87.77519951
16173230080000,1116 S HUMPHREY AVE,41.86841825,-87.77522963
16173230090000,1118 S HUMPHREY AVE,41.8683291,-87.77522317
16173230100000,1122 S HUMPHREY AVE,41.86823455,-87.77521677
16173230110000,1124 S HUMPHREY AVE,41.86815354,-87.77521747
16173230120000,1126 S HUMPHREY AVE,41.86808321,-87.77519278
16173230130000,1128 S HUMPHREY AVE,41.86801568,-87.77518975
16173230140000,1130 S HUMPHREY AVE,41.86794007,-87.77519041
16173230150000,1134 S HUMPHREY AVE,41.86784017,-87.77519489
16173230160000,1136 S HUMPHREY AVE,41.86772665,-87.77517419
16173230180000,1140 S HUMPHREY AVE,41.86759433,-87.77517534
16173230190000,1142 S HUMPHREY AVE,41.86750518,-87.77516888
16173230200000,1146 S HUMPHREY AVE,41.86742149,-87.77517323
16173230210000,9 HARVARD ST,41.86895893,-87.77479308
16173230220000,7 HARVARD ST,41.86896063,-87.77465284
16173230230000,902 S AUSTIN BLVD,41.86895977,-87.77447569
16173230240000,906 S AUSTIN BLVD,41.86884596,-87.77452644
16173230250000,910 S AUSTIN BLVD,41.86873798,-87.77453461
16173230260000,914 S AUSTIN BLVD,41.86859041,-87.77444609
16173230280000,920 S AUSTIN BLVD,41.86836542,-87.77449343
16173230290000,924 S AUSTIN BLVD,41.86823395,-87.77443416
16173230300000,928 S AUSTIN BLVD,41.86808749,-87.7744733
16173230310000,934 S AUSTIN BLVD,41.86799308,-87.77449582
16173230320000,1002 S AUSTIN BLVD,41.86785491,-87.77468496
16173230330000,1008 S AUSTIN BLVD,41.86762134,-87.77452626
16173230340000,1010 S AUSTIN BLVD,41.86755129,-87.77451535
16173230350000,1012 S AUSTIN BLVD,41.86745621,-87.77447285
16173230361001,916 S AUSTIN BLVD,41.86849885,-87.77443792
16173240010000,1150 S RIDGELAND AVE,41.86703088,-87.78375718
16173240020000,1152 S RIDGELAND AVE,41.86695456,-87.78376489
16173240030000,1154 S RIDGELAND AVE,41.86687821,-87.78376554
16173240040000,1156 S RIDGELAND AVE,41.86681765,-87.78376606
16173240050000,1158 S RIDGELAND AVE,41.86674388,-87.78375612
16173240060000,1160 S RIDGELAND AVE,41.86667277,-87.7837532
16173240070000,1162 S RIDGELAND AVE,41.86660429,-87.78374673
16173240080000,1164 S RIDGELAND AVE,41.86653579,-87.78374027
16173240090000,1166 S RIDGELAND AVE,41.8664726,-87.78374081
16173240100000,1168 S RIDGELAND AVE,41.86640413,-87.78373787
16173240110000,1170 S RIDGELAND AVE,41.86634086,-87.78372079
16173240120000,1172 S RIDGELAND AVE,41.86626979,-87.78372493
16173240130000,1174 S RIDGELAND AVE,41.86619865,-87.78371496
16173240140000,1176 S RIDGELAND AVE,41.86613017,-87.78371202
16173240150000,1178 S RIDGELAND AVE,41.86606438,-87.78371963
16173240160000,1180 S RIDGELAND AVE,41.86600118,-87.78371665
16173240170000,1182 S RIDGELAND AVE,41.86592221,-87.78372085
16173240180000,1184 S RIDGELAND AVE,41.8658485,-87.78372501
16173240190000,1151 S CUYLER AVE,41.86705459,-87.78305195
16173240200000,1153 S CUYLER AVE,41.86697299,-87.78305618
16173240210000,1155 S CUYLER AVE,41.86688615,-87.78306749
16173240220000,1157 S CUYLER AVE,41.86680716,-87.78306817
16173240230000,1159 S CUYLER AVE,41.8667229,-87.78306537
16173240240000,1163 S CUYLER AVE,41.86663338,-87.78306614
16173240250000,1165 S CUYLER AVE,41.86655174,-87.78306331
16173240260000,1169 S CUYLER AVE,41.86644501,-87.78303183
16173240270000,1171 S CUYLER AVE,41.86634218,-87.78300098
16173240280000,1173 S CUYLER AVE,41.86628425,-87.78300148
16173240310000,1179 S CUYLER AVE,41.86607369,-87.78301738
16173240320000,1181 S CUYLER AVE,41.86600261,-87.78302152
16173240330000,1183 S CUYLER AVE,41.86589911,-87.78303515
16173240340000,6346 W ROOSEVELT RD,41.86565811,-87.78363397
16173240350000,6340 W ROOSEVELT RD,41.86544193,-87.78351421
16173240360000,6336 W ROOSEVELT RD,41.86549889,-87.78337448
16173240370000,6332 W ROOSEVELT RD,41.86562707,-87.78320065
16173240380000,6326 W ROOSEVELT RD,41.86554689,-87.78295106
16173240390000,1175 S CUYLER AVE,41.86618797,-87.78302983
16173250010000,1150 S CUYLER AVE,41.86703269,-87.78251144
16173250020000,1152 S CUYLER AVE,41.86695369,-87.78250859
16173250030000,1154 S CUYLER AVE,41.86687475,-87.78251984
16173250040000,1156 S CUYLER AVE,41.86680366,-87.78252045
16173250050000,1158 S CUYLER AVE,41.86673516,-87.78251047
16173250060000,1160 S CUYLER AVE,41.86666937,-87.78251808
16173250070000,1162 S CUYLER AVE,41.86660883,-87.78252213
16173250080000,1164 S CUYLER AVE,41.8665296,-87.78247346
16173250090000,1166 S CUYLER AVE,41.866448,-87.78247768
16173250100000,1170 S CUYLER AVE,41.86635581,-87.78247142
16173250110000,1172 S CUYLER AVE,41.86628471,-87.78246851
16173250120000,1174 S CUYLER AVE,41.86619255,-87.7824693
16173250130000,1176 S CUYLER AVE,41.86612673,-87.78246986
16173250170000,1182 S CUYLER AVE,41.86585284,-87.78245811
16173250180000,1151 S HIGHLAND AVE,41.86706099,-87.78182379
16173250190000,1153 S HIGHLAND AVE,41.86696613,-87.78181051
16173250200000,1155 S HIGHLAND AVE,41.86689505,-87.78181112
16173250210000,1157 S HIGHLAND AVE,41.86682133,-87.78181175
16173250220000,1159 S HIGHLAND AVE,41.8667528,-87.78179824
16173250230000,1161 S HIGHLAND AVE,41.86668175,-87.7818059
16173250240000,1163 S HIGHLAND AVE,41.86661597,-87.78181704
16173250250000,1165 S HIGHLAND AVE,41.86653947,-87.78178597
16173250260000,1167 S HIGHLAND AVE,41.86647101,-87.78178656
16173250270000,1169 S HIGHLAND AVE,41.86640524,-87.7817977
16173250280000,1171 S HIGHLAND AVE,41.86633935,-87.78178417
16173250290000,1173 S HIGHLAND AVE,41.86626296,-87.78177778
16173250300000,1177 S HIGHLAND AVE,41.86615763,-87.78177516
16173250310000,1181 S HIGHLAND AVE,41.86603408,-87.78181852
16173250320000,1183 S HIGHLAND AVE,41.86592875,-87.7818159
16173250330000,1185 S HIGHLAND AVE,41.8658627,-87.78177064
16173250400000,6308 W ROOSEVELT RD,41.86556319,-87.78206294
16173250420000,6304 W ROOSEVELT RD,41.86559034,-87.78184231
16173250440000,1178 S CUYLER AVE,41.86605564,-87.78247047
16173250450000,1180 S CUYLER AVE,41.86596347,-87.78246774
16173250460000,6300 W ROOSEVELT RD,41.86559257,-87.78173643
16173250470000,1187 S HIGHLAND AVE,41.86572577,-87.78164846
16173250520000,1192 S CUYLER AVE,41.86550054,-87.78253635
16173260010000,1150 S HIGHLAND AVE,41.86706357,-87.78131649
16173260020000,1152 S HIGHLAND AVE,41.86697143,-87.78132081
16173260030000,1154 S HIGHLAND AVE,41.86688719,-87.78132505
16173260040000,1158 S HIGHLAND AVE,41.86680282,-87.78130111
16173260050000,1160 S HIGHLAND AVE,41.8667133,-87.78130188
16173260060000,1162 S HIGHLAND AVE,41.86662637,-87.78129205
16173260070000,1164 S HIGHLAND AVE,41.86656314,-87.78128554
16173260080000,1166 S HIGHLAND AVE,41.86648672,-87.7812721
16173260090000,1168 S HIGHLAND AVE,41.86642353,-87.78127264
16173260100000,1170 S HIGHLAND AVE,41.86635507,-87.78127323
16173260110000,1172 S HIGHLAND AVE,41.8662866,-87.7812703
16173260120000,1174 S HIGHLAND AVE,41.86621025,-87.78127095
16173260130000,1178 S HIGHLAND AVE,41.86610754,-87.78126831
16173260140000,1180 S HIGHLAND AVE,41.86601011,-87.78126563
16173260150000,1182 S HIGHLAND AVE,41.86594165,-87.78126621
16173260160000,1184 S HIGHLAND AVE,41.8658706,-87.78127387
16173260170000,1151 S HARVEY AVE,41.86705492,-87.78061506
16173260180000,1153 S HARVEY AVE,41.8669732,-87.78059461
16173260190000,1155 S HARVEY AVE,41.86690996,-87.78058458
16173260200000,1157 S HARVEY AVE,41.86684154,-87.78059222
16173260210000,1159 S HARVEY AVE,41.86676519,-87.78059288
16173260220000,1161 S HARVEY AVE,41.86669933,-87.7805864
16173260230000,1163 S HARVEY AVE,41.86663614,-87.78058694
16173260240000,1165 S HARVEY AVE,41.86655968,-87.78056645
16173260250000,1167 S HARVEY AVE,41.86648866,-87.78058116
16173260260000,1169 S HARVEY AVE,41.86642277,-87.78056763
16173260270000,1171 S HARVEY AVE,41.86635168,-87.78056824
16173260280000,1173 S HARVEY AVE,41.86629113,-87.78056876
16173260290000,1175 S HARVEY AVE,41.86621999,-87.7805588
16173260300000,1177 S HARVEY AVE,41.86614898,-87.78057704
16173260310000,1179 S HARVEY AVE,41.86608042,-87.78055647
16173260320000,1181 S HARVEY AVE,41.86602248,-87.78055345
16173260330000,1183 S HARVEY AVE,41.86594353,-87.78056118
16173260340000,1185 S HARVEY AVE,41.86588297,-87.7805617
16173260460000,6226 W ROOSEVELT RD,41.86563655,-87.78065663
16173270010000,1150 S HARVEY AVE,41.86706382,-87.78006608
16173270020000,1152 S HARVEY AVE,41.86697955,-87.78006328
16173270030000,1154 S HARVEY AVE,41.86690321,-87.78006746
16173270040000,1158 S HARVEY AVE,41.86685055,-87.78006791
16173270060000,1160 S HARVEY AVE,41.86671096,-87.78005854
16173270070000,1162 S HARVEY AVE,41.86662934,-87.78005924
16173270080000,1164 S HARVEY AVE,41.86656088,-87.78005983
16173270090000,1166 S HARVEY AVE,41.86649507,-87.78006393
16173270100000,1168 S HARVEY AVE,41.86642915,-87.78004335
16173270110000,1170 S HARVEY AVE,41.86635806,-87.78004396
16173270120000,1172 S HARVEY AVE,41.86628437,-87.78005164
16173270130000,1174 S HARVEY AVE,41.86621853,-87.78004869
16173270140000,1176 S HARVEY AVE,41.86615798,-87.78004921
16173270150000,1178 S HARVEY AVE,41.86608162,-87.78004987
16173270160000,1180 S HARVEY AVE,41.86601053,-87.78005048
16173270170000,1184 S HARVEY AVE,41.86593946,-87.78005462
16173270180000,1186 S HARVEY AVE,41.86588679,-87.78005155
16173270190000,1151 S LOMBARD AVE,41.8670887,-87.77941593
16173270200000,1153 S LOMBARD AVE,41.86700222,-87.77940222
16173270210000,1155 S LOMBARD AVE,41.86693201,-87.77940283
16173270220000,1157 S LOMBARD AVE,41.86685635,-87.77939264
16173270230000,1159 S LOMBARD AVE,41.86679424,-87.77939317
16173270240000,1161 S LOMBARD AVE,41.86672404,-87.77939739
16173270250000,1163 S LOMBARD AVE,41.86665382,-87.77939438
16173270260000,1165 S LOMBARD AVE,41.86658361,-87.77939499
16173270270000,1167 S LOMBARD AVE,41.8665108,-87.77941731
16173270280000,1171 S LOMBARD AVE,41.86638921,-87.7794039
16173270290000,1173 S LOMBARD AVE,41.86627302,-87.77939044
16173270320000,1181 S LOMBARD AVE,41.86602999,-87.77939254
16173270330000,1183 S LOMBARD AVE,41.86597328,-87.77939303
16173270340000,1185 S LOMBARD AVE,41.8658976,-87.77937922
16173270350000,6218 W ROOSEVELT RD,41.86551684,-87.78000591
16173270360000,6216 W ROOSEVELT RD,41.86553576,-87.77993052
16173270370000,6214 W ROOSEVELT RD,41.86558801,-87.77984547
16173270380000,6210 W ROOSEVELT RD,41.86561269,-87.77972426
16173270390000,6208 W ROOSEVELT RD,41.86561718,-87.77953623
16173270400000,6200 W ROOSEVELT RD,41.86554856,-87.77930546
16173270410000,1177 S LOMBARD AVE,41.86617502,-87.77940707
16173280010000,1150 S LOMBARD AVE,41.86709025,-87.7788158
16173280020000,1152 S LOMBARD AVE,41.86701471,-87.77883091
16173280040000,1156 S LOMBARD AVE,41.86687972,-87.77883931
16173280050000,1158 S LOMBARD AVE,41.86680678,-87.77883271
16173280080000,1164 S LOMBARD AVE,41.86661218,-87.77879824
16173280090000,1166 S LOMBARD AVE,41.86652845,-87.77879534
16173280100000,1170 S LOMBARD AVE,41.86639614,-87.7788001
16173280110000,1172 S LOMBARD AVE,41.86632329,-87.77881158
16173280120000,1174 S LOMBARD AVE,41.86625309,-87.7788158
16173280130000,1176 S LOMBARD AVE,41.86619086,-87.77879103
16173280140000,1178 S LOMBARD AVE,41.86610995,-87.77881342
16173280150000,1180 S LOMBARD AVE,41.8660126,-87.77878534
16173280160000,1184 S LOMBARD AVE,41.86592899,-87.77880776
16173280170000,1151 S TAYLOR AVE,41.86712214,-87.77815032
16173280180000,1153 S TAYLOR AVE,41.86703296,-87.77813663
16173280190000,1155 S TAYLOR AVE,41.86695733,-87.77813367
16173280200000,1157 S TAYLOR AVE,41.86688717,-87.77814512
16173280210000,1159 S TAYLOR AVE,41.86677916,-87.77814606
16173280220000,1163 S TAYLOR AVE,41.86669809,-87.77813591
16173280250000,1171 S TAYLOR AVE,41.86639033,-87.77815665
16173280260000,1173 S TAYLOR AVE,41.86630925,-87.77814289
16173280270000,1177 S TAYLOR AVE,41.86620664,-87.77814378
16173280280000,1179 S TAYLOR AVE,41.86612827,-87.77813362
16173280290000,1183 S TAYLOR AVE,41.86603374,-87.77813082
16173280300000,1185 S TAYLOR AVE,41.86595262,-87.77810983
16173280310000,6142 W ROOSEVELT RD,41.86553396,-87.77881435
16173280320000,6140 W ROOSEVELT RD,41.86553536,-87.77870189
16173280330000,6138 W ROOSEVELT RD,41.86562481,-87.77861517
16173280340000,6136 W ROOSEVELT RD,41.86562728,-87.77843758
16173280350000,1191 S TAYLOR AVE,41.86577075,-87.77795925
16173280360000,1160 S LOMBARD AVE,41.86672561,-87.77880087
16173280370000,1167 S TAYLOR AVE,41.86658473,-87.77814774
16173290010000,1150 S TAYLOR AVE,41.86711225,-87.77758196
16173290020000,1152 S TAYLOR AVE,41.86702855,-87.7775863
16173290030000,1154 S TAYLOR AVE,41.86695294,-87.77758695
16173290040000,1158 S TAYLOR AVE,41.86683412,-87.77758798
16173290050000,1160 S TAYLOR AVE,41.86673691,-87.77758883
16173290060000,1164 S TAYLOR AVE,41.86660726,-87.77758272
16173290070000,1166 S TAYLOR AVE,41.86652624,-87.77758342
16173290080000,1168 S TAYLOR AVE,41.86643443,-87.77758422
16173290090000,1172 S TAYLOR AVE,41.86634528,-87.77757776
16173290100000,1174 S TAYLOR AVE,41.86626697,-87.77757844
16173290110000,1176 S TAYLOR AVE,41.86619408,-87.77758268
16173290120000,1178 S TAYLOR AVE,41.86612117,-87.77758331
16173290130000,1180 S TAYLOR AVE,41.86605636,-87.77758387
16173290140000,1182 S TAYLOR AVE,41.86599156,-87.77758805
16173290150000,1184 S TAYLOR AVE,41.8659213,-87.77757782
16173290160000,1151 S LYMAN AVE,41.86710357,-87.77690599
16173290170000,1153 S LYMAN AVE,41.86702802,-87.77691749
16173290180000,1155 S LYMAN AVE,41.8669603,-87.7768747
16173290190000,1157 S LYMAN AVE,41.86689568,-87.77691502
16173290200000,1159 S LYMAN AVE,41.86683216,-87.77715531
16173290210000,1161 S LYMAN AVE,41.86675519,-87.77690178
16173290220000,1163 S LYMAN AVE,41.86668229,-87.77690603
16173290230000,1169 S LYMAN AVE,41.86652496,-87.77692812
16173290240000,1171 S LYMAN AVE,41.86644462,-87.77690086
16173290250000,1173 S LYMAN AVE,41.86634452,-87.77686196
16173290260000,1177 S LYMAN AVE,41.86624187,-87.77685562
16173290270000,1179 S LYMAN AVE,41.86615011,-87.77686726
16173290280000,1181 S LYMAN AVE,41.86605557,-87.77686447
16173290290000,1185 S LYMAN AVE,41.86594491,-87.77687627
16173290300000,6116 W ROOSEVELT RD,41.86557125,-87.77746367
16173290310000,6114 W ROOSEVELT RD,41.86557342,-87.77738285
16173290320000,6112 W ROOSEVELT RD,41.86557021,-87.77727804
16173290330000,6110 W ROOSEVELT RD,41.86558056,-87.77718396
16173290340000,6108 W ROOSEVELT RD,41.86559897,-87.77708258
16173290350000,6104 W ROOSEVELT RD,41.86578165,-87.77688577
16173300010000,1152 S LYMAN AVE,41.86705232,-87.77636139
16173300020000,1154 S LYMAN AVE,41.86696868,-87.77637658
16173300030000,1156 S LYMAN AVE,41.86689575,-87.7763736
16173300040000,1158 S LYMAN AVE,41.86682539,-87.77634167
16173300060000,1162 S LYMAN AVE,41.86671721,-87.77631007
16173300070000,1164 S LYMAN AVE,41.8666173,-87.77631094
16173300080000,1168 S LYMAN AVE,41.86650386,-87.77630831
16173300090000,1170 S LYMAN AVE,41.86637698,-87.77631664
16173300100000,1174 S LYMAN AVE,41.86626637,-87.77633929
16173300110000,1178 S LYMAN AVE,41.86614478,-87.77632589
16173300120000,1180 S LYMAN AVE,41.86607187,-87.77632652
16173300130000,1182 S LYMAN AVE,41.86600983,-87.77634152
16173300140000,1184 S LYMAN AVE,41.86593959,-87.7763349
16173300150000,1151 S HUMPHREY AVE,41.86713817,-87.77568822
16173300160000,1153 S HUMPHREY AVE,41.8670545,-87.77569618
16173300170000,1155 S HUMPHREY AVE,41.86697077,-87.77569329
16173300180000,1159 S HUMPHREY AVE,41.86687624,-87.7756905
16173300190000,1161 S HUMPHREY AVE,41.86680336,-87.77569836
16173300200000,1163 S HUMPHREY AVE,41.8667089,-87.77571003
16173300210000,1165 S HUMPHREY AVE,41.8666358,-87.77567089
16173300240000,1173 S HUMPHREY AVE,41.86634696,-87.7756951
16173300250000,1177 S HUMPHREY AVE,41.86624687,-87.77565981
16173300260000,1179 S HUMPHREY AVE,41.8661388,-87.77564991
16173300270000,1181 S HUMPHREY AVE,41.86604969,-87.77565068
16173300280000,1185 S HUMPHREY AVE,41.86595505,-87.7756262
16173300290000,6046 W ROOSEVELT RD,41.86568299,-87.77639136
16173300300000,6042 W ROOSEVELT RD,41.86562001,-87.77621115
16173300310000,6040 W ROOSEVELT RD,41.8656196,-87.776128
16173300350000,6032 W ROOSEVELT RD,41.86564762,-87.77578071
16173300360000,6030 W ROOSEVELT RD,41.86564711,-87.77567587
16173300370000,6026 W ROOSEVELT RD,41.86561409,-87.77554963
16173300380000,1167 S HUMPHREY AVE,41.8665333,-87.77569709
16173310010000,1150 S HUMPHREY AVE,41.867135,-87.7751649
16173310020000,1154 S HUMPHREY AVE,41.86699987,-87.77514438
16173310030000,1156 S HUMPHREY AVE,41.86687297,-87.7751491
16173310040000,1160 S HUMPHREY AVE,41.8667676,-87.77513917
16173310050000,1164 S HUMPHREY AVE,41.86667141,-87.77508859
16173310060000,1166 S HUMPHREY AVE,41.86658666,-87.77513713
16173310070000,1170 S HUMPHREY AVE,41.86644347,-87.77512392
16173310080000,1172 S HUMPHREY AVE,41.86636789,-87.7751318
16173310140000,1026 S AUSTIN BLVD,41.8670072,-87.77442998
16173310150000,1028 S AUSTIN BLVD,41.86692107,-87.77448858
16173310160000,1032 S AUSTIN BLVD,41.86679469,-87.77447013
16173310170000,1102 S AUSTIN BLVD,41.86671358,-87.77445147
16173310180000,1104 S AUSTIN BLVD,41.86661301,-87.77444788
16173310190000,1106 S AUSTIN BLVD,41.86651907,-87.77443466
16173310200000,1108 S AUSTIN BLVD,41.86644615,-87.7744353
16173310210000,1110 S AUSTIN BLVD,41.86635502,-87.77444565
16173310220000,1116 S AUSTIN BLVD,41.8662371,-87.77435537
16173310230000,1118 S AUSTIN BLVD,41.86613241,-87.77445736
16173310240000,1186 S HUMPHREY AVE,41.86582423,-87.77521411
16173310250000,6016 W ROOSEVELT RD,41.86563298,-87.77498955
16173310340000,1174 S HUMPHREY AVE,41.86627071,-87.77514464
16173310350000,1176 S HUMPHREY AVE,41.86622387,-87.77513944
16173310360000,1178 S HUMPHREY AVE,41.86617214,-87.77514146
16173310371001,1024 S AUSTIN BLVD,41.86708195,-87.77437988
16181000010000,1147 MADISON ST,41.87941751,-87.80453569
16181000070000,513 S MAPLE AVE,41.87906192,-87.80405018
16181010020000,500 S MAPLE AVE,41.87938397,-87.80349942
16181010100000,520 S MAPLE AVE,41.87874267,-87.8032334
16181020010000,504 WISCONSIN AVE,41.87935421,-87.80214802
16181020120000,520 WISCOSNIN AVE,41.87877112,-87.80205045
16181020180000,517 WENONAH AVE,41.87898231,-87.80137262
16181020210000,529 WENONAH AVE,41.87856426,-87.80132965
16181020220000,533 WENONAH AVE,41.87846573,-87.80134412
16181020230000,535 WENONAH AVE,41.87837047,-87.80133126
16181020240000,1035 MADISON ST,41.87944421,-87.80160471
16181030010000,1021 MADISON ST,41.87930947,-87.80088164
16181030020000,1019 MADISON ST,41.87930737,-87.80082114
16181030030000,1015 MADISON ST,41.87931309,-87.80065297
16181030040000,1013 MADISON ST,41.8795268,-87.80056928
16181030050000,1009 MADISON ST,41.87952253,-87.8004265
16181030060000,1007 MADISON ST,41.87952508,-87.80031872
16181030070000,1003 MADISON ST,41.87952912,-87.80010079
16181030090000,516 WENONAH AVE,41.87895253,-87.80074326
16181030100000,520 WENONAH AVE,41.87884391,-87.80078058
16181030110000,524 WENONAH AVE,41.87870792,-87.80078171
16181030120000,528 WENONAH AVE,41.8785855,-87.80077818
16181030130000,532 WENONAH AVE,41.87843597,-87.80079308
16181030140000,513 HOME AVE,41.87914101,-87.80014338
16181030150000,515 HOME AVE,41.87896978,-87.80013902
16181030160000,521 HOME AVE,41.87886439,-87.80013989
16181030170000,525 HOME AVE,41.87871476,-87.80013203
16181030180000,529 HOME AVE,41.87859574,-87.80012847
16181030190000,533 HOME AVE,41.8784869,-87.80012027
16181030200000,535 HOME AVE,41.87839515,-87.80012468
16181030210000,514 WENONAH AVE,41.87907052,-87.80086291
16181040020000,512 HOME AVE,41.87931278,-87.79967713
16181040030000,518 HOME AVE,41.87911375,-87.79966677
16181040040000,522 HOME AVE,41.87891084,-87.79966788
16181040050000,530 HOME AVE,41.87865572,-87.79964269
16181040060000,534 HOME AVE,41.87844495,-87.79964899
16181040090000,511 S CLINTON AVE,41.87927503,-87.79911779
16181040100000,515 S CLINTON AVE,41.87913323,-87.79912319
16181040110000,519 S CLINTON AVE,41.87895559,-87.79912986
16181040120000,521 S CLINTON AVE,41.87886029,-87.7991079
16181040130000,525 S CLINTON AVE,41.87876513,-87.7991178
16181040140000,527 S CLINTON AVE,41.87866654,-87.79911862
16181040150000,531 S CLINTON AVE,41.87856108,-87.79910583
16181040160000,533 S CLINTON AVE,41.87844542,-87.79909314
16181040170000,933 MADISON ST,41.87938672,-87.7992608
16181050010000,500 S CLINTON AVE,41.87954223,-87.79853589
16181050020000,504 S CLINTON AVE,41.87941819,-87.79851917
16181050030000,508 S CLINTON AVE,41.87928216,-87.7985112
16181050040000,512 S CLINTON AVE,41.87917676,-87.79851208
16181050050000,514 S CLINTON AVE,41.87907477,-87.79851293
16181050060000,516 S CLINTON AVE,41.87897609,-87.79849554
16181050070000,520 S CLINTON AVE,41.87887409,-87.79849639
16181050080000,524 S CLINTON AVE,41.87877208,-87.79849269
16181050090000,526 S CLINTON AVE,41.87866328,-87.7984936
16181050100000,530 S CLINTON AVE,41.87856129,-87.79849445
16181050110000,532 S CLINTON AVE,41.87844565,-87.79848631
16181050120000,901 MADISON ST,41.87956359,-87.79781145
16181050130000,507 S KENILWORTH AVE,41.87939919,-87.79766438
16181050140000,511 S KENILWORTH AVE,41.87926653,-87.79769517
16181050150000,515 S KENILWORTH AVE,41.87914475,-87.79769619
16181050160000,517 S KENILWORTH AVE,41.87900454,-87.79769736
16181050170000,521 S KENILWORTH AVE,41.87888279,-87.79768369
16181050180000,525 S KENILWORTH AVE,41.87877215,-87.79768941
16181050190000,529 S KENILWORTH AVE,41.87866136,-87.79768554
16181050200000,533 S KENILWORTH AVE,41.87844369,-87.79767746
16181060030000,508 S KENILWORTH AVE,41.87930899,-87.79708078
16181060040000,512 S KENILWORTH AVE,41.8791946,-87.79707694
16181060050000,514 S KENILWORTH AVE,41.87909856,-87.79705796
16181060060000,518 S KENILWORTH AVE,41.87899167,-87.79707354
16181060070000,522 S KENILWORTH AVE,41.87889202,-87.79707437
16181060080000,524 S KENILWORTH AVE,41.87879976,-87.79707035
16181060090000,526 S KENILWORTH AVE,41.8786928,-87.79707124
16181060100000,530 S KENILWORTH AVE,41.87859307,-87.79703251
16181060110000,532 S KENILWORTH AVE,41.87848235,-87.79704332
16181060120000,847 MADISON ST,41.87953894,-87.79660598
16181060130000,515 CARPENTER AVE,41.87916353,-87.79650368
16181060140000,517 CARPENTER AVE,41.87898618,-87.7964656
16181060150000,521 CARPENTER AVE,41.87887922,-87.79646649
16181060160000,523 CARPENTER AVE,41.87877595,-87.79646256
16181060170000,527 CARPENTER AVE,41.87867252,-87.79644844
16181060180000,535 CARPENTER AVE,41.87852872,-87.79647452
16181060200000,855 MADISON ST,41.87949287,-87.79708314
16181070030000,512 CARPENTER AVE,41.87911624,-87.79604803
16181070040000,516 CARPENTER AVE,41.87896866,-87.79605916
16181070050000,520 CARPENTER AVE,41.87882481,-87.79605047
16181070060000,524 CARPENTER AVE,41.87868832,-87.79605671
16181070070000,528 CARPENTER AVE,41.87856265,-87.79601819
16181070080000,532 CARPENTER AVE,41.8784483,-87.79602425
16181070110000,511 S GROVE AVE,41.8791772,-87.79567699
16181070120000,515 S GROVE AVE,41.87905552,-87.79567801
16181070130000,517 S GROVE AVE,41.87895587,-87.79567885
16181070140000,521 S GROVE AVE,41.87885622,-87.79567968
16181070150000,523 S GROVE AVE,41.87876767,-87.79567563
16181070160000,527 S GROVE AVE,41.87863487,-87.79567674
16181070170000,531 S GROVE AVE,41.87851677,-87.79567293
16181080020000,809 MADISON ST,41.8795366,-87.79482
16181080030000,801 MADISON ST,41.87956857,-87.79456791
16181080040000,510 S GROVE AVE,41.87921253,-87.79516126
16181080050000,512 S GROVE AVE,41.87912771,-87.79516197
16181080060000,514 S GROVE AVE,41.87903918,-87.79516271
16181080070000,518 S GROVE AVE,41.87896166,-87.79516336
16181080080000,520 S GROVE AVE,41.87886945,-87.79516923
16181080090000,522 S GROVE AVE,41.87876237,-87.79514525
16181080100000,526 S GROVE AVE,41.87865543,-87.79515124
16181080110000,528 S GROVE AVE,41.87855949,-87.79515205
16181080120000,532 S GROVE AVE,41.87848202,-87.79516259
16181080130000,534 S GROVE AVE,41.87838978,-87.79516336
16181080140000,538 S GROVE AVE,41.8782421,-87.79512983
16181080150000,540 S GROVE AVE,41.87815728,-87.79513054
16181080160000,544 S GROVE AVE,41.87807235,-87.79513125
16181080170000,511 S OAK PARK AVE,41.87921698,-87.79452898
16181080180000,515 S OAK PARK AVE,41.87913578,-87.79453446
16181080190000,517 S OAK PARK AVE,41.87903621,-87.7945305
16181080200000,519 S OAK PARK AVE,41.87894029,-87.7945361
16181080210000,523 S OAK PARK AVE,41.87880738,-87.79452231
16181080220000,527 S OAK PARK AVE,41.87865619,-87.79454358
16181080230000,529 S OAK PARK AVE,41.87849031,-87.79455966
16181080240000,537 S OAK PARK AVE,41.87839421,-87.794526
16181080250000,539 S OAK PARK AVE,41.87824651,-87.79451225
16181080260000,545 S OAK PARK AVE,41.87810992,-87.79449361
16181080280000,811 MADISON ST,41.87950782,-87.79498333
16181090070000,625 S MAPLE AVE,41.87721904,-87.80408585
16181090080000,631 S MAPLE AVE,41.87707109,-87.80406008
16181090090000,633 S MAPLE AVE,41.87692308,-87.80407114
16181090120000,711 S MAPLE AVE,41.87648763,-87.80403202
16181090130000,215 S HARLEM AVE,41.87620766,-87.80432419
16181090170000,713 S MAPLE AVE,41.87630402,-87.80403013
16181090190000,715 S MAPLE AVE,41.87617806,-87.80399475
16181090220000,621 S MAPLE AVE,41.87739147,-87.80407784
16181090380000,641 S MAPLE AVE,41.87669131,-87.8039667
16181100070000,622 S MAPLE AVE,41.87736884,-87.80339152
16181100080000,626 S MAPLE AVE,41.87723977,-87.8034199
16181100090000,630 S MAPLE AVE,41.87711062,-87.80343008
16181100100000,632 S MAPLE AVE,41.87695089,-87.80344505
16181100170000,621 WISCONSIN AVE,41.87737161,-87.80259395
16181100180000,625 WISCONSIN AVE,41.87723551,-87.80257232
16181100190000,629 WISCONSIN AVE,41.87709951,-87.80257344
16181100200000,633 WISCONSIN AVE,41.87698041,-87.80255167
16181100230000,610 S MAPLE AVE,41.87775479,-87.80306301
16181110010000,600 WISCONSIN AVE,41.87807617,-87.80195034
16181110020000,602 WISCONSIN AVE,41.87799797,-87.80195099
16181110030000,606 WISCONSIN AVE,41.87789934,-87.80198095
16181110040000,608 WISCONSIN AVE,41.87779739,-87.8019909
16181110050000,612 WISCONSIN AVE,41.87767153,-87.80197828
16181110060000,616 WISCONSIN AVE,41.87752859,-87.8019476
16181110070000,620 WISCONSIN AVE,41.87742319,-87.80194847
16181110080000,622 WISCONSIN AVE,41.8773145,-87.80197213
16181110090000,626 WISCONSIN AVE,41.87718195,-87.80198234
16181110100000,630 WISCONSIN AVE,41.87710367,-87.80196478
16181110110000,632 WISCONSIN AVE,41.87697788,-87.80196582
16181110120000,601 WENONAH AVE,41.87810381,-87.80131278
16181110130000,605 WENONAH AVE,41.8780086,-87.80130901
16181110140000,607 WENONAH AVE,41.87791009,-87.80132895
16181110150000,609 WENONAH AVE,41.8778285,-87.80132963
16181110160000,611 WENONAH AVE,41.87776388,-87.80132562
16181110170000,613 WENONAH AVE,41.87768559,-87.80130714
16181110180000,617 WENONAH AVE,41.87758698,-87.80130341
16181110190000,619 WENONAH AVE,41.87748849,-87.8013279
16181110200000,621 WENONAH AVE,41.8773729,-87.80132886
16181110230000,629 WENONAH AVE,41.87711781,-87.80130821
16181110240000,635 WENONAH AVE,41.87699533,-87.80129102
16181110250000,625 WENONAH AVE,41.8772879,-87.80132957
16181120010000,602 WENONAH AVE,41.87810785,-87.80071638
16181120020000,604 WENONAH AVE,41.87802292,-87.80073075
16181120030000,606 WENONAH AVE,41.87792796,-87.80078161
16181120040000,610 WENONAH AVE,41.8778293,-87.80080565
16181120050000,614 WENONAH AVE,41.87765578,-87.80077978
16181120060000,616 WENONAH AVE,41.87754686,-87.80075337
16181120070000,620 WENONAH AVE,41.87742108,-87.80075896
16181120080000,622 WENONAH AVE,41.87733275,-87.80077404
16181120090000,624 WENONAH AVE,41.87724778,-87.8007793
16181120100000,630 WENONAH AVE,41.87714181,-87.80065658
16181120120000,601 HOME AVE,41.87810947,-87.80011455
16181120130000,605 HOME AVE,41.87800748,-87.8001154
16181120140000,607 HOME AVE,41.87792246,-87.80011156
16181120150000,609 HOME AVE,41.87783407,-87.80011229
16181120160000,611 HOME AVE,41.87774907,-87.800113
16181120170000,615 HOME AVE,41.87765046,-87.80010926
16181120180000,617 HOME AVE,41.87756878,-87.80009173
16181120190000,621 HOME AVE,41.87742894,-87.8000715
16181120200000,625 HOME AVE,41.87728963,-87.80009086
16181120210000,629 HOME AVE,41.87721825,-87.80009601
16181120220000,631 HOME AVE,41.87707888,-87.80010172
16181120240000,635 HOME AVE,41.87696681,-87.80012997
16181120250000,632 WENONAH AVE,41.87703113,-87.80076056
16181130010000,600 HOME AVE,41.87808915,-87.79961669
16181130020000,608 HOME AVE,41.87789183,-87.79959102
16181130030000,614 HOME AVE,41.87768454,-87.79961551
16181130040000,620 HOME AVE,41.87749075,-87.79961712
16181130050000,626 HOME AVE,41.8772697,-87.7996053
16181130060000,632 HOME AVE,41.87705887,-87.79959795
16181130070000,601 S CLINTON AVE,41.87811735,-87.79910204
16181130080000,605 S CLINTON AVE,41.87799152,-87.79909398
16181130090000,609 S CLINTON AVE,41.87787259,-87.79910863
16181130100000,611 S CLINTON AVE,41.8777568,-87.79906862
16181130110000,615 S CLINTON AVE,41.87765141,-87.7990695
16181130120000,619 S CLINTON AVE,41.87754941,-87.79907035
16181130130000,621 S CLINTON AVE,41.87745428,-87.7990848
16181130140000,625 S CLINTON AVE,41.8773012,-87.79906786
16181130150000,629 S CLINTON AVE,41.87717535,-87.79905526
16181130160000,635 S CLINTON AVE,41.87702578,-87.79906105
16181140010000,600 S CLINTON AVE,41.87809953,-87.79848808
16181140020000,604 S CLINTON AVE,41.8779976,-87.79850258
16181140030000,608 S CLINTON AVE,41.87788201,-87.79850354
16181140040000,610 S CLINTON AVE,41.87779348,-87.79847697
16181140050000,616 S CLINTON AVE,41.87758599,-87.79845594
16181140060000,620 S CLINTON AVE,41.87744317,-87.79845258
16181140070000,624 S CLINTON AVE,41.87731398,-87.79845365
16181140080000,628 S CLINTON AVE,41.87720863,-87.79846364
16181140090000,634 S CLINTON AVE,41.87704533,-87.79844224
16181140100000,601 S KENILWORTH AVE,41.87814693,-87.79767451
16181140110000,605 S KENILWORTH AVE,41.87799571,-87.79767578
16181140120000,611 S KENILWORTH AVE,41.87787021,-87.79765224
16181140130000,615 S KENILWORTH AVE,41.87774465,-87.7976386
16181140140000,617 S KENILWORTH AVE,41.87760444,-87.79763977
16181140150000,621 S KENILWORTH AVE,41.87747164,-87.79764088
16181140160000,625 S KENILWORTH AVE,41.87736839,-87.79764174
16181140170000,627 S KENILWORTH AVE,41.87726874,-87.79764257
16181140180000,629 S KENILWORTH AVE,41.87715805,-87.7976384
16181140190000,635 S KENILWORTH AVE,41.87705561,-87.79765874
16181150010000,600 S KENILWORTH AVE,41.87815143,-87.79705056
16181150020000,604 S KENILWORTH AVE,41.87802598,-87.79703692
16181150030000,608 S KENILWORTH AVE,41.8779042,-87.79703793
16181150040000,612 S KENILWORTH AVE,41.87779351,-87.79703406
16181150050000,614 S KENILWORTH AVE,41.87769015,-87.79703493
16181150060000,616 S KENILWORTH AVE,41.87758296,-87.79698636
16181150070000,620 S KENILWORTH AVE,41.87750203,-87.79702661
16181150080000,624 S KENILWORTH AVE,41.87738025,-87.79702763
16181150090000,626 S KENILWORTH AVE,41.8772843,-87.79702843
16181150110000,601 CARPENTER AVE,41.87816707,-87.79645267
16181150120000,605 CARPENTER AVE,41.87803056,-87.79645381
16181150130000,609 CARPENTER AVE,41.87788295,-87.79643526
16181150140000,613 CARPENTER AVE,41.87774645,-87.7964364
16181150150000,617 CARPENTER AVE,41.87761361,-87.79642792
16181150160000,621 CARPENTER AVE,41.87748076,-87.79641914
16181150170000,625 CARPENTER AVE,41.87734786,-87.79642025
16181150180000,629 CARPENTER AVE,41.87720036,-87.79642629
16181150190000,633 CARPENTER AVE,41.87705708,-87.7964074
16181150210000,630 S KENILWORTH AVE,41.87716239,-87.79697999
16181160010000,600 CARPENTER AVE,41.87819701,-87.79602763
16181160020000,604 CARPENTER AVE,41.87809005,-87.79602853
16181160030000,606 CARPENTER AVE,41.87797568,-87.79602949
16181160040000,610 CARPENTER AVE,41.87783547,-87.79603066
16181160050000,614 CARPENTER AVE,41.87769894,-87.79602701
16181160060000,616 CARPENTER AVE,41.87757345,-87.79602806
16181160070000,622 CARPENTER AVE,41.87747391,-87.79602889
16181160080000,626 CARPENTER AVE,41.87734102,-87.79601022
16181160110000,601 S GROVE AVE,41.87816577,-87.79566726
16181160120000,605 S GROVE AVE,41.87805495,-87.79563372
16181160130000,609 S GROVE AVE,41.87791114,-87.79563492
16181160140000,613 S GROVE AVE,41.87779306,-87.79563591
16181160150000,615 S GROVE AVE,41.87771554,-87.79563656
16181160160000,619 S GROVE AVE,41.87763442,-87.79563724
16181160170000,621 S GROVE AVE,41.87750518,-87.79562843
16181160180000,625 S GROVE AVE,41.87737611,-87.79563431
16181160190000,629 S GROVE AVE,41.87721375,-87.79563087
16181160210000,634 CARPENTER AVE,41.87709573,-87.79601767
16181160220000,633 S GROVE AVE,41.87707808,-87.79565629
16181170010000,600 S GROVE AVE,41.87779067,-87.79512596
16181170020000,604 S GROVE AVE,41.87769093,-87.79510701
16181170030000,606 S GROVE AVE,41.87762082,-87.7951076
16181170040000,608 S GROVE AVE,41.87752476,-87.79508353
16181170050000,612 S GROVE AVE,41.87737347,-87.79507011
16181170060000,616 S GROVE AVE,41.87722955,-87.79507131
16181170070000,620 S GROVE AVE,41.87710046,-87.7950724
16181170080000,624 S GROVE AVE,41.87697204,-87.79506298
16181170090000,630 S GROVE AVE,41.87683183,-87.79506416
16181170100000,632 S GROVE AVE,41.87668803,-87.79509025
16181170110000,636 S GROVE AVE,41.87654035,-87.79505701
16181170120000,640 S GROVE AVE,41.87641124,-87.795053
16181170130000,644 S GROVE AVE,41.87626732,-87.79505421
16181170140000,601 S OAK PARK AVE,41.87779874,-87.79449846
16181170150000,605 S OAK PARK AVE,41.87765832,-87.79445498
16181170160000,609 S OAK PARK AVE,41.87752184,-87.79446122
16181170170000,613 S OAK PARK AVE,41.87738905,-87.79446233
16181170180000,617 S OAK PARK AVE,41.87725257,-87.79446828
16181170190000,621 S OAK PARK AVE,41.87709386,-87.79445492
16181170200000,625 S OAK PARK AVE,41.87698382,-87.79443576
16181170210000,633 S OAK PARK AVE,41.87684368,-87.79445163
16181170220000,635 S OAK PARK AVE,41.87669234,-87.79442832
16181170230000,637 S OAK PARK AVE,41.87657056,-87.79442934
16181170240000,641 S OAK PARK AVE,41.87636763,-87.79442595
16181180010000,702 S MAPLE AVE,41.87662704,-87.80341108
16181180020000,704 S MAPLE AVE,41.87649185,-87.80337529
16181180030000,708 S MAPLE AVE,41.8763558,-87.80342402
16181180040000,712 S MAPLE AVE,41.8762299,-87.8034023
16181180050000,716 S MAPLE AVE,41.87608024,-87.80338989
16181180060000,720 S MAPLE AVE,41.87595947,-87.80339509
16181180070000,724 S MAPLE AVE,41.87580982,-87.80338312
16181180080000,728 S MAPLE AVE,41.87567378,-87.80337514
16181180090000,732 S MAPLE AVE,41.87552077,-87.80337186
16181180100000,701 WISCONSIN AVE,41.87665095,-87.80254939
16181180110000,705 WISCONSIN AVE,41.87650814,-87.80254601
16181180120000,711 WISCONSIN AVE,41.87636197,-87.80255178
16181180130000,715 WISCONSIN AVE,41.87623955,-87.80254824
16181180140000,719 WISCONSIN AVE,41.87608994,-87.80254492
16181180150000,721 WISCONSIN AVE,41.87595555,-87.80254706
16181180160000,725 WISCONSIN AVE,41.8758195,-87.80253453
16181180170000,729 WISCONSIN AVE,41.87570396,-87.80254914
16181180180000,735 WISCONSIN AVE,41.87555097,-87.8025504
16181190050000,708 WISCONSIN AVE,41.87638782,-87.8019139
16181190060000,712 WISCONSIN AVE,41.87628242,-87.80191478
16181190070000,714 WISCONSIN AVE,41.87618721,-87.80191101
16181190080000,718 WISCONSIN AVE,41.87604777,-87.80190306
16181190090000,722 WISCONSIN AVE,41.87590173,-87.80193728
16181190120000,1044 JACKSON BLVD,41.87553107,-87.80192214
16181190130000,701 WENONAH AVE,41.8766777,-87.80133336
16181190140000,707 WENONAH AVE,41.87653822,-87.80131631
16181190150000,709 WENONAH AVE,41.87638808,-87.80131005
16181190160000,715 WENONAH AVE,41.87625886,-87.80130657
16181190170000,717 WENONAH AVE,41.87611095,-87.80124241
16181190180000,723 WENONAH AVE,41.87595269,-87.80126814
16181190190000,725 WENONAH AVE,41.87585442,-87.80126463
16181190200000,727 WENONAH AVE,41.87577278,-87.80125574
16181190210000,729 WENONAH AVE,41.87569118,-87.80125642
16181190220000,733 WENONAH AVE,41.87562319,-87.80125699
16181190230000,735 WENONAH AVE,41.87553135,-87.80124865
16181190240000,700 WISCONSIN AVE,41.87666663,-87.80191614
16181190250000,704 WISCONSIN AVE,41.87656801,-87.80191241
16181190260000,706 WISCONSIN AVE,41.87648302,-87.80191311
16181190270000,728 WISCONSIN AVE,41.87579277,-87.80190176
16181190280000,730 WISCONSIN AVE,41.87569078,-87.80190261
16181200010000,700 WENONAH AVE,41.87666957,-87.80077787
16181200020000,702 WENONAH AVE,41.8766429,-87.80068837
16181200030000,704 WENONAH AVE,41.87652497,-87.80069413
16181200040000,708 WENONAH AVE,41.87641959,-87.80069887
16181200070000,716 WENONAH AVE,41.87613052,-87.80068306
16181200080000,724 WENONAH AVE,41.87600139,-87.80069779
16181200090000,728 WENONAH AVE,41.87586559,-87.80070416
16181200100000,730 WENONAH AVE,41.87573302,-87.80070981
16181200110000,732 WENONAH AVE,41.87564463,-87.80071055
16181200120000,734 WENONAH AVE,41.87555283,-87.80071131
16181200130000,701 HOME AVE,41.87666255,-87.80008253
16181200140000,707 HOME AVE,41.87652991,-87.80007453
16181200150000,709 HOME AVE,41.87644151,-87.80007527
16181200160000,711 HOME AVE,41.87633601,-87.80005338
16181200170000,715 HOME AVE,41.87624418,-87.80004504
16181200180000,717 HOME AVE,41.87615914,-87.80003664
16181200190000,719 HOME AVE,41.87607754,-87.80003732
16181200200000,723 HOME AVE,41.87598575,-87.80003808
16181200210000,725 HOME AVE,41.87588715,-87.8000389
16181200220000,727 HOME AVE,41.87579542,-87.80005332
16181200230000,731 HOME AVE,41.87567303,-87.80005434
16181200240000,735 HOME AVE,41.87557097,-87.80004153
16181200250000,714 WENONAH AVE,41.87626643,-87.80066373
16181210010000,700 HOME AVE,41.87664691,-87.79957183
16181210020000,708 HOME AVE,41.87646967,-87.7995733
16181210030000,714 HOME AVE,41.87625751,-87.79955884
16181210040000,720 HOME AVE,41.87601439,-87.79955211
16181210050000,726 HOME AVE,41.87582009,-87.79953834
16181210060000,734 HOME AVE,41.87560518,-87.79953859
16181210070000,701 S CLINTON AVE,41.87669949,-87.79903338
16181210080000,707 S CLINTON AVE,41.87656349,-87.79903451
16181210090000,709 S CLINTON AVE,41.87644108,-87.79903098
16181210100000,711 S CLINTON AVE,41.87633908,-87.79903183
16181210110000,715 S CLINTON AVE,41.87620983,-87.79901925
16181210120000,721 S CLINTON AVE,41.87602623,-87.79902078
16181210130000,725 S CLINTON AVE,41.87587324,-87.79902205
16181210140000,733 S CLINTON AVE,41.87558768,-87.79902898
16181220010000,700 S CLINTON AVE,41.87671573,-87.79843325
16181220020000,704 S CLINTON AVE,41.87658653,-87.79843433
16181220030000,708 S CLINTON AVE,41.87648114,-87.79843521
16181220040000,710 S CLINTON AVE,41.87637566,-87.79841788
16181220050000,714 S CLINTON AVE,41.87628049,-87.79842322
16181220060000,716 S CLINTON AVE,41.87616827,-87.79841961
16181220070000,720 S CLINTON AVE,41.87606959,-87.79840222
16181220080000,722 S CLINTON AVE,41.87596776,-87.79839937
16181220090000,724 S CLINTON AVE,41.87586562,-87.79840848
16181220100000,728 S CLINTON AVE,41.87574323,-87.7984095
16181220110000,734 S CLINTON AVE,41.87560384,-87.79841066
16181220120000,701 S KENILWORTH AVE,41.87673689,-87.7976008
16181220130000,705 S KENILWORTH AVE,41.8766003,-87.79758216
16181220140000,709 S KENILWORTH AVE,41.87649334,-87.79758305
16181220150000,711 S KENILWORTH AVE,41.87634952,-87.79758425
16181220160000,715 S KENILWORTH AVE,41.87624617,-87.79758512
16181220170000,721 S KENILWORTH AVE,41.87609865,-87.79758635
16181220180000,725 S KENILWORTH AVE,41.87594362,-87.79758764
16181220190000,729 S KENILWORTH AVE,41.87578505,-87.79760396
16181220200000,735 S KENILWORTH AVE,41.87563739,-87.79757551
16181230010000,700 S KENILWORTH AVE,41.87672209,-87.79701593
16181230020000,704 S KENILWORTH AVE,41.87659278,-87.79699243
16181230030000,708 S KENILWORTH AVE,41.87646364,-87.79698362
16181230040000,712 S KENILWORTH AVE,41.87632711,-87.79697966
16181230050000,716 S KENILWORTH AVE,41.87618752,-87.79697731
16181230060000,720 S KENILWORTH AVE,41.87605767,-87.79695224
16181230070000,724 S KENILWORTH AVE,41.87595442,-87.7969531
16181230080000,726 S KENILWORTH AVE,41.87585477,-87.79695394
16181230090000,730 S KENILWORTH AVE,41.87575142,-87.7969548
16181230100000,732 S KENILWORTH AVE,41.87563344,-87.79695579
16181230110000,701 CARPENTER AVE,41.87676242,-87.79640144
16181230120000,705 CARPENTER AVE,41.87665361,-87.79639598
16181230130000,707 CARPENTER AVE,41.87653193,-87.796397
16181230140000,711 CARPENTER AVE,41.87639309,-87.79638137
16181230150000,715 CARPENTER AVE,41.8762712,-87.79638239
16181230160000,719 CARPENTER AVE,41.87614092,-87.79637209
16181230170000,723 CARPENTER AVE,41.8760316,-87.79637301
16181230180000,725 CARPENTER AVE,41.87590971,-87.79637403
16181230190000,729 CARPENTER AVE,41.87577522,-87.79638654
16181230200000,733 CARPENTER AVE,41.875625,-87.79637344
16181240010000,700 CARPENTER AVE,41.876752,-87.79597809
16181240020000,704 CARPENTER AVE,41.87663004,-87.79596203
16181240030000,708 CARPENTER AVE,41.87648715,-87.79596323
16181240040000,712 CARPENTER AVE,41.87635682,-87.79596432
16181240050000,714 CARPENTER AVE,41.87625591,-87.79595977
16181240060000,716 CARPENTER AVE,41.87615925,-87.79596058
16181240070000,720 CARPENTER AVE,41.87605414,-87.79596146
16181240080000,724 CARPENTER AVE,41.8759365,-87.79596784
16181240090000,728 CARPENTER AVE,41.8758314,-87.79594624
16181240100000,730 CARPENTER AVE,41.8757317,-87.7960105
16181240110000,701 S GROVE AVE,41.87679003,-87.79559107
16181240120000,705 S GROVE AVE,41.87662771,-87.79559753
16181240130000,709 S GROVE AVE,41.87651703,-87.79559336
16181240140000,711 S GROVE AVE,41.87640631,-87.79558439
16181240150000,715 S GROVE AVE,41.87631771,-87.79557045
16181240160000,717 S GROVE AVE,41.87623289,-87.79557116
16181240170000,719 S GROVE AVE,41.87614425,-87.7955719
16181240180000,723 S GROVE AVE,41.87604837,-87.79556281
16181240190000,725 S GROVE AVE,41.87595611,-87.79555879
16181240200000,727 S GROVE AVE,41.87587122,-87.79556939
16181240210000,731 S GROVE AVE,41.87578262,-87.79555515
16181240220000,733 S GROVE AVE,41.87567571,-87.79556594
16181250010000,700 S GROVE AVE,41.87592049,-87.7950536
16181250020000,704 S GROVE AVE,41.87582829,-87.79506427
16181250030000,708 S GROVE AVE,41.87568799,-87.79504566
16181250040000,716 S GROVE AVE,41.87556261,-87.79504671
16181250050000,718 S GROVE AVE,41.87541867,-87.79504312
16181250060000,720 S GROVE AVE,41.8752674,-87.7950345
16181250070000,726 S GROVE AVE,41.8751346,-87.79503561
16181250080000,730 S GROVE AVE,41.87500904,-87.79502168
16181250090000,734 S GROVE AVE,41.87485784,-87.79502804
16181250100000,738 S GROVE AVE,41.87473836,-87.79501496
16181250110000,740 S GROVE AVE,41.87459599,-87.79501039
16181250120000,742 S GROVE AVE,41.87450772,-87.79501114
16181250130000,748 S GROVE AVE,41.87440682,-87.79500636
16181250140000,701 S OAK PARK AVE,41.87597654,-87.79440593
16181250150000,705 S OAK PARK AVE,41.87582146,-87.79439734
16181250160000,709 S OAK PARK AVE,41.87570356,-87.79441332
16181250170000,713 S OAK PARK AVE,41.87555973,-87.79443431
16181250180000,717 S OAK PARK AVE,41.87542671,-87.79438597
16181250190000,721 S OAK PARK AVE,41.87529746,-87.79437716
16181250200000,725 S OAK PARK AVE,41.87516837,-87.79437825
16181250210000,729 S OAK PARK AVE,41.87500973,-87.79437958
16181250220000,733 S OAK PARK AVE,41.87487413,-87.79438167
16181250230000,737 S OAK PARK AVE,41.8747311,-87.79436753
16181250240000,741 S OAK PARK AVE,41.87459671,-87.79438962
16181250250000,745 S OAK PARK AVE,41.87445454,-87.79442628
16181260040000,731 S MAPLE AVE,41.87559616,-87.80400851
16181260050000,733 S MAPLE AVE,41.87549663,-87.80397021
16181260060000,737 S MAPLE AVE,41.87539434,-87.80396323
16181260070000,741 S MAPLE AVE,41.87530955,-87.80395219
16181260080000,801 S MAPLE AVE,41.8752161,-87.8039647
16181260090000,803 S MAPLE AVE,41.87512261,-87.80396548
16181260100000,809 S MAPLE AVE,41.87494641,-87.80398431
16181260110000,815 S MAPLE AVE,41.87478851,-87.80395823
16181260120000,817 S MAPLE AVE,41.87468625,-87.80395908
16181260130000,819 S MAPLE AVE,41.87461612,-87.80395966
16181260140000,821 S MAPLE AVE,41.87451377,-87.80394094
16181260150000,825 S MAPLE AVE,41.87440274,-87.80394186
16181260160000,829 S MAPLE AVE,41.87430937,-87.80397001
16181260210000,727 S MAPLE AVE,41.87576515,-87.80404052
16181270010000,1123 JACKSON BLVD,41.87520384,-87.80334669
16181270020000,804 S MAPLE AVE,41.87511905,-87.80333566
16181270030000,806 S MAPLE AVE,41.87499926,-87.80333665
16181270040000,810 S MAPLE AVE,41.87490284,-87.80333744
16181270050000,812 S MAPLE AVE,41.87480655,-87.80336562
16181270070000,820 S MAPLE AVE,41.87451722,-87.80335236
16181270080000,822 S MAPLE AVE,41.87439737,-87.80334162
16181270090000,828 S MAPLE AVE,41.87424552,-87.80336243
16181270100000,832 S MAPLE AVE,41.87410216,-87.80332059
16181270120000,801 WISCONSIN AVE,41.87520636,-87.80248644
16181270140000,809 WISCONSIN AVE,41.87496392,-87.80250409
16181270150000,811 WISCONSIN AVE,41.87487039,-87.80249704
16181270160000,815 WISCONSIN AVE,41.87477397,-87.80249784
16181270170000,819 WISCONSIN AVE,41.87464227,-87.80245199
16181270180000,821 WISCONSIN AVE,41.87454888,-87.80247623
16181270190000,825 WISCONSIN AVE,41.87446114,-87.8024574
16181270200000,827 WISCONSIN AVE,41.8743706,-87.80246597
16181270210000,829 WISCONSIN AVE,41.87426529,-87.80243945
16181270220000,833 WISCONSIN AVE,41.87413669,-87.8024327
16181270230000,837 WISCONSIN AVE,41.87399645,-87.80243386
16181270240000,1110 HARRISON ST,41.87382624,-87.8026662
16181270250000,841 WISCONSIN AVE,41.87386783,-87.80242318
16181270260000,816 S MAPLE AVE,41.87462939,-87.80336698
16181270270000,1128 HARRISON ST,41.87391597,-87.80338288
16181280010000,800 WISCONSIN AVE,41.87524539,-87.80187105
16181280020000,804 WISCONSIN AVE,41.87510122,-87.80186528
16181280030000,808 WISCONSIN AVE,41.87495816,-87.80188994
16181280040000,812 WISCONSIN AVE,41.87483545,-87.80189096
16181280050000,816 WISCONSIN AVE,41.87469211,-87.80185694
16181280060000,820 WISCONSIN AVE,41.87455784,-87.80188544
16181280070000,824 WISCONSIN AVE,41.87442346,-87.80189046
16181280090000,828 WISCONSIN AVE,41.87428599,-87.8018603
16181280100000,832 WISCONSIN AVE,41.87418663,-87.80185721
16181280110000,836 WISCONSIN AVE,41.87406382,-87.80183867
16181280120000,840 WISCONSIN AVE,41.87395285,-87.80185133
16181280130000,842 WISCONSIN AVE,41.87385639,-87.8018443
16181280160000,801 WENONAH AVE,41.87526179,-87.80120411
16181280170000,803 WENONAH AVE,41.87517415,-87.80120875
16181280180000,807 WENONAH AVE,41.87507181,-87.80119395
16181280190000,809 WENONAH AVE,41.87496959,-87.80120262
16181280200000,811 WENONAH AVE,41.87487019,-87.80119171
16181280210000,815 WENONAH AVE,41.87477081,-87.80118471
16181280230000,819 WENONAH AVE,41.87464812,-87.80118964
16181280240000,823 WENONAH AVE,41.87449936,-87.80124565
16181280260000,827 WENONAH AVE,41.87437334,-87.80116454
16181280270000,829 WENONAH AVE,41.87428277,-87.80116529
16181280280000,833 WENONAH AVE,41.87419515,-87.80117384
16181280290000,835 WENONAH AVE,41.87410153,-87.80114723
16181280300000,839 WENONAH AVE,41.87400808,-87.80115975
16181280310000,841 WENONAH AVE,41.87390885,-87.80118404
16181280320000,843 WENONAH AVE,41.87380205,-87.80116522
16181290010000,800 WENONAH AVE,41.87524476,-87.80068264
16181290020000,806 WENONAH AVE,41.87511324,-87.80067591
16181290030000,808 WENONAH AVE,41.87501974,-87.80067669
16181290040000,810 WENONAH AVE,41.87494078,-87.80066169
16181290050000,814 WENONAH AVE,41.87484141,-87.80065469
16181290060000,818 WENONAH AVE,41.87472736,-87.80063608
16181290080000,820 WENONAH AVE,41.87458432,-87.80066465
16181290090000,824 WENONAH AVE,41.87449081,-87.80066152
16181290100000,826 WENONAH AVE,41.8744119,-87.80065826
16181290110000,828 WENONAH AVE,41.87432133,-87.80065901
16181290120000,830 WENONAH AVE,41.87424536,-87.80065964
16181290130000,834 WENONAH AVE,41.87413725,-87.80066054
16181290140000,836 WENONAH AVE,41.8740525,-87.80065733
16181290150000,838 WENONAH AVE,41.87397358,-87.80065016
16181290160000,840 WENONAH AVE,41.87388289,-87.80062744
16181290170000,844 WENONAH AVE,41.87379364,-87.80061239
16181290190000,801 HOME AVE,41.87525283,-87.80002062
16181290200000,805 HOME AVE,41.87515044,-87.79999409
16181290210000,807 HOME AVE,41.87508901,-87.79997896
16181290220000,809 HOME AVE,41.87499553,-87.79998364
16181290230000,813 HOME AVE,41.87488669,-87.8000381
16181290240000,815 HOME AVE,41.8748047,-87.79999966
16181290250000,819 HOME AVE,41.87469075,-87.8000006
16181290260000,823 HOME AVE,41.87460005,-87.79997397
16181290270000,825 HOME AVE,41.87444519,-87.79997526
16181290280000,829 HOME AVE,41.87433415,-87.79997227
16181290290000,831 HOME AVE,41.8742611,-87.79997288
16181290300000,833 HOME AVE,41.87415594,-87.79997766
16181290310000,837 HOME AVE,41.87404759,-87.79992771
16181290320000,841 HOME AVE,41.87393372,-87.7999443
16181290330000,843 HOME AVE,41.87383143,-87.79994124
16181290340000,847 HOME AVE,41.87374091,-87.79995373
16181290350000,849 HOME AVE,41.8736358,-87.79997025
16181300010000,802 HOME AVE,41.87525471,-87.79951624
16181300020000,808 HOME AVE,41.87506775,-87.79952562
16181300030000,814 HOME AVE,41.87486891,-87.79949206
16181300040000,820 HOME AVE,41.87464103,-87.79949787
16181300050000,826 HOME AVE,41.87443358,-87.7994996
16181300060000,832 HOME AVE,41.87422018,-87.7994779
16181300070000,840 HOME AVE,41.8740127,-87.7994718
16181300080000,844 HOME AVE,41.87380527,-87.79947744
16181300110000,801 S CLINTON AVE,41.87529616,-87.79900341
16181300120000,805 S CLINTON AVE,41.87517627,-87.79898484
16181300130000,809 S CLINTON AVE,41.87505354,-87.79898195
16181300140000,811 S CLINTON AVE,41.87495126,-87.7989789
16181300150000,813 S CLINTON AVE,41.87486656,-87.79898742
16181300160000,817 S CLINTON AVE,41.87475835,-87.79896485
16181300170000,821 S CLINTON AVE,41.87465608,-87.7989657
16181300180000,825 S CLINTON AVE,41.87453331,-87.79895499
16181300190000,827 S CLINTON AVE,41.87440768,-87.79895604
16181300200000,831 S CLINTON AVE,41.87431414,-87.79894899
16181300210000,833 S CLINTON AVE,41.87420604,-87.79894989
16181300220000,837 S CLINTON AVE,41.87410376,-87.79894683
16181300230000,839 S CLINTON AVE,41.87400732,-87.79894372
16181300240000,843 S CLINTON AVE,41.87388458,-87.79894083
16181300260000,847 S CLINTON AVE,41.87375599,-87.79893408
16181300270000,849 S CLINTON AVE,41.87365373,-87.79893493
16181300320000,850 HOME AVE,41.8736241,-87.79947504
16181310010000,800 S CLINTON AVE,41.87530023,-87.79839135
16181310020000,804 S CLINTON AVE,41.87518621,-87.79837665
16181310030000,808 S CLINTON AVE,41.87507812,-87.79838146
16181310040000,810 S CLINTON AVE,41.87497284,-87.79836278
16181310050000,814 S CLINTON AVE,41.8748677,-87.79837148
16181310060000,818 S CLINTON AVE,41.87476541,-87.79836842
16181310070000,820 S CLINTON AVE,41.87462219,-87.79835788
16181310080000,824 S CLINTON AVE,41.87448777,-87.79835509
16181310090000,828 S CLINTON AVE,41.87439135,-87.79835589
16181310100000,830 S CLINTON AVE,41.87428613,-87.79834894
16181310110000,834 S CLINTON AVE,41.87415175,-87.79835398
16181310120000,838 S CLINTON AVE,41.87405531,-87.79835087
16181310130000,840 S CLINTON AVE,41.8739063,-87.79835211
16181310140000,846 S CLINTON AVE,41.87380095,-87.79831778
16181310150000,848 S CLINTON AVE,41.87370161,-87.79831861
16181310160000,850 S CLINTON AVE,41.8735876,-87.79830783
16181310190000,801 S KENILWORTH AVE,41.87529686,-87.79752889
16181310200000,805 S KENILWORTH AVE,41.87516786,-87.79754976
16181310210000,811 S KENILWORTH AVE,41.87499815,-87.79756107
16181310220000,815 S KENILWORTH AVE,41.87486978,-87.79754085
16181310230000,819 S KENILWORTH AVE,41.87474895,-87.7975578
16181310240000,821 S KENILWORTH AVE,41.87462335,-87.79752558
16181310250000,823 S KENILWORTH AVE,41.87447205,-87.79752684
16181310260000,829 S KENILWORTH AVE,41.87435854,-87.79752216
16181310270000,833 S KENILWORTH AVE,41.87421984,-87.79752332
16181310280000,837 S KENILWORTH AVE,41.8741021,-87.79751304
16181310290000,841 S KENILWORTH AVE,41.87397601,-87.7975141
16181310300000,845 S KENILWORTH AVE,41.87385407,-87.79750386
16181310310000,847 S KENILWORTH AVE,41.873749,-87.79750474
16181310320000,851 S KENILWORTH AVE,41.87359766,-87.79750037
16181310330000,855 S KENILWORTH AVE,41.8734799,-87.79748447
16181320010000,800 S KENILWORTH AVE,41.87532179,-87.79691627
16181320030000,804 S KENILWORTH AVE,41.87517599,-87.79693159
16181320040000,808 S KENILWORTH AVE,41.87505249,-87.79691852
16181320050000,812 S KENILWORTH AVE,41.87490496,-87.79693883
16181320060000,818 S KENILWORTH AVE,41.87479441,-87.79688308
16181320070000,820 S KENILWORTH AVE,41.87469067,-87.7968992
16181320080000,824 S KENILWORTH AVE,41.87455204,-87.79690738
16181320090000,826 S KENILWORTH AVE,41.87443853,-87.7969027
16181320100000,830 S KENILWORTH AVE,41.87432567,-87.7969164
16181320110000,834 S KENILWORTH AVE,41.8741912,-87.79692315
16181320120000,838 S KENILWORTH AVE,41.87408556,-87.79692329
16181320130000,840 S KENILWORTH AVE,41.87396233,-87.79690649
16181320160000,848 S KENILWORTH AVE,41.87371433,-87.79690293
16181320180000,850 S KENILWORTH AVE,41.87358398,-87.79689277
16181320190000,854 S KENILWORTH AVE,41.87345369,-87.79689386
16181320200000,858 S KENILWORTH AVE,41.87334861,-87.79689474
16181320230000,801 CARPENTER AVE,41.87535229,-87.79634766
16181320240000,805 CARPENTER AVE,41.87520097,-87.79632914
16181320250000,809 CARPENTER AVE,41.87507197,-87.79635
16181320260000,813 CARPENTER AVE,41.87494266,-87.79632651
16181320270000,817 CARPENTER AVE,41.87483036,-87.79633104
16181320280000,819 CARPENTER AVE,41.8747336,-87.79630937
16181320290000,823 CARPENTER AVE,41.87462911,-87.79631018
16181320300000,825 CARPENTER AVE,41.87451988,-87.79632235
16181320310000,831 CARPENTER AVE,41.87436842,-87.79628985
16181320320000,833 CARPENTER AVE,41.87424241,-87.79630779
16181320330000,841 CARPENTER AVE,41.87389946,-87.79628476
16181320340000,845 CARPENTER AVE,41.87383213,-87.79626844
16181320350000,847 CARPENTER AVE,41.87374387,-87.79626917
16181320360000,851 CARPENTER AVE,41.87365978,-87.79626425
16181320370000,853 CARPENTER AVE,41.87357992,-87.79626492
16181320380000,855 CARPENTER AVE,41.87347485,-87.7962658
16181320390000,857 CARPENTER AVE,41.87339499,-87.79626647
16181320400000,861 CARPENTER AVE,41.87330673,-87.79626721
16181320410000,863 CARPENTER AVE,41.87322267,-87.79626791
16181320460000,844 S KENILWORTH AVE,41.87384462,-87.79690184
16181330010000,800 CARPENTER AVE,41.87534608,-87.79590602
16181330020000,804 CARPENTER AVE,41.87524039,-87.79589448
16181330030000,806 CARPENTER AVE,41.8751079,-87.7959714
16181330040000,812 CARPENTER AVE,41.87494023,-87.79596658
16181330070000,822 CARPENTER AVE,41.87462598,-87.79591137
16181330080000,826 CARPENTER AVE,41.87452798,-87.79589605
16181330090000,828 CARPENTER AVE,41.87442711,-87.79589689
16181330100000,830 CARPENTER AVE,41.87433884,-87.79589763
16181330120000,834 CARPENTER AVE,41.87422528,-87.7958817
16181330130000,801 S GROVE AVE,41.87535457,-87.79553577
16181330140000,803 S GROVE AVE,41.87527716,-87.79553641
16181330150000,807 S GROVE AVE,41.87518122,-87.79553722
16181330160000,809 S GROVE AVE,41.87509269,-87.79553796
16181330170000,815 S GROVE AVE,41.87494138,-87.79554432
16181330180000,817 S GROVE AVE,41.8748452,-87.7955445
16181330190000,819 S GROVE AVE,41.87474007,-87.79553969
16181330200000,823 S GROVE AVE,41.87464818,-87.79553485
16181330210000,825 S GROVE AVE,41.8745389,-87.79553577
16181330220000,829 S GROVE AVE,41.87440861,-87.79553686
16181330230000,831 S GROVE AVE,41.87432034,-87.7955376
16181330240000,835 S GROVE AVE,41.87422362,-87.79552716
16181330250000,820 CARPENTER AVE,41.87476275,-87.79589981
16181340010000,842 CARPENTER AVE,41.87393709,-87.79588167
16181340020000,844 CARPENTER AVE,41.87385723,-87.79588234
16181340030000,848 CARPENTER AVE,41.87376476,-87.79588312
16181340040000,850 CARPENTER AVE,41.87366389,-87.79588396
16181340050000,854 CARPENTER AVE,41.87357142,-87.79588474
16181340060000,856 CARPENTER AVE,41.87348736,-87.79588544
16181340070000,860 CARPENTER AVE,41.8733949,-87.79588621
16181340080000,862 CARPENTER AVE,41.87329403,-87.79588706
16181340090000,864 CARPENTER AVE,41.87320996,-87.79588776
16181340100000,870 CARPENTER AVE,41.87311729,-87.79584352
16181340110000,843 S GROVE AVE,41.87394383,-87.79552706
16181340120000,847 S GROVE AVE,41.8738386,-87.79549417
16181340130000,849 S GROVE AVE,41.87376232,-87.79548037
16181340140000,851 S GROVE AVE,41.87366144,-87.79548122
16181340150000,855 S GROVE AVE,41.87356535,-87.79548521
16181340160000,857 S GROVE AVE,41.87346868,-87.79548602
16181340170000,859 S GROVE AVE,41.87336781,-87.79548687
16181340180000,863 S GROVE AVE,41.87327114,-87.79548768
16181340190000,865 S GROVE AVE,41.87317447,-87.79548849
16181340220000,830 HARRISON ST,41.873082,-87.79548926
16181350010000,800 S GROVE AVE,41.87411315,-87.79500394
16181350020000,813 VAN BUREN ST,41.87412295,-87.79476039
16181350030000,804 S GROVE AVE,41.87399964,-87.79499927
16181350040000,808 S GROVE AVE,41.87385489,-87.79499411
16181350050000,812 S GROVE AVE,41.87372449,-87.79497269
16181350060000,816 S GROVE AVE,41.8735877,-87.79499146
16181350070000,820 S GROVE AVE,41.87345605,-87.7949725
16181350080000,824 S GROVE AVE,41.87331486,-87.79495117
16181350090000,826 S GROVE AVE,41.87322185,-87.79495514
16181350100000,830 S GROVE AVE,41.87313768,-87.79493333
16181350110000,812 HARRISON ST,41.87298611,-87.79472389
16181350140000,809 S OAK PARK AVE,41.87385157,-87.79440659
16181350150000,815 S OAK PARK AVE,41.87370155,-87.7942315
16181350160000,817 S OAK PARK AVE,41.87362061,-87.79423286
16181350170000,825 S OAK PARK AVE,41.87329944,-87.79432207
16181350180000,829 S OAK PARK AVE,41.87321486,-87.794207
16181350190000,804 HARRISON ST,41.87295471,-87.79432729
16181350210000,801 S OAK PARK AVE,41.87415364,-87.79421453
16181360010000,1140 GARFIELD ST,41.87276954,-87.80397133
16181370070000,1116 GARFIELD ST,41.8726209,-87.80267251
16182000010000,502 S OAK PARK AVE,41.87943938,-87.79411754
16182000020000,741 MADISON ST,41.87943068,-87.79380119
16182000030000,733 MADISON ST,41.87943325,-87.79355894
16182000050000,725 MADISON ST,41.87959157,-87.79316211
16182000060000,512 S OAK PARK AVE,41.87917021,-87.79390386
16182000080000,520 S OAK PARK AVE,41.87887724,-87.79395385
16182000110000,528 S OAK PARK AVE,41.87864114,-87.79396543
16182000120000,530 S OAK PARK AVE,41.87856362,-87.79396608
16182000130000,536 S OAK PARK AVE,41.87845277,-87.79392774
16182000140000,538 S OAK PARK AVE,41.87834206,-87.79391878
16182000150000,540 S OAK PARK AVE,41.87823142,-87.79392451
16182000160000,542 S OAK PARK AVE,41.8781612,-87.79390052
16182000170000,544 S OAK PARK AVE,41.87806896,-87.79390129
16182000180000,515 S EUCLID AVE,41.87919534,-87.79333842
16182000190000,517 S EUCLID AVE,41.87910304,-87.79332451
16182000200000,519 S EUCLID AVE,41.87900698,-87.79330044
16182000210000,521 S EUCLID AVE,41.87890733,-87.79330127
16182000220000,525 S EUCLID AVE,41.87881507,-87.79329725
16182000230000,527 S EUCLID AVE,41.87873395,-87.79329794
16182000240000,529 S EUCLID AVE,41.87863802,-87.79330354
16182000250000,533 S EUCLID AVE,41.87853466,-87.79327983
16182000260000,535 S EUCLID AVE,41.87843128,-87.7932756
16182000290000,543 S EUCLID AVE,41.87816193,-87.79326798
16182000300000,545 S EUCLID AVE,41.87809553,-87.79326854
16182000310000,524 S OAK PARK AVE,41.87874809,-87.79396453
16182000320000,518 S OAK PARK AVE,41.87897583,-87.7938954
16182000330000,539 S EUCLID AVE,41.87829848,-87.79327672
16182010100000,512 S EUCLID AVE,41.87919259,-87.79271928
16182010110000,516 S EUCLID AVE,41.87907449,-87.79271518
16182010120000,518 S EUCLID AVE,41.87895279,-87.79271141
16182010130000,520 S EUCLID AVE,41.87886796,-87.79271213
16182010140000,524 S EUCLID AVE,41.8787462,-87.79271795
16182010150000,528 S EUCLID AVE,41.87864653,-87.79271399
16182010160000,532 S EUCLID AVE,41.87852841,-87.79270509
16182010170000,536 S EUCLID AVE,41.87842516,-87.79270597
16182010180000,538 S EUCLID AVE,41.87831442,-87.79269191
16182010190000,540 S EUCLID AVE,41.87820373,-87.79268805
16182010200000,544 S EUCLID AVE,41.87808568,-87.79269384
16182010210000,515 S WESLEY AVE,41.87920837,-87.79204794
16182010220000,517 S WESLEY AVE,41.87908288,-87.79204899
16182010230000,521 S WESLEY AVE,41.87897595,-87.79205499
16182010240000,523 S WESLEY AVE,41.87886153,-87.79204607
16182010250000,527 S WESLEY AVE,41.87876193,-87.7920568
16182010260000,529 S WESLEY AVE,41.87865486,-87.79203312
16182010270000,533 S WESLEY AVE,41.87854048,-87.79203409
16182010280000,537 S WESLEY AVE,41.87842989,-87.79204971
16182010290000,541 S WESLEY AVE,41.87832295,-87.79205541
16182010300000,543 S WESLEY AVE,41.87820844,-87.792027
16182010310000,545 S WESLEY AVE,41.8781125,-87.7920278
16182010320000,711 MADISON ST,41.87951783,-87.79255717
16182020010000,504 S WESLEY AVE,41.87951821,-87.79161289
16182020020000,643 MADISON ST,41.87940682,-87.79146338
16182020030000,641 MADISON ST,41.8795557,-87.79136153
16182020040000,639 MADISON ST,41.87951445,-87.79118058
16182020050000,633 MADISON ST,41.87962809,-87.79101636
16182020060000,629 MADISON ST,41.87960257,-87.79090961
16182020090000,512 S WESLEY AVE,41.8792268,-87.79150875
16182020100000,514 S WESLEY AVE,41.87916402,-87.7914895
16182020110000,516 S WESLEY AVE,41.87905703,-87.7914853
16182020120000,520 S WESLEY AVE,41.87897952,-87.79148596
16182020130000,522 S WESLEY AVE,41.87888368,-87.79148677
16182020140000,526 S WESLEY AVE,41.87878773,-87.79148758
16182020160000,528 S WESLEY AVE,41.87865494,-87.7914887
16182020170000,530 S WESLEY AVE,41.87857001,-87.79148942
16182020180000,534 S WESLEY AVE,41.87848518,-87.79149013
16182020190000,536 S WESLEY AVE,41.87839294,-87.79149091
16182020200000,540 S WESLEY AVE,41.87828209,-87.79145228
16182020220000,515 CLARENCE AVE,41.87921623,-87.79081694
16182020230000,517 CLARENCE AVE,41.87909438,-87.79080328
16182020240000,521 CLARENCE AVE,41.87899112,-87.79080416
16182020250000,523 CLARENCE AVE,41.87888044,-87.7908
16182020260000,525 CLARENCE AVE,41.87879546,-87.79079082
16182020270000,527 CLARENCE AVE,41.87871805,-87.79079148
16182020280000,531 CLARENCE AVE,41.87862581,-87.79079226
16182020290000,533 CLARENCE AVE,41.87854822,-87.79077822
16182020300000,535 CLARENCE AVE,41.8784671,-87.79077891
16182020310000,537 CLARENCE AVE,41.87836745,-87.79077975
16182020320000,541 CLARENCE AVE,41.87826054,-87.79079055
16182020330000,545 CLARENCE AVE,41.87816094,-87.79080128
16182020340000,642 ADAMS ST,41.87813972,-87.79124924
16182030010000,621 MADISON ST,41.8795974,-87.79039721
16182030020000,619 MADISON ST,41.87960071,-87.79031294
16182030030000,617 MADISON ST,41.87955978,-87.79023444
16182030080000,603 MADISON ST,41.8796159,-87.78960652
16182030100000,512 CLARENCE AVE,41.87924304,-87.79025977
16182030110000,514 CLARENCE AVE,41.87916562,-87.79026042
16182030120000,516 CLARENCE AVE,41.87904382,-87.79025636
16182030130000,518 CLARENCE AVE,41.87893686,-87.79025726
16182030140000,524 CLARENCE AVE,41.87882622,-87.7902633
16182030150000,528 CLARENCE AVE,41.87871164,-87.7902196
16182030160000,530 CLARENCE AVE,41.87859738,-87.79024545
16182030170000,532 CLARENCE AVE,41.8784866,-87.79022151
16182030180000,534 CLARENCE AVE,41.87840909,-87.79022216
16182030190000,536 CLARENCE AVE,41.8783206,-87.7902328
16182030200000,540 CLARENCE AVE,41.87822834,-87.79022879
16182030210000,544 CLARENCE AVE,41.87812869,-87.79022963
16182030220000,513 S EAST AVE,41.8792364,-87.78961739
16182030230000,517 S EAST AVE,41.87914402,-87.78958849
16182030240000,519 S EAST AVE,41.87903691,-87.78957951
16182030250000,523 S EAST AVE,41.8789632,-87.78958013
16182030260000,525 S EAST AVE,41.87886357,-87.78958607
16182030270000,527 S EAST AVE,41.87877131,-87.78958176
16182030280000,531 S EAST AVE,41.8786791,-87.78958764
16182030290000,533 S EAST AVE,41.87857214,-87.78958854
16182030300000,535 S EAST AVE,41.8784762,-87.78958936
16182030310000,545 S EAST AVE,41.8783146,-87.78974871
16182030330000,611 MADISON ST,41.87959176,-87.78996736
16182030340000,609 MADISON ST,41.87961329,-87.78983857
16182030350000,605 MADISON ST,41.87961648,-87.78973002
16182040030000,543 MADISON ST,41.87966276,-87.78887017
16182040060000,512 S EAST AVE,41.87927642,-87.78905724
16182040070000,514 S EAST AVE,41.87919159,-87.78905796
16182040080000,518 S EAST AVE,41.87908824,-87.78905884
16182040090000,520 S EAST AVE,41.87899605,-87.78906952
16182040100000,522 S EAST AVE,41.87891863,-87.78907017
16182040110000,524 S EAST AVE,41.8788335,-87.78900644
16182040140000,530 S EAST AVE,41.87859749,-87.78903812
16182040150000,534 S EAST AVE,41.87846094,-87.78902939
16182040160000,538 S EAST AVE,41.87838342,-87.78903005
16182040170000,540 S EAST AVE,41.87830972,-87.78903067
16182040180000,542 S EAST AVE,41.87824332,-87.78903124
16182040190000,544 S EAST AVE,41.87815839,-87.78903196
16182040210000,515 S SCOVILLE AVE,41.87922153,-87.7883808
16182040220000,517 S SCOVILLE AVE,41.87914407,-87.78837157
16182040230000,519 S SCOVILLE AVE,41.87903329,-87.78834763
16182040240000,523 S SCOVILLE AVE,41.87894476,-87.78834838
16182040250000,525 S SCOVILLE AVE,41.87887095,-87.788349
16182040260000,527 S SCOVILLE AVE,41.87880455,-87.78834957
16182040270000,529 S SCOVILLE AVE,41.87873815,-87.78835013
16182040280000,531 S SCOVILLE AVE,41.87867187,-87.78837558
16182040290000,533 S SCOVILLE AVE,41.87859426,-87.78835645
16182040300000,535 S SCOVILLE AVE,41.87852846,-87.78858491
16182040310000,537 S SCOVILLE AVE,41.87845775,-87.78835761
16182040320000,539 S SCOVILLE AVE,41.87839126,-87.78833839
16182040330000,543 S SCOVILLE AVE,41.87828798,-87.78835396
16182040340000,545 S SCOVILLE AVE,41.87815163,-87.78825536
16182040390000,549 MADISON ST,41.8796019,-87.78916718
16182040400000,510 S EAST AVE,41.87940162,-87.78920163
16182040410000,541 MADISON ST,41.87953557,-87.78868563
16182040420000,528 S EAST AVE,41.87875986,-87.78904184
16182050060000,513 MADISON ST,41.87971227,-87.78758653
16182050080000,509 MADISON ST,41.87971658,-87.787401
16182050090000,501 MADISON ST,41.87972312,-87.78705711
16182050100000,512 S SCOVILLE AVE,41.87929302,-87.78783508
16182050110000,514 S SCOVILLE AVE,41.8792155,-87.78783574
16182050120000,518 S SCOVILLE AVE,41.87910479,-87.78782678
16182050130000,520 S SCOVILLE AVE,41.8790051,-87.78781774
16182050140000,522 S SCOVILLE AVE,41.8789424,-87.78781827
16182050150000,524 S SCOVILLE AVE,41.87887598,-87.78781374
16182050160000,526 S SCOVILLE AVE,41.87879857,-87.7878144
16182050170000,528 S SCOVILLE AVE,41.87873205,-87.78779038
16182050180000,530 S SCOVILLE AVE,41.87865226,-87.78775567
16182050190000,536 S SCOVILLE AVE,41.87846313,-87.78778441
16182050200000,538 S SCOVILLE AVE,41.87839717,-87.78775437
16182050210000,542 S SCOVILLE AVE,41.87821934,-87.78784379
16182050220000,513 S GUNDERSON AVE,41.87930448,-87.78714817
16182050230000,515 S GUNDERSON AVE,41.87922702,-87.78713894
16182050240000,517 S GUNDERSON AVE,41.87914945,-87.78712971
16182050250000,519 S GUNDERSON AVE,41.87906465,-87.78713523
16182050260000,521 S GUNDERSON AVE,41.87896871,-87.78713605
16182050270000,525 S GUNDERSON AVE,41.87889485,-87.78712678
16182050280000,527 S GUNDERSON AVE,41.87881366,-87.78711278
16182050290000,529 S GUNDERSON AVE,41.87874726,-87.78711335
16182050300000,531 S GUNDERSON AVE,41.87868086,-87.78711391
16182050310000,533 S GUNDERSON AVE,41.87861076,-87.78711451
16182050320000,535 S GUNDERSON AVE,41.8785554,-87.78712008
16182050330000,537 S GUNDERSON AVE,41.87848159,-87.78712071
16182050340000,539 S GUNDERSON AVE,41.87840792,-87.78713093
16182050350000,541 S GUNDERSON AVE,41.87834148,-87.7871219
16182050360000,543 S GUNDERSON AVE,41.87826774,-87.78713722
16182050380000,515 MADISON ST,41.87959521,-87.78765109
16182050390000,508 S SCOVILLE AVE,41.87939667,-87.78780584
16182060010000,449 MADISON ST,41.87964626,-87.78664426
16182060020000,435 MADISON ST,41.8797321,-87.78643022
16182060030000,512 S GUNDERSON AVE,41.87932862,-87.78656812
16182060040000,514 S GUNDERSON AVE,41.87920689,-87.78655926
16182060050000,518 S GUNDERSON AVE,41.87910349,-87.78655025
16182060060000,520 S GUNDERSON AVE,41.87898912,-87.78655123
16182060070000,524 S GUNDERSON AVE,41.87888957,-87.78655208
16182060080000,528 S GUNDERSON AVE,41.87876408,-87.78655315
16182060090000,530 S GUNDERSON AVE,41.87867555,-87.7865539
16182060100000,534 S GUNDERSON AVE,41.87855377,-87.78655494
16182060110000,536 S GUNDERSON AVE,41.87843572,-87.78654096
16182060120000,540 S GUNDERSON AVE,41.87832493,-87.78653711
16182060130000,542 S GUNDERSON AVE,41.87822538,-87.78653795
16182060140000,427 MADISON ST,41.87969418,-87.78606046
16182060170000,515 S ELMWOOD AVE,41.87931834,-87.78600161
16182060180000,517 S ELMWOOD AVE,41.87920022,-87.78599273
16182060190000,521 S ELMWOOD AVE,41.87908951,-87.78598378
16182060200000,525 S ELMWOOD AVE,41.87895303,-87.78599004
16182060210000,527 S ELMWOOD AVE,41.87884222,-87.78596131
16182060220000,531 S ELMWOOD AVE,41.87870574,-87.78596727
16182060230000,533 S ELMWOOD AVE,41.87857652,-87.78596358
16182060240000,537 S ELMWOOD AVE,41.87846226,-87.78596455
16182060250000,541 S ELMWOOD AVE,41.8783442,-87.78597035
16182060290000,511 S ELMWOOD AVE,41.87943632,-87.78598082
16182070010000,500 S ELMWOOD AVE,41.87969,-87.78542202
16182070020000,506 S ELMWOOD AVE,41.87954245,-87.78543796
16182070030000,508 S ELMWOOD AVE,41.87935067,-87.7854396
16182070040000,516 S ELMWOOD AVE,41.87919932,-87.78541631
16182070050000,518 S ELMWOOD AVE,41.87907752,-87.78541226
16182070060000,522 S ELMWOOD AVE,41.87895937,-87.78539858
16182070070000,526 S ELMWOOD AVE,41.87883396,-87.78539455
16182070080000,530 S ELMWOOD AVE,41.87870847,-87.78539563
16182070090000,532 S ELMWOOD AVE,41.87859772,-87.78537709
16182070100000,536 S ELMWOOD AVE,41.87848334,-87.78537806
16182070110000,540 S ELMWOOD AVE,41.87838374,-87.78538881
16182070120000,542 S ELMWOOD AVE,41.87825831,-87.78537999
16182070130000,401 MADISON ST,41.87950594,-87.78490676
16182070140000,511 S RIDGELAND AVE,41.87934746,-87.78476782
16182070150000,515 S RIDGELAND AVE,41.87924417,-87.78478339
16182070160000,519 S RIDGELAND AVE,41.87911862,-87.78474999
16182070170000,521 S RIDGELAND AVE,41.87902261,-87.78473612
16182070180000,525 S RIDGELAND AVE,41.87891565,-87.78473703
16182070190000,527 S RIDGELAND AVE,41.87880135,-87.7847527
16182070200000,531 S RIDGELAND AVE,41.87868696,-87.78474888
16182070210000,533 S RIDGELAND AVE,41.87857252,-87.78473487
16182070240000,543 S RIDGELAND AVE,41.87830326,-87.78474707
16182070250000,537 S RIDGELAND AVE,41.87845822,-87.78475084
16182080010000,600 S OAK PARK AVE,41.87780824,-87.79384307
16182080020000,604 S OAK PARK AVE,41.87767208,-87.79387329
16182080030000,608 S OAK PARK AVE,41.87751676,-87.7938803
16182080040000,612 S OAK PARK AVE,41.87739875,-87.79385101
16182080050000,616 S OAK PARK AVE,41.87727807,-87.7938901
16182080070000,603 S EUCLID AVE,41.87782487,-87.79326316
16182080080000,605 S EUCLID AVE,41.87772503,-87.79322443
16182080090000,607 S EUCLID AVE,41.87752957,-87.79323088
16182080100000,615 S EUCLID AVE,41.87739309,-87.79323712
16182080110000,617 S EUCLID AVE,41.87726755,-87.79322829
16182080120000,621 S EUCLID AVE,41.8771496,-87.79323408
16182080130000,623 S EUCLID AVE,41.87704859,-87.79323031
16182080140000,627 S EUCLID AVE,41.87694737,-87.79322559
16182080160000,624 S OAK PARK AVE,41.87686157,-87.79374102
16182090010000,600 S EUCLID AVE,41.87780632,-87.79264068
16182090020000,604 S EUCLID AVE,41.87768089,-87.79263185
16182090030000,610 S EUCLID AVE,41.87754797,-87.79262817
16182090040000,612 S EUCLID AVE,41.87741977,-87.79262925
16182090050000,616 S EUCLID AVE,41.87733124,-87.79263
16182090060000,618 S EUCLID AVE,41.87723159,-87.79263084
16182090070000,622 S EUCLID AVE,41.87713848,-87.79263642
16182090080000,624 S EUCLID AVE,41.87700282,-87.79264206
16182090090000,630 S EUCLID AVE,41.87686629,-87.79263842
16182090100000,632 S EUCLID AVE,41.8767371,-87.7926395
16182090110000,636 S EUCLID AVE,41.87661169,-87.79263547
16182090120000,638 S EUCLID AVE,41.87651945,-87.79263624
16182090130000,640 S EUCLID AVE,41.87645305,-87.7926368
16182090140000,642 S EUCLID AVE,41.87635336,-87.79262775
16182090150000,646 S EUCLID AVE,41.87626846,-87.79261378
16182090160000,603 S WESLEY AVE,41.87779282,-87.79202446
16182090170000,607 S WESLEY AVE,41.87766733,-87.79202552
16182090180000,609 S WESLEY AVE,41.87753819,-87.79201671
16182090190000,615 S WESLEY AVE,41.87743081,-87.79201642
16182090200000,617 S WESLEY AVE,41.87729789,-87.79201275
16182090210000,621 S WESLEY AVE,41.87716136,-87.7920088
16182090220000,625 S WESLEY AVE,41.87701449,-87.79199475
16182090230000,629 S WESLEY AVE,41.87686327,-87.79199603
16182090240000,633 S WESLEY AVE,41.87673039,-87.79200225
16182090250000,637 S WESLEY AVE,41.87659386,-87.7919983
16182090260000,641 S WESLEY AVE,41.87646841,-87.79198467
16182090270000,704 JACKSON BLVD,41.87630986,-87.7920058
16182100010000,600 S WESLEY AVE,41.87785726,-87.79144085
16182100020000,604 S WESLEY AVE,41.87772446,-87.79144197
16182100030000,606 S WESLEY AVE,41.87763227,-87.79145264
16182100040000,610 S WESLEY AVE,41.87754735,-87.79143357
16182100050000,612 S WESLEY AVE,41.87744765,-87.79144551
16182100060000,614 S WESLEY AVE,41.87735099,-87.79144633
16182100070000,618 S WESLEY AVE,41.87726685,-87.79141886
16182100080000,620 S WESLEY AVE,41.87716594,-87.79141401
16182100090000,624 S WESLEY AVE,41.87703981,-87.79140938
16182100110000,628 S WESLEY AVE,41.87690932,-87.79137691
16182100120000,632 S WESLEY AVE,41.87682941,-87.79137189
16182100130000,634 S WESLEY AVE,41.87672019,-87.79137281
16182100160000,640 S WESLEY AVE,41.87648059,-87.79138623
16182100180000,644 S WESLEY AVE,41.87633751,-87.79134787
16182100190000,601 CLARENCE AVE,41.87788007,-87.79079853
16182100200000,603 CLARENCE AVE,41.87780996,-87.79079913
16182100210000,605 CLARENCE AVE,41.87770675,-87.79080959
16182100220000,609 CLARENCE AVE,41.87757013,-87.79078617
16182100230000,613 CLARENCE AVE,41.87745203,-87.79078237
16182100240000,617 CLARENCE AVE,41.87735202,-87.79077092
16182100250000,619 CLARENCE AVE,41.87725957,-87.79077171
16182100260000,623 CLARENCE AVE,41.87710403,-87.79077302
16182100270000,625 CLARENCE AVE,41.87700726,-87.79075136
16182100280000,629 CLARENCE AVE,41.87690212,-87.79074655
16182100290000,631 CLARENCE AVE,41.87682224,-87.79074723
16182100300000,633 CLARENCE AVE,41.87673824,-87.79074794
16182100310000,637 CLARENCE AVE,41.87667101,-87.79074851
16182100320000,639 CLARENCE AVE,41.87657847,-87.79074929
16182100330000,641 CLARENCE AVE,41.87649869,-87.79074996
16182100340000,643 CLARENCE AVE,41.87641455,-87.79074498
16182100350000,647 CLARENCE AVE,41.87630523,-87.79074591
16182100360000,636 S WESLEY AVE,41.87658564,-87.79137395
16182110010000,600 CLARENCE AVE,41.87787855,-87.79019855
16182110020000,604 CLARENCE AVE,41.87774941,-87.79018975
16182110030000,608 CLARENCE AVE,41.87764984,-87.79020529
16182110040000,610 CLARENCE AVE,41.8775245,-87.79021624
16182110060000,614 CLARENCE AVE,41.87740165,-87.79020919
16182110070000,618 CLARENCE AVE,41.87729235,-87.79021551
16182110080000,622 CLARENCE AVE,41.87717468,-87.79021651
16182110090000,624 CLARENCE AVE,41.87709474,-87.79020609
16182110100000,626 CLARENCE AVE,41.87701074,-87.7902068
16182110110000,628 CLARENCE AVE,41.87692241,-87.79020755
16182110120000,632 CLARENCE AVE,41.87684675,-87.79020819
16182110130000,634 CLARENCE AVE,41.87676687,-87.79020887
16182110140000,636 CLARENCE AVE,41.87667429,-87.79018147
16182110150000,638 CLARENCE AVE,41.87659863,-87.79018211
16182110160000,640 CLARENCE AVE,41.87650194,-87.79017724
16182110170000,642 CLARENCE AVE,41.87641371,-87.79017798
16182110180000,646 CLARENCE AVE,41.87632127,-87.79017876
16182110190000,601 S EAST AVE,41.87787734,-87.7894774
16182110240000,611 S EAST AVE,41.87751388,-87.78953974
16182110250000,615 S EAST AVE,41.87741423,-87.78954058
16182110260000,617 S EAST AVE,41.87734791,-87.78953515
16182110270000,619 S EAST AVE,41.87726802,-87.78953583
16182110280000,621 S EAST AVE,41.87719233,-87.78953077
16182110290000,623 S EAST AVE,41.87712511,-87.78953134
16182110300000,627 S EAST AVE,41.87702423,-87.7895322
16182110310000,631 S EAST AVE,41.87691912,-87.78953309
16182110320000,633 S EAST AVE,41.87683087,-87.78952844
16182110330000,635 S EAST AVE,41.87675521,-87.78952908
16182110340000,637 S EAST AVE,41.87665844,-87.78950712
16182110350000,641 S EAST AVE,41.87652389,-87.78950826
16182110360000,643 S EAST AVE,41.876465,-87.78950876
16182110370000,645 S EAST AVE,41.87637906,-87.78951279
16182110380000,605 S EAST AVE,41.87774659,-87.78959203
16182110390000,609 S EAST AVE,41.87761346,-87.78952391
16182120010000,600 S EAST AVE,41.87791467,-87.78903721
16182120020000,604 S EAST AVE,41.87781513,-87.78903806
16182120030000,608 S EAST AVE,41.877719,-87.7889993
16182120040000,610 S EAST AVE,41.87763044,-87.78899526
16182120050000,612 S EAST AVE,41.87753072,-87.78898111
16182120060000,614 S EAST AVE,41.87743134,-87.78901673
16182120070000,618 S EAST AVE,41.87733742,-87.78898935
16182120080000,620 S EAST AVE,41.87722398,-87.78899031
16182120090000,622 S EAST AVE,41.87712732,-87.78899113
16182120100000,626 S EAST AVE,41.87700543,-87.78899217
16182120110000,630 S EAST AVE,41.87687088,-87.78899331
16182120120000,634 S EAST AVE,41.87679084,-87.78896012
16182120130000,636 S EAST AVE,41.87667317,-87.78896111
16182120140000,640 S EAST AVE,41.87656385,-87.78896204
16182120150000,642 S EAST AVE,41.87646298,-87.78894611
16182120160000,644 S EAST AVE,41.87638693,-87.78906082
16182120170000,603 S SCOVILLE AVE,41.87785987,-87.78835599
16182120180000,605 S SCOVILLE AVE,41.87776388,-87.78834691
16182120210000,613 S SCOVILLE AVE,41.87749089,-87.78835432
16182120220000,617 S SCOVILLE AVE,41.87737644,-87.78835859
16182120230000,619 S SCOVILLE AVE,41.87728821,-87.78835934
16182120250000,623 S SCOVILLE AVE,41.87718295,-87.78832636
16182120260000,625 S SCOVILLE AVE,41.87707378,-87.78833868
16182120270000,629 S SCOVILLE AVE,41.87692242,-87.78833427
16182120280000,635 S SCOVILLE AVE,41.87679204,-87.78832429
16182120290000,637 S SCOVILLE AVE,41.87665338,-87.78832547
16182120300000,641 S SCOVILLE AVE,41.87650186,-87.78828718
16182120310000,647 S SCOVILLE AVE,41.8763966,-87.7882545
16182120320000,609 S SCOVILLE AVE,41.8776458,-87.78834791
16182130010000,600 S SCOVILLE AVE,41.87792478,-87.78776314
16182130020000,604 S SCOVILLE AVE,41.87783985,-87.78776386
16182130030000,606 S SCOVILLE AVE,41.87775873,-87.78776455
16182130040000,608 S SCOVILLE AVE,41.87763327,-87.78777071
16182130050000,612 S SCOVILLE AVE,41.87750793,-87.78778167
16182130070000,616 S SCOVILLE AVE,41.87737532,-87.78773723
16182130090000,620 S SCOVILLE AVE,41.87722835,-87.78776666
16182130100000,624 S SCOVILLE AVE,41.87709383,-87.78775102
16182130110000,628 S SCOVILLE AVE,41.87694661,-87.78772979
16182130120000,632 S SCOVILLE AVE,41.87683307,-87.78773075
16182130130000,634 S SCOVILLE AVE,41.87672793,-87.78772595
16182130140000,638 S SCOVILLE AVE,41.87661035,-87.78774374
16182130150000,640 S SCOVILLE AVE,41.87651368,-87.78774456
16182130160000,520 JACKSON BLVD,41.87640844,-87.78771728
16182130170000,601 S GUNDERSON AVE,41.87793635,-87.78710113
16182130180000,603 S GUNDERSON AVE,41.87784032,-87.78708216
16182130190000,607 S GUNDERSON AVE,41.87775549,-87.78708288
16182130200000,609 S GUNDERSON AVE,41.87765952,-87.78707891
16182130210000,611 S GUNDERSON AVE,41.87756356,-87.78707463
16182130220000,615 S GUNDERSON AVE,41.87748982,-87.78707046
16182130230000,619 S GUNDERSON AVE,41.87737243,-87.78712931
16182130260000,625 S GUNDERSON AVE,41.87710734,-87.78706412
16182130270000,629 S GUNDERSON AVE,41.87698132,-87.78708198
16182130280000,631 S GUNDERSON AVE,41.87689721,-87.7870827
16182130320000,633 S GUNDERSON AVE,41.87678794,-87.78707254
16182130340000,623 S GUNDERSON AVE,41.87719979,-87.78706334
16182130350000,510 JACKSON BLVD,41.87649898,-87.78729233
16182130360000,502 JACKSON BLVD,41.87651865,-87.78701278
16182140010000,600 S GUNDERSON AVE,41.87793309,-87.78654682
16182140020000,604 S GUNDERSON AVE,41.87783318,-87.78652917
16182140030000,608 S GUNDERSON AVE,41.87770772,-87.78653533
16182140040000,610 S GUNDERSON AVE,41.87761665,-87.78653673
16182140050000,614 S GUNDERSON AVE,41.87749862,-87.78654763
16182140060000,616 S GUNDERSON AVE,41.8773835,-87.78654291
16182140070000,620 S GUNDERSON AVE,41.87727842,-87.78652702
16182140080000,624 S GUNDERSON AVE,41.87716909,-87.78652795
16182140090000,626 S GUNDERSON AVE,41.87705559,-87.78651783
16182140100000,630 S GUNDERSON AVE,41.87693376,-87.78652996
16182140110000,632 S GUNDERSON AVE,41.87682865,-87.78653085
16182140120000,636 S GUNDERSON AVE,41.87671933,-87.78653178
16182140130000,638 S GUNDERSON AVE,41.87661839,-87.78652155
16182140140000,642 S GUNDERSON AVE,41.87650914,-87.78651679
16182140150000,446 JACKSON BLVD,41.87639984,-87.78652342
16182140180000,609 S ELMWOOD AVE,41.87770043,-87.78584263
16182140190000,611 S ELMWOOD AVE,41.87757361,-87.7858659
16182140200000,615 S ELMWOOD AVE,41.87746017,-87.78586687
16182140210000,619 S ELMWOOD AVE,41.877343,-87.78583697
16182140220000,621 S ELMWOOD AVE,41.877218,-87.78581891
16182140230000,625 S ELMWOOD AVE,41.87708182,-87.7858647
16182140240000,633 S ELMWOOD AVE,41.87692216,-87.78586606
16182140250000,635 S ELMWOOD AVE,41.87677499,-87.78585592
16182140260000,639 S ELMWOOD AVE,41.87662786,-87.78585149
16182140270000,641 S ELMWOOD AVE,41.87648489,-87.78583592
16182140280000,601 S ELMWOOD AVE,41.87792761,-87.78587996
16182140290000,603 S ELMWOOD AVE,41.87782269,-87.78592013
16182150010000,600 S ELMWOOD AVE,41.87795563,-87.78535363
16182150020000,604 S ELMWOOD AVE,41.87785464,-87.78533201
16182150030000,608 S ELMWOOD AVE,41.8777412,-87.78533298
16182150040000,610 S ELMWOOD AVE,41.87761002,-87.78532841
16182150050000,614 S ELMWOOD AVE,41.87749665,-87.78534616
16182150060000,618 S ELMWOOD AVE,41.87736633,-87.78534728
16182150070000,620 S ELMWOOD AVE,41.87724439,-87.78533723
16182150080000,624 S ELMWOOD AVE,41.87713514,-87.78533246
16182150090000,628 S ELMWOOD AVE,41.87703425,-87.78533332
16182150100000,632 S ELMWOOD AVE,41.87691231,-87.78532298
16182150110000,634 S ELMWOOD AVE,41.87677352,-87.78531847
16182150120000,638 S ELMWOOD AVE,41.87665163,-87.78531951
16182150130000,642 S ELMWOOD AVE,41.87647925,-87.78530989
16182150140000,601 S RIDGELAND AVE,41.8779819,-87.7846894
16182150150000,605 S RIDGELAND AVE,41.87786421,-87.78468471
16182150160000,607 S RIDGELAND AVE,41.87775077,-87.78470817
16182150170000,611 S RIDGELAND AVE,41.87764911,-87.78469764
16182150180000,615 S RIDGELAND AVE,41.87753556,-87.78469862
16182150190000,617 S RIDGELAND AVE,41.87742623,-87.78467707
16182150200000,621 S RIDGELAND AVE,41.87730847,-87.78467807
16182150210000,623 S RIDGELAND AVE,41.87720763,-87.78466755
16182150220000,627 S RIDGELAND AVE,41.8770983,-87.78466848
16182150230000,629 S RIDGELAND AVE,41.87698898,-87.78466942
16182150240000,633 S RIDGELAND AVE,41.87687975,-87.78467035
16182150250000,637 S RIDGELAND AVE,41.87676615,-87.78466023
16182150260000,639 S RIDGELAND AVE,41.87666115,-87.78466113
16182150270000,643 S RIDGELAND AVE,41.87654338,-87.78466214
16182150280000,647 S RIDGELAND AVE,41.87643841,-87.78466873
16182160010000,700 S OAK PARK AVE,41.87599585,-87.79386101
16182160020000,704 S OAK PARK AVE,41.87588505,-87.79383227
16182160030000,706 S OAK PARK AVE,41.87580022,-87.79383298
16182160040000,708 S OAK PARK AVE,41.87572641,-87.7938336
16182160050000,710 S OAK PARK AVE,41.87562305,-87.79383447
16182160060000,714 S OAK PARK AVE,41.87551239,-87.7938354
16182160080000,718 S OAK PARK AVE,41.8753833,-87.79383649
16182160090000,720 S OAK PARK AVE,41.87531312,-87.79382239
16182160100000,722 S OAK PARK AVE,41.87524302,-87.79382298
16182160110000,726 S OAK PARK AVE,41.87510274,-87.79380917
16182160120000,730 S OAK PARK AVE,41.8750105,-87.79380995
16182160130000,732 S OAK PARK AVE,41.8749219,-87.793796
16182160140000,736 S OAK PARK AVE,41.87483213,-87.79377517
16182160150000,738 S OAK PARK AVE,41.87468938,-87.79380455
16182160160000,740 S OAK PARK AVE,41.87463115,-87.79381623
16182160170000,742 S OAK PARK AVE,41.87454699,-87.79379442
16182160190000,746 S OAK PARK AVE,41.87443364,-87.79370533
16182160200000,701 S EUCLID AVE,41.87596048,-87.79316345
16182160210000,705 S EUCLID AVE,41.87584693,-87.79314192
16182160220000,709 S EUCLID AVE,41.87574605,-87.79314277
16182160230000,711 S EUCLID AVE,41.87566199,-87.79315457
16182160240000,715 S EUCLID AVE,41.87552341,-87.79317283
16182160250000,717 S EUCLID AVE,41.87542674,-87.79317364
16182160260000,721 S EUCLID AVE,41.87531314,-87.79316321
16182160270000,725 S EUCLID AVE,41.8752207,-87.79316398
16182160280000,727 S EUCLID AVE,41.8751114,-87.79314812
16182160290000,731 S EUCLID AVE,41.8750189,-87.79315999
16182160300000,733 S EUCLID AVE,41.87490538,-87.79314416
16182160310000,737 S EUCLID AVE,41.87479191,-87.79313942
16182160320000,739 S EUCLID AVE,41.87468693,-87.79316848
16182160330000,741 S EUCLID AVE,41.87465492,-87.79307575
16182160340000,743 S EUCLID AVE,41.87457355,-87.79315024
16182160350000,745 S EUCLID AVE,41.87448498,-87.79310704
16182170010000,700 S EUCLID AVE,41.87599041,-87.79260091
16182170020000,704 S EUCLID AVE,41.87584742,-87.79260212
16182170030000,708 S EUCLID AVE,41.87572132,-87.79260318
16182170040000,712 S EUCLID AVE,41.87559101,-87.79258749
16182170050000,716 S EUCLID AVE,41.87543955,-87.79256059
16182170060000,720 S EUCLID AVE,41.87530928,-87.79257308
16182170070000,726 S EUCLID AVE,41.87517051,-87.79255177
16182170080000,728 S EUCLID AVE,41.8750444,-87.79255283
16182170090000,732 S EUCLID AVE,41.87490584,-87.79257648
16182170100000,736 S EUCLID AVE,41.8747709,-87.79249309
16182170110000,742 S EUCLID AVE,41.87464107,-87.79255385
16182170120000,744 S EUCLID AVE,41.87454022,-87.79256033
16182170130000,746 S EUCLID AVE,41.87446037,-87.792561
16182170140000,705 JACKSON BLVD,41.87595017,-87.79210034
16182170150000,707 S WESLEY AVE,41.87581506,-87.79196089
16182170160000,711 S WESLEY AVE,41.87570993,-87.79195608
16182170170000,715 S WESLEY AVE,41.87557963,-87.79196288
16182170180000,721 S WESLEY AVE,41.87545352,-87.79196394
16182170190000,723 S WESLEY AVE,41.87532731,-87.79194252
16182170200000,725 S WESLEY AVE,41.87520107,-87.79191541
16182170210000,729 S WESLEY AVE,41.87509185,-87.79191633
16182170220000,731 S WESLEY AVE,41.87499101,-87.79192858
16182170230000,735 S WESLEY AVE,41.87487757,-87.79192953
16182170240000,737 S WESLEY AVE,41.87476397,-87.7919191
16182170250000,741 S WESLEY AVE,41.87465901,-87.79190085
16182170260000,743 S WESLEY AVE,41.87456662,-87.79191852
16182170270000,747 S WESLEY AVE,41.87445737,-87.79192507
16182180010000,700 S WESLEY AVE,41.87602236,-87.79136413
16182180020000,704 S WESLEY AVE,41.87588367,-87.79135991
16182180030000,708 S WESLEY AVE,41.87577849,-87.79134371
16182180040000,710 S WESLEY AVE,41.87568602,-87.79133909
16182180050000,716 S WESLEY AVE,41.87555993,-87.79134555
16182180060000,718 S WESLEY AVE,41.87546327,-87.79134637
16182180070000,720 S WESLEY AVE,41.87536239,-87.79134722
16182180080000,722 S WESLEY AVE,41.87527828,-87.79134793
16182180090000,724 S WESLEY AVE,41.87522784,-87.79134836
16182180100000,726 S WESLEY AVE,41.87513954,-87.79133232
16182180110000,730 S WESLEY AVE,41.87505543,-87.79133303
16182180120000,732 S WESLEY AVE,41.87495877,-87.79133385
16182180130000,734 S WESLEY AVE,41.87486627,-87.79132324
16182180140000,738 S WESLEY AVE,41.87476538,-87.79132409
16182180150000,740 S WESLEY AVE,41.87466035,-87.79134024
16182180160000,742 S WESLEY AVE,41.87459743,-87.7913217
16182180180000,627 JACKSON BLVD,41.87601944,-87.79074514
16182180190000,705 CLARENCE AVE,41.87591433,-87.79074602
16182180200000,707 CLARENCE AVE,41.87583445,-87.7907467
16182180210000,711 CLARENCE AVE,41.87573757,-87.79070255
16182180220000,713 CLARENCE AVE,41.87562832,-87.79069778
16182180230000,717 CLARENCE AVE,41.87554844,-87.79069846
16182180240000,719 CLARENCE AVE,41.87545602,-87.79070494
16182180250000,721 CLARENCE AVE,41.8753593,-87.79069436
16182180260000,723 CLARENCE AVE,41.87526264,-87.79069518
16182180270000,727 CLARENCE AVE,41.87518275,-87.79069586
16182180280000,729 CLARENCE AVE,41.87508609,-87.79069667
16182180290000,731 CLARENCE AVE,41.87502734,-87.79072535
16182180300000,735 CLARENCE AVE,41.87491811,-87.79072627
16182180310000,739 CLARENCE AVE,41.87477218,-87.79067323
16182180320000,630 VAN BUREN ST,41.87448011,-87.79082371
16182180330000,642 VAN BUREN ST,41.87447921,-87.79118783
16182190010000,615 JACKSON BLVD,41.87602623,-87.790166
16182190020000,704 CLARENCE AVE,41.87593371,-87.79015
16182190030000,706 CLARENCE AVE,41.87585802,-87.79014495
16182190040000,708 CLARENCE AVE,41.87580335,-87.79014541
16182190050000,710 CLARENCE AVE,41.87572769,-87.79014605
16182190060000,712 CLARENCE AVE,41.87561841,-87.79013588
16182190070000,716 CLARENCE AVE,41.87551328,-87.79013176
16182190080000,718 CLARENCE AVE,41.87542087,-87.79013824
16182190090000,722 CLARENCE AVE,41.87532832,-87.79013902
16182190100000,724 CLARENCE AVE,41.87523166,-87.79013984
16182190110000,726 CLARENCE AVE,41.87514478,-87.79012336
16182190120000,728 CLARENCE AVE,41.87506056,-87.79012786
16182190130000,732 CLARENCE AVE,41.87497646,-87.79012857
16182190140000,734 CLARENCE AVE,41.87489232,-87.79010111
16182190150000,736 CLARENCE AVE,41.87481371,-87.79009841
16182190160000,738 CLARENCE AVE,41.87472539,-87.79009916
16182190170000,742 CLARENCE AVE,41.87464046,-87.79010325
16182190180000,744 CLARENCE AVE,41.87453645,-87.79009851
16182190190000,701 S EAST AVE,41.87601928,-87.78950143
16182190200000,705 S EAST AVE,41.87591337,-87.78949831
16182190210000,711 S EAST AVE,41.8757716,-87.78948289
16182190220000,713 S EAST AVE,41.87564151,-87.78949037
16182190230000,717 S EAST AVE,41.87550688,-87.78949623
16182190240000,721 S EAST AVE,41.87537178,-87.78949585
16182190250000,725 S EAST AVE,41.87524614,-87.78945061
16182190260000,727 S EAST AVE,41.87515295,-87.78944502
16182190270000,731 S EAST AVE,41.87506363,-87.78945948
16182190280000,735 S EAST AVE,41.87498063,-87.78944818
16182190300000,737 S EAST AVE,41.8748282,-87.78945783
16182190320000,743 S EAST AVE,41.87463094,-87.78940004
16182190330000,745 S EAST AVE,41.87453876,-87.78946198
16182200010000,545 JACKSON BLVD,41.87605106,-87.78894484
16182200020000,704 S EAST AVE,41.87591664,-87.78893009
16182200030000,708 S EAST AVE,41.87578219,-87.78893123
16182200040000,712 S EAST AVE,41.87566453,-87.78893223
16182200050000,714 S EAST AVE,41.8755761,-87.7889105
16182200060000,716 S EAST AVE,41.87547943,-87.78891132
16182200070000,720 S EAST AVE,41.87537029,-87.78892903
16182200080000,724 S EAST AVE,41.87523445,-87.78890499
16182200090000,728 S EAST AVE,41.87511251,-87.78889477
16182200100000,732 S EAST AVE,41.87496543,-87.78890164
16182200110000,736 S EAST AVE,41.87487368,-87.78891303
16182200120000,738 S EAST AVE,41.8747769,-87.78889134
16182200130000,740 S EAST AVE,41.8747017,-87.78886966
16182200140000,744 S EAST AVE,41.87460924,-87.78887045
16182200150000,746 S EAST AVE,41.87451677,-87.78887123
16182200160000,525 JACKSON BLVD,41.87605057,-87.7883344
16182200170000,705 S SCOVILLE AVE,41.87595845,-87.78825185
16182200180000,707 S SCOVILLE AVE,41.87588284,-87.78826359
16182200190000,709 S SCOVILLE AVE,41.87580296,-87.78826427
16182200200000,715 S SCOVILLE AVE,41.87566429,-87.78826544
16182200210000,717 S SCOVILLE AVE,41.87552552,-87.78826662
16182200220000,721 S SCOVILLE AVE,41.87540359,-87.78825657
16182200230000,725 S SCOVILLE AVE,41.87523959,-87.78823548
16182200240000,731 S SCOVILLE AVE,41.87513236,-87.78826576
16182200250000,733 S SCOVILLE AVE,41.87504822,-87.78824959
16182200260000,735 S SCOVILLE AVE,41.87495996,-87.78825034
16182200270000,737 S SCOVILLE AVE,41.87488178,-87.78822953
16182200280000,739 S SCOVILLE AVE,41.87479352,-87.78823028
16182200290000,741 S SCOVILLE AVE,41.8746927,-87.78824239
16182200300000,747 S SCOVILLE AVE,41.87456134,-87.78825457
16182210010000,515 JACKSON BLVD,41.87604345,-87.78768749
16182210020000,708 S SCOVILLE AVE,41.87595523,-87.78768824
16182210030000,710 S SCOVILLE AVE,41.87585799,-87.78770296
16182210040000,712 S SCOVILLE AVE,41.87575299,-87.78770386
16182210050000,714 S SCOVILLE AVE,41.87564242,-87.78769574
16182210060000,716 S SCOVILLE AVE,41.87553732,-87.78769664
16182210070000,718 S SCOVILLE AVE,41.87544771,-87.78767827
16182210080000,722 S SCOVILLE AVE,41.87535049,-87.78769823
16182210090000,724 S SCOVILLE AVE,41.87527368,-87.78768613
16182210100000,728 S SCOVILLE AVE,41.87512716,-87.78767093
16182210110000,734 S SCOVILLE AVE,41.87499691,-87.7876816
16182210120000,736 S SCOVILLE AVE,41.87490199,-87.78767483
16182210130000,738 S SCOVILLE AVE,41.87480118,-87.78768993
16182210140000,742 S SCOVILLE AVE,41.87472971,-87.78768491
16182210150000,744 S SCOVILLE AVE,41.8746204,-87.78768021
16182210160000,746 S SCOVILLE AVE,41.87454054,-87.78768089
16182210170000,701 S GUNDERSON AVE,41.87609041,-87.78706806
16182210180000,705 S GUNDERSON AVE,41.8759557,-87.78703534
16182210190000,709 S GUNDERSON AVE,41.87583374,-87.78701959
16182210200000,711 S GUNDERSON AVE,41.87574552,-87.78702034
16182210210000,715 S GUNDERSON AVE,41.87564463,-87.7870212
16182210220000,717 S GUNDERSON AVE,41.87554783,-87.78699385
16182210230000,721 S GUNDERSON AVE,41.87545119,-87.78700037
16182210240000,723 S GUNDERSON AVE,41.87532931,-87.7870014
16182210250000,727 S GUNDERSON AVE,41.87523265,-87.78700223
16182210260000,729 S GUNDERSON AVE,41.87514495,-87.78698469
16182210270000,731 S GUNDERSON AVE,41.87508612,-87.78699628
16182210280000,735 S GUNDERSON AVE,41.87499895,-87.78698997
16182210290000,737 S GUNDERSON AVE,41.8749179,-87.78699636
16182210300000,739 S GUNDERSON AVE,41.87480146,-87.78700304
16182210310000,741 S GUNDERSON AVE,41.87471633,-87.78701652
16182210320000,743 S GUNDERSON AVE,41.87458615,-87.78702872
16182220010000,700 S GUNDERSON AVE,41.87609012,-87.78650659
16182220020000,704 S GUNDERSON AVE,41.87597662,-87.78649617
16182220030000,708 S GUNDERSON AVE,41.87586308,-87.78649713
16182220040000,710 S GUNDERSON AVE,41.87574958,-87.78648701
16182220050000,714 S GUNDERSON AVE,41.87564447,-87.78648791
16182220060000,718 S GUNDERSON AVE,41.87550993,-87.78648905
16182220070000,720 S GUNDERSON AVE,41.87539226,-87.78649006
16182220080000,724 S GUNDERSON AVE,41.87528726,-87.78649095
16182220090000,728 S GUNDERSON AVE,41.87517426,-87.78645654
16182220100000,732 S GUNDERSON AVE,41.87504951,-87.78639956
16182220110000,734 S GUNDERSON AVE,41.87493615,-87.78641731
16182220120000,738 S GUNDERSON AVE,41.87483153,-87.78652019
16182220130000,742 S GUNDERSON AVE,41.87471519,-87.78652756
16182220140000,746 S GUNDERSON AVE,41.87460161,-87.78652313
16182220150000,701 S ELMWOOD AVE,41.87610342,-87.78588949
16182220160000,709 S ELMWOOD AVE,41.87588438,-87.78584802
16182220170000,711 S ELMWOOD AVE,41.87577513,-87.78584326
16182220180000,715 S ELMWOOD AVE,41.87566148,-87.78582175
16182220190000,719 S ELMWOOD AVE,41.87553547,-87.78582282
16182220200000,721 S ELMWOOD AVE,41.87541431,-87.78583979
16182220210000,725 S ELMWOOD AVE,41.87530848,-87.78582476
16182220220000,729 S ELMWOOD AVE,41.87518309,-87.78582463
16182220230000,733 S ELMWOOD AVE,41.87505271,-87.78581435
16182220240000,735 S ELMWOOD AVE,41.87494479,-87.7858531
16182220250000,739 S ELMWOOD AVE,41.87483431,-87.78584792
16182220260000,743 S ELMWOOD AVE,41.87469557,-87.7858548
16182220270000,747 S ELMWOOD AVE,41.87458632,-87.78585003
16182230010000,700 S ELMWOOD AVE,41.8761167,-87.78528418
16182230020000,704 S ELMWOOD AVE,41.8759906,-87.78528526
16182230030000,708 S ELMWOOD AVE,41.87588119,-87.78526941
16182230040000,710 S ELMWOOD AVE,41.87577197,-87.78527034
16182230050000,714 S ELMWOOD AVE,41.87566264,-87.78527128
16182230060000,718 S ELMWOOD AVE,41.87554925,-87.78528334
16182230070000,720 S ELMWOOD AVE,41.87543134,-87.78525617
16182230080000,724 S ELMWOOD AVE,41.87530951,-87.7852686
16182230090000,728 S ELMWOOD AVE,41.87518834,-87.78526813
16182230100000,732 S ELMWOOD AVE,41.87505799,-87.78526385
16182230110000,734 S ELMWOOD AVE,41.87494871,-87.78525339
16182230120000,738 S ELMWOOD AVE,41.87483094,-87.7852544
16182230130000,742 S ELMWOOD AVE,41.87469228,-87.78525559
16182230140000,746 S ELMWOOD AVE,41.87459139,-87.78525645
16182230150000,701 S RIDGELAND AVE,41.87613279,-87.78467684
16182230160000,705 S RIDGELAND AVE,41.87601093,-87.78468358
16182230170000,709 S RIDGELAND AVE,41.87588888,-87.78465075
16182230180000,711 S RIDGELAND AVE,41.87577119,-87.78464606
16182230190000,715 S RIDGELAND AVE,41.87568012,-87.78465609
16182230200000,719 S RIDGELAND AVE,41.8755635,-87.78465344
16182230210000,721 S RIDGELAND AVE,41.87543307,-87.78463207
16182230220000,725 S RIDGELAND AVE,41.87532384,-87.78463301
16182230230000,729 S RIDGELAND AVE,41.87521454,-87.78463934
16182230240000,733 S RIDGELAND AVE,41.87506385,-87.78462234
16182230250000,735 S RIDGELAND AVE,41.87494618,-87.78462335
16182230260000,739 S RIDGELAND AVE,41.87485408,-87.78461231
16182230270000,743 S RIDGELAND AVE,41.87471953,-87.78459097
16182230280000,747 S RIDGELAND AVE,41.87461047,-87.78464826
16182240040000,810 S OAK PARK AVE,41.87378375,-87.79377833
16182240050000,816 S OAK PARK AVE,41.87358845,-87.79384351
16182240090000,801 S EUCLID AVE,41.87413515,-87.79309409
16182240100000,813 S EUCLID AVE,41.87375733,-87.79309988
16182240110000,815 S EUCLID AVE,41.87365646,-87.79310073
16182240120000,819 S EUCLID AVE,41.87357655,-87.79309015
16182240130000,821 S EUCLID AVE,41.87348826,-87.79308527
16182240140000,823 S EUCLID AVE,41.87339159,-87.79308608
16182240150000,827 S EUCLID AVE,41.87330333,-87.79308682
16182240160000,829 S EUCLID AVE,41.87320503,-87.79296944
16182240240000,824 S OAK PARK AVE,41.87338827,-87.79369724
16182240260000,828 S OAK PARK AVE,41.87319914,-87.79369883
16182240270000,840 S OAK PARK AVE,41.87289208,-87.79365076
16182240280000,804 S OAK PARK AVE,41.87402354,-87.79382134
16182240310000,800 S OAK PARK AVE,41.8741813,-87.79387774
16182240320000,739 VAN BUREN ST,41.87414011,-87.79358399
16182250010000,800 S EUCLID AVE,41.8741786,-87.79252717
16182250020000,804 S EUCLID AVE,41.87406625,-87.7925313
16182250030000,808 S EUCLID AVE,41.87396647,-87.79252522
16182250040000,810 S EUCLID AVE,41.87385195,-87.79254437
16182250050000,814 S EUCLID AVE,41.87377497,-87.79253172
16182250060000,816 S EUCLID AVE,41.87370477,-87.79252872
16182250070000,818 S EUCLID AVE,41.87361227,-87.79252387
16182250080000,820 S EUCLID AVE,41.87351981,-87.79252465
16182250090000,824 S EUCLID AVE,41.87341463,-87.79250303
16182250100000,828 S EUCLID AVE,41.87329233,-87.79253519
16182250110000,830 S EUCLID AVE,41.87321291,-87.79251036
16182250120000,832 S EUCLID AVE,41.87312882,-87.79250544
16182250130000,834 S EUCLID AVE,41.87306157,-87.792506
16182250150000,840 S EUCLID AVE,41.87284192,-87.79242826
16182250160000,724 HARRISON ST,41.87274488,-87.79232904
16182250170000,801 S WESLEY AVE,41.87417397,-87.79193214
16182250180000,805 S WESLEY AVE,41.87406453,-87.79189929
16182250190000,809 S WESLEY AVE,41.87396361,-87.79188889
16182250200000,811 S WESLEY AVE,41.87387535,-87.79188964
16182250210000,813 S WESLEY AVE,41.87378283,-87.79187916
16182250220000,815 S WESLEY AVE,41.87369863,-87.79185173
16182250230000,819 S WESLEY AVE,41.87361457,-87.79185244
16182250240000,821 S WESLEY AVE,41.87353067,-87.79188692
16182250250000,825 S WESLEY AVE,41.87341714,-87.79187757
16182250260000,827 S WESLEY AVE,41.87329925,-87.79183354
16182250270000,831 S WESLEY AVE,41.87321098,-87.79183428
16182250280000,833 S WESLEY AVE,41.87312692,-87.79183499
16182250290000,835 S WESLEY AVE,41.87303732,-87.79181887
16182250300000,837 S WESLEY AVE,41.87296587,-87.79181947
16182260010000,800 S WESLEY AVE,41.87420658,-87.79133137
16182260020000,802 S WESLEY AVE,41.87413503,-87.79130947
16182260030000,804 S WESLEY AVE,41.87403415,-87.79131032
16182260040000,808 S WESLEY AVE,41.87393743,-87.79129988
16182260050000,810 S WESLEY AVE,41.87385337,-87.79130059
16182260060000,812 S WESLEY AVE,41.87376503,-87.79128445
16182260070000,814 S WESLEY AVE,41.87370204,-87.79129624
16182260080000,816 S WESLEY AVE,41.87363891,-87.79127989
16182260090000,818 S WESLEY AVE,41.87356746,-87.79128049
16182260100000,820 S WESLEY AVE,41.8734959,-87.79125859
16182260110000,824 S WESLEY AVE,41.87334508,-87.79124298
16182260130000,828 S WESLEY AVE,41.87323162,-87.79124956
16182260140000,830 S WESLEY AVE,41.87316866,-87.79126867
16182260150000,832 S WESLEY AVE,41.87310147,-87.79128049
16182260160000,834 S WESLEY AVE,41.8730173,-87.7912587
16182260170000,801 CLARENCE AVE,41.8741975,-87.79068424
16182260180000,803 CLARENCE AVE,41.87410083,-87.79068506
16182260190000,807 CLARENCE AVE,41.87401244,-87.79065766
16182260200000,811 CLARENCE AVE,41.87391804,-87.7906354
16182260210000,813 CLARENCE AVE,41.87381714,-87.79063063
16182260220000,815 CLARENCE AVE,41.87372045,-87.79062582
16182260230000,817 CLARENCE AVE,41.8736574,-87.79062636
16182260240000,819 CLARENCE AVE,41.87357755,-87.79062703
16182260260000,823 CLARENCE AVE,41.87345986,-87.79062803
16182260270000,825 CLARENCE AVE,41.87335254,-87.79065762
16182260280000,829 CLARENCE AVE,41.87322645,-87.79065869
16182260290000,831 CLARENCE AVE,41.87312967,-87.79063679
16182260300000,833 CLARENCE AVE,41.87304136,-87.79062629
16182260320000,638 HARRISON ST,41.87290483,-87.79099872
16182260360000,644 HARRISON ST,41.87266023,-87.79122345
16182260370000,628 HARRISON ST,41.87266713,-87.79051101
16182270010000,601 VAN BUREN ST,41.87403438,-87.7900799
16182270040000,816 CLARENCE AVE,41.87351488,-87.78999764
16182270070000,826 CLARENCE AVE,41.87332215,-87.79006715
16182270080000,828 CLARENCE AVE,41.87322971,-87.79007356
16182270090000,832 CLARENCE AVE,41.87314131,-87.79004617
16182270100000,834 CLARENCE AVE,41.87304464,-87.79004699
16182270110000,801 S EAST AVE,41.87410293,-87.7895345
16182270130000,821 S EAST AVE,41.87357746,-87.78945454
16182270140000,823 S EAST AVE,41.87344523,-87.78943071
16182270150000,827 S EAST AVE,41.87331914,-87.78943178
16182270160000,829 S EAST AVE,41.87323088,-87.78943253
16182270170000,833 S EAST AVE,41.87316363,-87.7894331
16182270180000,835 S EAST AVE,41.87306276,-87.78943395
16182270220000,608 HARRISON ST,41.87280908,-87.78959652
16182270240000,847 S EAST AVE,41.87268567,-87.78926261
16182270260000,616 HARRISON ST,41.87292306,-87.78992676
16182280020000,808 S EAST AVE,41.87412416,-87.78889443
16182280040000,812 S EAST AVE,41.8739055,-87.78887378
16182280050000,814 S EAST AVE,41.87378776,-87.78886352
16182280060000,816 S EAST AVE,41.87371211,-87.78886417
16182280070000,818 S EAST AVE,41.87363225,-87.78886484
16182280080000,820 S EAST AVE,41.87356549,-87.78884947
16182280090000,822 S EAST AVE,41.87344729,-87.78886078
16182280100000,826 S EAST AVE,41.87334637,-87.78885039
16182280110000,828 S EAST AVE,41.87327912,-87.78885096
16182280120000,830 S EAST AVE,41.87319926,-87.78885163
16182280130000,832 S EAST AVE,41.87314042,-87.78885213
16182280140000,838 S EAST AVE,41.87306477,-87.78885278
16182280150000,801 S SCOVILLE AVE,41.87422352,-87.78818935
16182280160000,805 S SCOVILLE AVE,41.87408902,-87.7881905
16182280170000,809 S SCOVILLE AVE,41.87394612,-87.78819171
16182280180000,815 S SCOVILLE AVE,41.87379899,-87.78818733
16182280190000,817 S SCOVILLE AVE,41.87367713,-87.788194
16182280200000,821 S SCOVILLE AVE,41.87352989,-87.78816711
16182280210000,825 S SCOVILLE AVE,41.87339539,-87.78816826
16182280220000,829 S SCOVILLE AVE,41.8732693,-87.78816933
16182280230000,833 S SCOVILLE AVE,41.87311371,-87.78815376
16182280240000,842 S EAST AVE,41.87291702,-87.78883809
16182280250000,844 S EAST AVE,41.8728036,-87.78885031
16182280260000,846 S EAST AVE,41.87266064,-87.78884027
16182280270000,540 HARRISON ST,41.87275882,-87.78860704
16182280280000,538 HARRISON ST,41.87275837,-87.78851137
16182280290000,839 S SCOVILLE AVE,41.87295829,-87.7881742
16182280300000,841 S SCOVILLE AVE,41.87287003,-87.78817495
16182280310000,843 S SCOVILLE AVE,41.87278184,-87.78819259
16182280320000,526 HARRISON ST,41.87266911,-87.78818205
16182290010000,800 S SCOVILLE AVE,41.87426952,-87.78763837
16182290020000,802 S SCOVILLE AVE,41.87419386,-87.78763902
16182290030000,804 S SCOVILLE AVE,41.87411815,-87.78762841
16182290040000,806 S SCOVILLE AVE,41.87404247,-87.78762342
16182290070000,812 S SCOVILLE AVE,41.87382812,-87.78762524
16182290080000,814 S SCOVILLE AVE,41.87376508,-87.78762578
16182290090000,816 S SCOVILLE AVE,41.87368921,-87.78758141
16182290100000,820 S SCOVILLE AVE,41.8735799,-87.78757671
16182290110000,822 S SCOVILLE AVE,41.87349584,-87.78757742
16182290120000,824 S SCOVILLE AVE,41.87341178,-87.78757814
16182290140000,828 S SCOVILLE AVE,41.87328157,-87.78759613
16182290150000,832 S SCOVILLE AVE,41.87321432,-87.7875967
16182290160000,834 S SCOVILLE AVE,41.87309656,-87.78758082
16182290170000,801 S GUNDERSON AVE,41.87422328,-87.78700142
16182290190000,811 S GUNDERSON AVE,41.87390799,-87.7870095
16182290200000,815 S GUNDERSON AVE,41.87379876,-87.78701043
16182290210000,817 S GUNDERSON AVE,41.87369788,-87.78701129
16182290220000,821 S GUNDERSON AVE,41.87359253,-87.78696153
16182290230000,823 S GUNDERSON AVE,41.8734875,-87.78695703
16182290240000,827 S GUNDERSON AVE,41.87336134,-87.78694671
16182290250000,831 S GUNDERSON AVE,41.87320579,-87.78694804
16182290260000,833 S GUNDERSON AVE,41.87308808,-87.78693795
16182290290000,516 HARRISON ST,41.87285181,-87.78746398
16182290310000,512 HARRISON ST,41.87283524,-87.78724987
16182290320000,502 HARRISON ST,41.87284965,-87.78707658
16182290330000,805 S GUNDERSON AVE,41.87410126,-87.78697428
16182290340000,809 S GUNDERSON AVE,41.87399607,-87.78695809
16182290350000,808 S SCOVILLE AVE,41.87397102,-87.78762403
16182290360000,520 HARRISON ST,41.87269798,-87.78759876
16182300010000,800 S GUNDERSON AVE,41.87428578,-87.78639616
16182300020000,804 S GUNDERSON AVE,41.87418071,-87.78640292
16182300030000,808 S GUNDERSON AVE,41.87406299,-87.78639254
16182300040000,810 S GUNDERSON AVE,41.87392435,-87.78639941
16182300050000,814 S GUNDERSON AVE,41.87381499,-87.78639448
16182300060000,818 S GUNDERSON AVE,41.87370989,-87.78639538
16182300070000,820 S GUNDERSON AVE,41.87357536,-87.78637923
16182300080000,824 S GUNDERSON AVE,41.87346192,-87.78638071
16182300090000,828 S GUNDERSON AVE,41.87335259,-87.78638164
16182300100000,832 S GUNDERSON AVE,41.87325171,-87.7863825
16182300110000,834 S GUNDERSON AVE,41.87310451,-87.78636463
16182300120000,838 S GUNDERSON AVE,41.87299644,-87.7863585
16182300130000,842 S GUNDERSON AVE,41.87288591,-87.78635527
16182300140000,846 S GUNDERSON AVE,41.87275558,-87.78635638
16182300150000,801 S ELMWOOD AVE,41.87429755,-87.78570745
16182300160000,805 S ELMWOOD AVE,41.87418822,-87.78570838
16182300170000,809 S ELMWOOD AVE,41.87408734,-87.78570924
16182300180000,811 S ELMWOOD AVE,41.87394017,-87.78569911
16182300190000,815 S ELMWOOD AVE,41.87383507,-87.7857
16182300200000,819 S ELMWOOD AVE,41.87372585,-87.78570094
16182300210000,821 S ELMWOOD AVE,41.87358708,-87.78570212
16182300220000,825 S ELMWOOD AVE,41.87347788,-87.78570875
16182300230000,829 S ELMWOOD AVE,41.87336433,-87.78570972
16182300240000,833 S ELMWOOD AVE,41.87322983,-87.78569947
16182300250000,835 S ELMWOOD AVE,41.87312053,-87.7857061
16182300260000,839 S ELMWOOD AVE,41.87301952,-87.78567879
16182300270000,843 S ELMWOOD AVE,41.87289348,-87.78567417
16182300290000,430 HARRISON ST,41.87274401,-87.78563376
16182310010000,800 S ELMWOOD AVE,41.87431461,-87.78526747
16182310020000,804 S ELMWOOD AVE,41.87420937,-87.78524019
16182310030000,808 S ELMWOOD AVE,41.87409592,-87.78524116
16182310040000,810 S ELMWOOD AVE,41.87394882,-87.78524242
16182310050000,814 S ELMWOOD AVE,41.87383115,-87.78524342
16182310060000,818 S ELMWOOD AVE,41.87372543,-87.78522839
16182310070000,820 S ELMWOOD AVE,41.87359499,-87.78520702
16182310080000,824 S ELMWOOD AVE,41.87348989,-87.78520792
16182310090000,828 S ELMWOOD AVE,41.87336795,-87.78519757
16182310100000,832 S ELMWOOD AVE,41.87323765,-87.78520438
16182310110000,834 S ELMWOOD AVE,41.87312837,-87.78519392
16182310120000,838 S ELMWOOD AVE,41.87301482,-87.78519489
16182310130000,842 S ELMWOOD AVE,41.8729056,-87.78519583
16182310140000,846 S ELMWOOD AVE,41.87279235,-87.78521456
16182310150000,801 S RIDGELAND AVE,41.87431921,-87.78459862
16182310160000,805 S RIDGELAND AVE,41.87421007,-87.78461667
16182310170000,809 S RIDGELAND AVE,41.87410475,-87.78457227
16182310180000,811 S RIDGELAND AVE,41.87396606,-87.78456776
16182310190000,815 S RIDGELAND AVE,41.87385251,-87.78456873
16182310200000,819 S RIDGELAND AVE,41.87373484,-87.78456974
16182310210000,821 S RIDGELAND AVE,41.87360449,-87.78456516
16182310220000,825 S RIDGELAND AVE,41.87350017,-87.78457243
16182310230000,829 S RIDGELAND AVE,41.87338589,-87.78455594
16182310240000,833 S RIDGELAND AVE,41.87324722,-87.78455713
16182310250000,835 S RIDGELAND AVE,41.87313789,-87.78455806
16182310260000,839 S RIDGELAND AVE,41.87302448,-87.78456473
16182310270000,843 S RIDGELAND AVE,41.87290671,-87.78454325
16182310280000,414 HARRISON ST,41.87273638,-87.78477532
16183000030000,1141 GARFIELD ST,41.87205392,-87.8038013
16183010050000,912 S MAPLE AVE,41.87177338,-87.80331954
16183010060000,914 S MAPLE AVE,41.87167673,-87.80330482
16183010070000,916 S MAPLE AVE,41.8715879,-87.80331073
16183010080000,920 S MAPLE AVE,41.87150291,-87.80331143
16183010090000,922 S MAPLE AVE,41.8714101,-87.80329151
16183010100000,924 S MAPLE AVE,41.87132132,-87.80330775
16183010110000,926 S MAPLE AVE,41.87121692,-87.80328793
16183010120000,932 S MAPLE AVE,41.87110479,-87.80326817
16183010130000,934 S MAPLE AVE,41.87100819,-87.8032638
16183010140000,938 S MAPLE AVE,41.87091924,-87.80324384
16183010150000,940 S MAPLE AVE,41.87081109,-87.80324991
16183010160000,944 S MAPLE AVE,41.87071838,-87.80325067
16183010170000,946 S MAPLE AVE,41.87062173,-87.80323595
16183010180000,913 WISCONSIN AVE,41.87179234,-87.80234387
16183010190000,917 WISCONSIN AVE,41.87167645,-87.80234483
16183010200000,919 WISCONSIN AVE,41.87159131,-87.8023145
16183010210000,921 WISCONSIN AVE,41.8715141,-87.80232548
16183010220000,923 WISCONSIN AVE,41.87142134,-87.8023159
16183010230000,927 WISCONSIN AVE,41.8713286,-87.8023115
16183010240000,929 WISCONSIN AVE,41.87123199,-87.80230713
16183010250000,933 WISCONSIN AVE,41.87110444,-87.80229267
16183010260000,935 WISCONSIN AVE,41.87103104,-87.80229327
16183010270000,939 WISCONSIN AVE,41.87092287,-87.80229417
16183010280000,941 WISCONSIN AVE,41.87082634,-87.80230531
16183010290000,945 WISCONSIN AVE,41.87072976,-87.80230611
16183010300000,947 WISCONSIN AVE,41.87062922,-87.80228625
16183010310000,1103 GARFIELD ST,41.87209706,-87.80231619
16183010320000,1101 GARFIELD ST,41.87191751,-87.80220148
16183010340000,1125 GARFIELD ST,41.87216164,-87.80296122
16183020010000,1047 GARFIELD ST,41.87219918,-87.80151824
16183020020000,906 WISCONSIN AVE,41.87202539,-87.80177895
16183020030000,908 WISCONSIN AVE,41.87193654,-87.80177968
16183020040000,1045 GARFIELD ST,41.87216848,-87.80140003
16183020050000,1043 GARFIELD ST,41.87215108,-87.80126468
16183020060000,1039 GARFIELD ST,41.8721576,-87.80113054
16183020070000,901 WENONAH AVE,41.87220679,-87.80090772
16183020090000,905 WENONAH AVE,41.87209083,-87.80089316
16183020100000,909 WENONAH AVE,41.87197085,-87.8009085
16183020110000,912 WISCONSIN AVE,41.87179352,-87.80176339
16183020120000,916 WISCONSIN AVE,41.87169308,-87.80176423
16183020130000,918 WISCONSIN AVE,41.87161188,-87.80174938
16183020140000,920 WISCONSIN AVE,41.87152298,-87.80173977
16183020150000,922 WISCONSIN AVE,41.87144185,-87.80174045
16183020160000,926 WISCONSIN AVE,41.87136459,-87.80174109
16183020170000,928 WISCONSIN AVE,41.87127571,-87.80173665
16183020180000,930 WISCONSIN AVE,41.871183,-87.80173742
16183020190000,932 WISCONSIN AVE,41.87109801,-87.80173812
16183020200000,936 WISCONSIN AVE,41.87102075,-87.80173876
16183020210000,938 WISCONSIN AVE,41.87093189,-87.8017395
16183020220000,940 WISCONSIN AVE,41.87083918,-87.80174027
16183020230000,944 WISCONSIN AVE,41.87075025,-87.80172549
16183020240000,946 WISCONSIN AVE,41.87062642,-87.80174399
16183020250000,913 WENONAH AVE,41.87180162,-87.8009469
16183020260000,917 WENONAH AVE,41.8717089,-87.80094767
16183020270000,919 WENONAH AVE,41.87161614,-87.80093809
16183020280000,921 WENONAH AVE,41.87149628,-87.8009184
16183020290000,925 WENONAH AVE,41.87139181,-87.80088306
16183020300000,929 WENONAH AVE,41.87129521,-87.80087869
16183020310000,931 WENONAH AVE,41.87119088,-87.80087438
16183020320000,933 WENONAH AVE,41.871102,-87.80086994
16183020330000,937 WENONAH AVE,41.87102474,-87.80087059
16183020340000,939 WENONAH AVE,41.87092818,-87.80087656
16183020350000,941 WENONAH AVE,41.87086637,-87.80087707
16183020360000,943 WENONAH AVE,41.87075444,-87.80089869
16183020370000,947 WENONAH AVE,41.87064241,-87.80089962
16183030010000,900 WENONAH AVE,41.87221598,-87.80039041
16183030020000,902 WENONAH AVE,41.87213092,-87.8003756
16183030030000,904 WENONAH AVE,41.87204202,-87.800366
16183030040000,908 WENONAH AVE,41.87194933,-87.80037194
16183030050000,1013 GARFIELD ST,41.87215969,-87.79999435
16183030060000,1011 GARFIELD ST,41.87217802,-87.79988703
16183030100000,912 WENONAH AVE,41.87182955,-87.80036776
16183030110000,916 WENONAH AVE,41.87172138,-87.80036866
16183030120000,920 WENONAH AVE,41.87161703,-87.80035918
16183030130000,922 WENONAH AVE,41.87151042,-87.80037718
16183030140000,924 WENONAH AVE,41.8714059,-87.8003315
16183030150000,928 WENONAH AVE,41.87129785,-87.80035826
16183030160000,930 WENONAH AVE,41.87120129,-87.80036423
16183030170000,934 WENONAH AVE,41.87106608,-87.80036535
16183030180000,938 WENONAH AVE,41.8709695,-87.80036616
16183030190000,940 WENONAH AVE,41.8708652,-87.80036702
16183030200000,944 WENONAH AVE,41.87075703,-87.80036792
16183030210000,946 WENONAH AVE,41.87064877,-87.80034813
16183030220000,913 HOME AVE,41.87185259,-87.7995066
16183030230000,915 HOME AVE,41.87175594,-87.79949189
16183030240000,917 HOME AVE,41.87166711,-87.7994978
16183030250000,921 HOME AVE,41.87155894,-87.7994987
16183030270000,923 HOME AVE,41.87144684,-87.79948411
16183030280000,925 HOME AVE,41.87136192,-87.79950034
16183030290000,929 HOME AVE,41.87125219,-87.79948219
16183030300000,931 HOME AVE,41.8711398,-87.79947675
16183030320000,937 HOME AVE,41.87100779,-87.79945992
16183030330000,941 HOME AVE,41.87086483,-87.79945594
16183030340000,947 HOME AVE,41.87072246,-87.79950885
16183030350000,1009 GARFIELD ST,41.87218679,-87.79974828
16183030370000,1001 GARFIELD ST,41.87223834,-87.79938214
16183040010000,908 HOME AVE,41.8719848,-87.79905299
16183040020000,937 GARFIELD ST,41.87221382,-87.7984731
16183040030000,907 S CLINTON AVE,41.87208939,-87.79830696
16183040040000,912 HOME AVE,41.87184227,-87.79894808
16183040050000,914 HOME AVE,41.87175342,-87.79894882
16183040060000,918 HOME AVE,41.87165681,-87.79894446
16183040070000,920 HOME AVE,41.87156803,-87.79896071
16183040080000,922 HOME AVE,41.87146752,-87.79894603
16183040090000,926 HOME AVE,41.87138644,-87.79895705
16183040100000,928 HOME AVE,41.87128583,-87.79892169
16183040110000,930 HOME AVE,41.8712047,-87.79892236
16183040120000,934 HOME AVE,41.87111585,-87.7989231
16183040130000,936 HOME AVE,41.87102314,-87.79892387
16183040140000,938 HOME AVE,41.87092269,-87.79892471
16183040150000,942 HOME AVE,41.87081836,-87.79892041
16183040160000,946 HOME AVE,41.87070242,-87.79891103
16183040170000,913 S CLINTON AVE,41.87185821,-87.79822342
16183040180000,915 S CLINTON AVE,41.87176163,-87.79822422
16183040190000,919 S CLINTON AVE,41.87167278,-87.79822496
16183040200000,921 S CLINTON AVE,41.87159165,-87.79822564
16183040210000,923 S CLINTON AVE,41.87149899,-87.79823676
16183040220000,927 S CLINTON AVE,41.87141004,-87.79821759
16183040230000,929 S CLINTON AVE,41.87132891,-87.79821827
16183040240000,931 S CLINTON AVE,41.87123075,-87.79819678
16183040250000,933 S CLINTON AVE,41.8711419,-87.79819752
16183040260000,937 S CLINTON AVE,41.87106463,-87.79819816
16183040270000,939 S CLINTON AVE,41.87096026,-87.79818352
16183040280000,941 S CLINTON AVE,41.87087148,-87.79819978
16183040290000,945 S CLINTON AVE,41.87078258,-87.79819017
16183040300000,947 S CLINTON AVE,41.87069759,-87.79819088
16183050010000,921 GARFIELD ST,41.87224353,-87.79749998
16183050020000,906 S CLINTON AVE,41.87206035,-87.797648
16183050030000,908 S CLINTON AVE,41.87199168,-87.79768008
16183050040000,910 S CLINTON AVE,41.87191023,-87.79765871
16183050050000,916 S CLINTON AVE,41.8717714,-87.79768153
16183050060000,918 S CLINTON AVE,41.87167076,-87.79768686
16183050070000,920 S CLINTON AVE,41.87155988,-87.79765634
16183050080000,926 S CLINTON AVE,41.87142902,-87.79765743
16183050090000,928 S CLINTON AVE,41.87130822,-87.79765844
16183050100000,932 S CLINTON AVE,41.87117061,-87.7976506
16183050110000,934 S CLINTON AVE,41.87108334,-87.79764684
16183050120000,936 S CLINTON AVE,41.87099266,-87.79762962
16183050130000,940 S CLINTON AVE,41.8708887,-87.79764397
16183050150000,901 S KENILWORTH AVE,41.87217509,-87.79689137
16183050160000,903 S KENILWORTH AVE,41.87210123,-87.796883
16183050170000,905 S KENILWORTH AVE,41.87200056,-87.79688384
16183050180000,907 S KENILWORTH AVE,41.87192674,-87.79688446
16183050190000,911 S KENILWORTH AVE,41.87183615,-87.79688522
16183050200000,917 S KENILWORTH AVE,41.87170345,-87.79689904
16183050210000,921 S KENILWORTH AVE,41.87160937,-87.79687287
16183050220000,923 S KENILWORTH AVE,41.8715288,-87.79686455
16183050230000,927 S KENILWORTH AVE,41.87145163,-87.7968652
16183050240000,929 S KENILWORTH AVE,41.87136966,-87.79685951
16183050250000,931 S KENILWORTH AVE,41.87127235,-87.79686033
16183050260000,933 S KENILWORTH AVE,41.87117938,-87.79686429
16183050270000,935 S KENILWORTH AVE,41.87108924,-87.79686823
16183050280000,939 S KENILWORTH AVE,41.87099053,-87.79684993
16183050290000,941 S KENILWORTH AVE,41.8708744,-87.79685205
16183050300000,943 S KENILWORTH AVE,41.8707753,-87.79686375
16183050310000,945 S KENILWORTH AVE,41.87070283,-87.79687407
16183050320000,944 S CLINTON AVE,41.87078788,-87.79760887
16183060010000,902 S KENILWORTH AVE,41.87212215,-87.79632175
16183060020000,904 S KENILWORTH AVE,41.87203824,-87.79631796
16183060030000,908 S KENILWORTH AVE,41.87196103,-87.79630962
16183060040000,910 S KENILWORTH AVE,41.87188387,-87.79631476
16183060050000,912 S KENILWORTH AVE,41.87179663,-87.79631549
16183060060000,918 S KENILWORTH AVE,41.87166904,-87.79629989
16183060070000,922 S KENILWORTH AVE,41.87158516,-87.79630059
16183060080000,924 S KENILWORTH AVE,41.8714946,-87.79631034
16183060090000,926 S KENILWORTH AVE,41.8714074,-87.79632005
16183060100000,928 S KENILWORTH AVE,41.87133356,-87.79631618
16183060110000,930 S KENILWORTH AVE,41.87125301,-87.79631236
16183060120000,932 S KENILWORTH AVE,41.87116904,-87.79629509
16183060130000,936 S KENILWORTH AVE,41.87108515,-87.79629579
16183060140000,938 S KENILWORTH AVE,41.87099789,-87.79629203
16183060150000,940 S KENILWORTH AVE,41.87090729,-87.79629279
16183060160000,944 S KENILWORTH AVE,41.87082334,-87.79628001
16183060170000,946 S KENILWORTH AVE,41.87072264,-87.79627187
16183060180000,829 GARFIELD ST,41.8720588,-87.79561734
16183060200000,913 S GROVE AVE,41.87190152,-87.7955759
16183060210000,915 S GROVE AVE,41.87182099,-87.79557658
16183060220000,917 S GROVE AVE,41.87173375,-87.79557731
16183060230000,923 S GROVE AVE,41.87158888,-87.79556881
16183060240000,925 S GROVE AVE,41.87149741,-87.79556842
16183060250000,927 S GROVE AVE,41.87141346,-87.79555565
16183060260000,929 S GROVE AVE,41.87133628,-87.79555629
16183060270000,933 S GROVE AVE,41.87119535,-87.79555747
16183060280000,935 S GROVE AVE,41.87109133,-87.79555835
16183060290000,937 S GROVE AVE,41.87099744,-87.79557261
16183060300000,941 S GROVE AVE,41.8709135,-87.79555984
16183060310000,945 S GROVE AVE,41.87082957,-87.79555156
16183060320000,947 S GROVE AVE,41.87074696,-87.79554718
16183070030000,910 S GROVE AVE,41.87176952,-87.79512642
16183070040000,817 GARFIELD ST,41.87200025,-87.79495375
16183070050000,815 GARFIELD ST,41.87195926,-87.79480134
16183070060000,811 GARFIELD ST,41.87183098,-87.79463618
16183070070000,922 S GROVE AVE,41.87154188,-87.79503398
16183070080000,924 S GROVE AVE,41.871458,-87.79503468
16183070090000,928 S GROVE AVE,41.87136058,-87.79501304
16183070100000,930 S GROVE AVE,41.87127661,-87.79499577
16183070110000,932 S GROVE AVE,41.87119941,-87.79499192
16183070120000,934 S GROVE AVE,41.87111551,-87.79498813
16183070140000,940 S GROVE AVE,41.87093435,-87.79499864
16183070160000,946 S GROVE AVE,41.8707933,-87.79497287
16183070170000,901 S OAK PARK AVE,41.87195093,-87.79411135
16183070180000,903 S OAK PARK AVE,41.87186941,-87.79424498
16183070190000,905 S OAK PARK AVE,41.87177539,-87.79423229
16183070200000,907 S OAK PARK AVE,41.87168087,-87.79420848
16183070250000,925 S OAK PARK AVE,41.87110463,-87.79430663
16183070290000,945 S OAK PARK AVE,41.87081625,-87.79434948
16183070320000,821 GARFIELD ST,41.87201278,-87.79508625
16183070340000,929 S OAK PARK AVE,41.87096686,-87.79426735
16183070350000,917 S OAK PARK AVE,41.87139954,-87.79422288
16183070380000,919 S OAK PARK AVE,41.87127238,-87.79430073
16183080020000,1105 S MAPLE AVE,41.86797038,-87.80384857
16183080030000,7140 W ROOSEVELT RD,41.86526073,-87.803778
16183090040000,1016 S MAPLE AVE,41.8697929,-87.80319853
16183090050000,1018 S MAPLE AVE,41.86970612,-87.80319925
16183090060000,1022 S MAPLE AVE,41.86960891,-87.80319541
16183090070000,1030 S MAPLE AVE,41.86951168,-87.80318692
16183090080000,1032 S MAPLE AVE,41.86938764,-87.80318043
16183090090000,1034 S MAPLE AVE,41.86925576,-87.80318616
16183090100000,1036 S MAPLE AVE,41.86911692,-87.80318731
16183090110000,1040 S MAPLE AVE,41.86898116,-87.80319308
16183090120000,1044 S MAPLE AVE,41.86888047,-87.80318927
16183090130000,1046 S MAPLE AVE,41.86879023,-87.80319001
16183090140000,1001 WISCONSIN AVE,41.87036811,-87.8022941
16183090150000,1005 WISCONSIN AVE,41.87021883,-87.80229069
16183090160000,1009 WISCONSIN AVE,41.87006608,-87.8022873
16183090170000,1015 WISCONSIN AVE,41.86993759,-87.80227442
16183090180000,1017 WISCONSIN AVE,41.86980918,-87.80228013
16183090190000,1019 WISCONSIN AVE,41.86972219,-87.80225708
16183090200000,1023 WISCONSIN AVE,41.86964609,-87.80231348
16183090210000,1025 WISCONSIN AVE,41.8695251,-87.802334
16183090220000,1031 WISCONSIN AVE,41.86938285,-87.80223326
16183090230000,1035 WISCONSIN AVE,41.86925182,-87.80231083
16183090240000,1037 WISCONSIN AVE,41.86910862,-87.80223141
16183090250000,1041 WISCONSIN AVE,41.8689837,-87.80224174
16183090260000,1043 WISCONSIN AVE,41.86888651,-87.80224255
16183090270000,1047 WISCONSIN AVE,41.86880317,-87.80223394
16183090280000,1000 S MAPLE AVE,41.87036217,-87.80315254
16183090290000,1004 S MAPLE AVE,41.87026535,-87.80323235
16183090300000,1008 S MAPLE AVE,41.87018551,-87.803233
16183090310000,1010 S MAPLE AVE,41.87007086,-87.80321071
16183090320000,1012 S MAPLE AVE,41.86997716,-87.80321613
16183090330000,1014 S MAPLE AVE,41.86988344,-87.80321691
16183100010000,1000 WISCONSIN AVE,41.87036183,-87.80170847
16183100020000,1004 WISCONSIN AVE,41.87026819,-87.80172783
16183100030000,1006 WISCONSIN AVE,41.87015714,-87.8017334
16183100040000,1008 WISCONSIN AVE,41.87006681,-87.80171556
16183100050000,1012 WISCONSIN AVE,41.86998003,-87.80171628
16183100060000,1014 WISCONSIN AVE,41.86988978,-87.80171703
16183100070000,1016 WISCONSIN AVE,41.86979934,-87.80167555
16183100080000,1018 WISCONSIN AVE,41.86970909,-87.8016763
16183100090000,1022 WISCONSIN AVE,41.86962926,-87.80167696
16183100100000,1024 WISCONSIN AVE,41.86953198,-87.80165918
16183100110000,1028 WISCONSIN AVE,41.86943579,-87.80167105
16183100120000,1030 WISCONSIN AVE,41.86934216,-87.80169041
16183100130000,1032 WISCONSIN AVE,41.86925532,-87.80167719
16183100140000,1034 WISCONSIN AVE,41.8691685,-87.80166862
16183100150000,1038 WISCONSIN AVE,41.86907129,-87.80166478
16183100160000,1040 WISCONSIN AVE,41.86898445,-87.80165155
16183100170000,1042 WISCONSIN AVE,41.86889411,-87.80163371
16183100180000,1046 WISCONSIN AVE,41.86881081,-87.8016344
16183100190000,1001 WENONAH AVE,41.87037179,-87.80086206
16183100200000,1003 WENONAH AVE,41.87027816,-87.80088143
16183100210000,1007 WENONAH AVE,41.87016365,-87.80089167
16183100220000,1011 WENONAH AVE,41.87007675,-87.80086451
16183100230000,1015 WENONAH AVE,41.86995526,-87.80086552
16183100240000,1017 WENONAH AVE,41.86986161,-87.80088024
16183100250000,1019 WENONAH AVE,41.86976153,-87.80091905
16183100260000,1023 WENONAH AVE,41.86961913,-87.80090164
16183100270000,1027 WENONAH AVE,41.86949747,-87.80086547
16183100280000,1029 WENONAH AVE,41.86941521,-87.80088652
16183100290000,1033 WENONAH AVE,41.86931103,-87.80087809
16183100300000,1035 WENONAH AVE,41.86923113,-87.80086481
16183100310000,1037 WENONAH AVE,41.86913737,-87.8008563
16183100320000,1041 WENONAH AVE,41.86905405,-87.80085234
16183100330000,1043 WENONAH AVE,41.86894983,-87.80083462
16183100340000,1047 WENONAH AVE,41.86883535,-87.80084951
16183110010000,1000 WENONAH AVE,41.87037746,-87.80030927
16183110020000,1004 WENONAH AVE,41.87024907,-87.80031963
16183110030000,1006 WENONAH AVE,41.87015872,-87.80029714
16183110040000,1008 WENONAH AVE,41.87007194,-87.80029786
16183110050000,1012 WENONAH AVE,41.86995737,-87.80029417
16183110060000,1016 WENONAH AVE,41.86987055,-87.80028559
16183110070000,1018 WENONAH AVE,41.86975948,-87.80028652
16183110080000,1022 WENONAH AVE,41.86966915,-87.80026868
16183110090000,1024 WENONAH AVE,41.86955113,-87.80026966
16183110100000,1028 WENONAH AVE,41.8694539,-87.80026117
16183110110000,1030 WENONAH AVE,41.86935422,-87.80026843
16183110120000,1034 WENONAH AVE,41.86925351,-87.80025997
16183110130000,1036 WENONAH AVE,41.86914244,-87.80026089
16183110140000,1040 WENONAH AVE,41.86904865,-87.80024773
16183110150000,1042 WENONAH AVE,41.86893762,-87.80025795
16183110160000,1046 WENONAH AVE,41.86883692,-87.80024949
16183110170000,1001 HOME AVE,41.87041233,-87.79947402
16183110180000,1005 HOME AVE,41.87031463,-87.79948723
16183110190000,1007 HOME AVE,41.87019998,-87.79946496
16183110200000,1011 HOME AVE,41.8700889,-87.79946588
16183110210000,1015 HOME AVE,41.86999514,-87.79945736
16183110220000,1017 HOME AVE,41.86988409,-87.79946293
16183110230000,1019 HOME AVE,41.86979037,-87.79946371
16183110240000,1023 HOME AVE,41.86967927,-87.79945999
16183110250000,1025 HOME AVE,41.86958206,-87.79945615
16183110260000,1029 HOME AVE,41.86948142,-87.79946164
16183110270000,1031 HOME AVE,41.86937122,-87.79944575
16183110280000,1035 HOME AVE,41.86927052,-87.79943729
16183110290000,1039 HOME AVE,41.86916977,-87.79941954
16183110300000,1041 HOME AVE,41.86906221,-87.79942973
16183110310000,1043 HOME AVE,41.86897543,-87.79943045
16183110320000,1047 HOME AVE,41.86885395,-87.79943146
16183120010000,1000 HOME AVE,41.87042119,-87.79888751
16183120020000,1002 HOME AVE,41.87033616,-87.79889075
16183120030000,1006 HOME AVE,41.8702356,-87.79891483
16183120040000,1008 HOME AVE,41.87014188,-87.79891561
16183120050000,1012 HOME AVE,41.86999601,-87.79889824
16183120060000,1016 HOME AVE,41.86986411,-87.79889934
16183120070000,1018 HOME AVE,41.86978076,-87.79889073
16183120080000,1022 HOME AVE,41.86967663,-87.7988916
16183120090000,1024 HOME AVE,41.86958291,-87.79889238
16183120100000,1026 HOME AVE,41.86949943,-87.7988559
16183120130000,1034 HOME AVE,41.86927381,-87.79885778
16183120140000,1038 HOME AVE,41.86913488,-87.79884035
16183120150000,1040 HOME AVE,41.86904461,-87.79883645
16183120160000,1042 HOME AVE,41.86896478,-87.79883712
16183120170000,1046 HOME AVE,41.86885709,-87.79881943
16183120180000,1001 S CLINTON AVE,41.87042507,-87.7981848
16183120190000,1005 S CLINTON AVE,41.87032295,-87.79816707
16183120200000,1007 S CLINTON AVE,41.87021556,-87.79816347
16183120210000,1009 S CLINTON AVE,41.87011821,-87.7981553
16183120220000,1013 S CLINTON AVE,41.87003088,-87.79813805
16183120230000,1015 S CLINTON AVE,41.86995704,-87.79813418
16183120240000,1017 S CLINTON AVE,41.86986647,-87.79813942
16183120250000,1021 S CLINTON AVE,41.86977587,-87.79814018
16183120260000,1023 S CLINTON AVE,41.86967183,-87.79813656
16183120270000,1025 S CLINTON AVE,41.86959216,-87.79813534
16183120280000,1029 S CLINTON AVE,41.8695141,-87.79813338
16183120290000,1031 S CLINTON AVE,41.86942686,-87.79813411
16183120300000,1033 S CLINTON AVE,41.86930604,-87.79813062
16183120310000,1037 S CLINTON AVE,41.86923224,-87.79813573
16183120320000,1039 S CLINTON AVE,41.86914496,-87.79812747
16183120330000,1041 S CLINTON AVE,41.86904767,-87.79813278
16183120340000,1043 S CLINTON AVE,41.86897377,-87.79811542
16183120350000,1047 S CLINTON AVE,41.86887636,-87.79809377
16183120360000,1030 HOME AVE,41.86942307,-87.79885654
16183130010000,1000 S CLINTON AVE,41.87043538,-87.7976025
16183130020000,1002 S CLINTON AVE,41.87034158,-87.79763473
16183130030000,1006 S CLINTON AVE,41.87025752,-87.79759949
16183130040000,1008 S CLINTON AVE,41.87016691,-87.79759575
16183130050000,1012 S CLINTON AVE,41.87006622,-87.7975921
16183130060000,1014 S CLINTON AVE,41.86997562,-87.79759285
16183130070000,1016 S CLINTON AVE,41.86988503,-87.79759361
16183130080000,1020 S CLINTON AVE,41.86976436,-87.79762158
16183130090000,1022 S CLINTON AVE,41.86968378,-87.79761326
16183130100000,1026 S CLINTON AVE,41.86957635,-87.79760068
16183130110000,1028 S CLINTON AVE,41.86946201,-87.79754772
16183130120000,1032 S CLINTON AVE,41.86933809,-87.79759818
16183130130000,1036 S CLINTON AVE,41.86922392,-87.79758116
16183130140000,1040 S CLINTON AVE,41.86908968,-87.79757779
16183130150000,1042 S CLINTON AVE,41.86898207,-87.79752927
16183130160000,1046 S CLINTON AVE,41.86888821,-87.79754802
16183130170000,1001 S KENILWORTH AVE,41.87044245,-87.79686578
16183130180000,1005 S KENILWORTH AVE,41.87033351,-87.79683351
16183130190000,1009 S KENILWORTH AVE,41.87018404,-87.79685895
16183130200000,1015 S KENILWORTH AVE,41.87002952,-87.7968243
16183130210000,1017 S KENILWORTH AVE,41.86990539,-87.79682983
16183130220000,1021 S KENILWORTH AVE,41.86978457,-87.79682635
16183130230000,1023 S KENILWORTH AVE,41.869704,-87.79681804
16183130240000,1025 S KENILWORTH AVE,41.86961675,-87.79681877
16183130250000,1029 S KENILWORTH AVE,41.86951941,-87.7968106
16183130260000,1031 S KENILWORTH AVE,41.8694087,-87.79681602
16183130270000,1035 S KENILWORTH AVE,41.86931128,-87.79679437
16183130280000,1037 S KENILWORTH AVE,41.86920384,-87.79678179
16183130290000,1045 S KENILWORTH AVE,41.86898324,-87.79688856
16183140010000,1000 S KENILWORTH AVE,41.87046752,-87.79627759
16183140020000,1002 S KENILWORTH AVE,41.87037358,-87.79628287
16183140030000,1004 S KENILWORTH AVE,41.87030312,-87.79628346
16183140040000,1006 S KENILWORTH AVE,41.87021915,-87.7962662
16183140050000,1010 S KENILWORTH AVE,41.87013524,-87.7962624
16183140060000,1012 S KENILWORTH AVE,41.87004129,-87.79626319
16183140070000,1014 S KENILWORTH AVE,41.86997414,-87.79625477
16183140080000,1016 S KENILWORTH AVE,41.86988354,-87.79625553
16183140090000,1020 S KENILWORTH AVE,41.86981312,-87.7962651
16183140100000,1022 S KENILWORTH AVE,41.86972584,-87.79625685
16183140110000,1024 S KENILWORTH AVE,41.86962169,-87.79623076
16183140120000,1028 S KENILWORTH AVE,41.86954106,-87.79620897
16183140130000,1030 S KENILWORTH AVE,41.86943385,-87.79624581
16183140140000,1034 S KENILWORTH AVE,41.86933319,-87.79624666
16183140150000,1036 S KENILWORTH AVE,41.86922915,-87.79624303
16183140160000,1040 S KENILWORTH AVE,41.86912506,-87.79623043
16183140170000,1042 S KENILWORTH AVE,41.86901429,-87.79622237
16183140190000,1001 S GROVE AVE,41.87044979,-87.79556528
16183140200000,1003 S GROVE AVE,41.87033241,-87.79557974
16183140210000,1009 S GROVE AVE,41.87020826,-87.79558078
16183140220000,1013 S GROVE AVE,41.87007058,-87.79555947
16183140230000,1017 S GROVE AVE,41.86997644,-87.79551982
16183140240000,1019 S GROVE AVE,41.86987577,-87.79552067
16183140250000,1021 S GROVE AVE,41.86977511,-87.79552151
16183140260000,1025 S GROVE AVE,41.86968449,-87.79551778
16183140270000,1027 S GROVE AVE,41.86958383,-87.79551862
16183140280000,1029 S GROVE AVE,41.8694865,-87.79551495
16183140290000,1033 S GROVE AVE,41.86939588,-87.79551121
16183140300000,1035 S GROVE AVE,41.86929184,-87.79550759
16183140310000,1039 S GROVE AVE,41.8692046,-87.79550832
16183140320000,1041 S GROVE AVE,41.86910331,-87.79549063
16183140330000,1043 S GROVE AVE,41.86901663,-87.79549642
16183140340000,1045 S GROVE AVE,41.86891586,-87.7954748
16183140350000,1046 S KENILWORTH AVE,41.86891154,-87.79626598
16183150010000,1000 S GROVE AVE,41.8704887,-87.794956
16183150020000,1004 S GROVE AVE,41.87034006,-87.79493014
16183150030000,1008 S GROVE AVE,41.87018586,-87.79496288
16183150040000,1012 S GROVE AVE,41.87007177,-87.79496384
16183150050000,1016 S GROVE AVE,41.86993411,-87.79494702
16183150060000,1020 S GROVE AVE,41.86983009,-87.7949479
16183150070000,1022 S GROVE AVE,41.86973287,-87.79496668
16183150080000,1024 S GROVE AVE,41.86966574,-87.79496275
16183150090000,1026 S GROVE AVE,41.86958861,-87.79497239
16183150100000,1030 S GROVE AVE,41.86945093,-87.79495108
16183150110000,1034 S GROVE AVE,41.86935651,-87.79496723
16183150120000,1036 S GROVE AVE,41.86927313,-87.79496156
16183150130000,1038 S GROVE AVE,41.86920107,-87.79494419
16183150140000,1040 S GROVE AVE,41.8691084,-87.79491874
16183150150000,1044 S GROVE AVE,41.86895419,-87.79492829
16183150210000,1015 S OAK PARK AVE,41.87007634,-87.79420714
16183150220000,1017 S OAK PARK AVE,41.8699791,-87.79422144
16183150230000,1021 S OAK PARK AVE,41.86982109,-87.79448167
16183150240000,1025 S OAK PARK AVE,41.86966562,-87.79422277
16183150250000,1029 S OAK PARK AVE,41.86955489,-87.7942237
16183150260000,1031 S OAK PARK AVE,41.86944501,-87.79421882
16183150350000,1039 S OAK PARK AVE,41.86919278,-87.79419341
16183150360000,1041 S OAK PARK AVE,41.86908003,-87.79417842
16183150370000,1033 S OAK PARK AVE,41.86931164,-87.79419429
16183150410000,1007 S OAK PARK AVE,41.8703446,-87.79428253
16183150470000,1011 S OAK PARK AVE,41.8702002,-87.79428071
16183150500000,802 HARVARD ST,41.86896712,-87.79410733
16183150510000,804 HARVARD ST,41.8689675,-87.7941882
16183150520000,806 HARVARD ST,41.86896788,-87.79426906
16183150570000,808 HARVARD ST,41.86896488,-87.79434546
16183150600000,1001 S OAK PARK AVE,41.87050718,-87.79412626
16183160020000,1104 S MAPLE AVE,41.86839186,-87.8031244
16183160030000,1108 S MAPLE AVE,41.8682284,-87.803145
16183160040000,1112 S MAPLE AVE,41.86808959,-87.80315478
16183160050000,1116 S MAPLE AVE,41.86796116,-87.80315584
16183160070000,1128 S MAPLE AVE,41.8676973,-87.80314408
16183160080000,1130 S MAPLE AVE,41.86756188,-87.80313524
16183160090000,1132 S MAPLE AVE,41.86744018,-87.80308977
16183160100000,1136 S MAPLE AVE,41.86730146,-87.8031188
16183160110000,1138 S MAPLE AVE,41.86723898,-87.80311932
16183160120000,1140 S MAPLE AVE,41.86716609,-87.80311992
16183160130000,1142 S MAPLE AVE,41.86709318,-87.80311587
16183160140000,1144 S MAPLE AVE,41.86700638,-87.80311194
16183160150000,1101 WISCONSIN AVE,41.86852285,-87.80226428
16183160160000,1105 WISCONSIN AVE,41.86838339,-87.80221923
16183160170000,1109 WISCONSIN AVE,41.86824183,-87.80216357
16183160180000,1115 WISCONSIN AVE,41.86807574,-87.80230011
16183160200000,1119 WISCONSIN AVE,41.86791875,-87.80230645
16183160210000,1123 WISCONSIN AVE,41.86780111,-87.8023219
16183160220000,1125 WISCONSIN AVE,41.86769934,-87.80225418
16183160230000,1127 WISCONSIN AVE,41.86756794,-87.80219331
16183160240000,1133 WISCONSIN AVE,41.86744631,-87.80214174
16183160250000,1137 WISCONSIN AVE,41.86729371,-87.80217088
16183160260000,1141 WISCONSIN AVE,41.86717587,-87.80220903
16183160270000,1145 WISCONSIN AVE,41.86702303,-87.80216423
16183160290000,1102 S MAPLE AVE,41.86850906,-87.80303513
16183160300000,1122 S MAPLE AVE,41.86782232,-87.80315699
16183160310000,1124 S MAPLE AVE,41.86778694,-87.80325253
16183170010000,1100 WISCONSIN AVE,41.86855081,-87.80162195
16183170020000,1102 WISCONSIN AVE,41.86846751,-87.80162264
16183170030000,1106 WISCONSIN AVE,41.86837054,-87.80162809
16183170040000,1108 WISCONSIN AVE,41.86827658,-87.80161957
16183170050000,1112 WISCONSIN AVE,41.8681485,-87.8016302
16183170060000,1116 WISCONSIN AVE,41.86805506,-87.80162566
16183170100000,1126 WISCONSIN AVE,41.86764782,-87.80160673
16183170110000,1130 WISCONSIN AVE,41.8675202,-87.80158389
16183170120000,1134 WISCONSIN AVE,41.86738481,-87.80158036
16183170130000,1138 WISCONSIN AVE,41.86723208,-87.80158163
16183170140000,1142 WISCONSIN AVE,41.86712098,-87.8015779
16183170150000,1146 WISCONSIN AVE,41.86700644,-87.80157885
16183170160000,1101 WENONAH AVE,41.86857142,-87.80078026
16183170170000,1103 WENONAH AVE,41.86848117,-87.80078101
16183170180000,1107 WENONAH AVE,41.86840134,-87.80078167
16183170190000,1109 WENONAH AVE,41.8683215,-87.80078233
16183170200000,1111 WENONAH AVE,41.86824512,-87.80077832
16183170210000,1113 WENONAH AVE,41.86814793,-87.80077913
16183170220000,1117 WENONAH AVE,41.86804726,-87.80077996
16183170230000,1119 WENONAH AVE,41.86795359,-87.80079003
16183170240000,1123 WENONAH AVE,41.86785286,-87.80077693
16183170250000,1125 WENONAH AVE,41.86774922,-87.80079638
16183170260000,1129 WENONAH AVE,41.86763776,-87.80080208
16183170280000,1131 WENONAH AVE,41.86754051,-87.80078961
16183170290000,1135 WENONAH AVE,41.86743287,-87.80078121
16183170300000,1137 WENONAH AVE,41.8673322,-87.80078205
16183170310000,1141 WENONAH AVE,41.86722441,-87.80074112
16183170320000,1147 WENONAH AVE,41.86704824,-87.80081747
16183170330000,1120 WISCONSIN AVE,41.86792667,-87.80159035
16183180010000,1100 WENONAH AVE,41.86858922,-87.80023216
16183180020000,1104 WENONAH AVE,41.86848848,-87.80021441
16183180030000,1106 WENONAH AVE,41.86837724,-87.80022343
16183180040000,1110 WENONAH AVE,41.8682835,-87.80021956
16183180050000,1112 WENONAH AVE,41.86816546,-87.8002159
16183180060000,1114 WENONAH AVE,41.8680648,-87.80021674
16183180070000,1118 WENONAH AVE,41.86796754,-87.8002036
16183180080000,1122 WENONAH AVE,41.86786337,-87.80019517
16183180090000,1124 WENONAH AVE,41.86776622,-87.80020527
16183180100000,1126 WENONAH AVE,41.86766209,-87.80020614
16183180110000,1130 WENONAH AVE,41.86755793,-87.80020236
16183180120000,1132 WENONAH AVE,41.86745723,-87.8001939
16183180130000,1136 WENONAH AVE,41.86735307,-87.80018812
16183180140000,1138 WENONAH AVE,41.86725588,-87.80018893
16183180150000,1142 WENONAH AVE,41.86714468,-87.80016397
16183180160000,1146 WENONAH AVE,41.86703712,-87.80017416
16183180170000,1101 HOME AVE,41.86857162,-87.79941668
16183180180000,1105 HOME AVE,41.86847096,-87.79941752
16183180190000,1109 HOME AVE,41.86833205,-87.79940474
16183180200000,1111 HOME AVE,41.86819314,-87.79939195
16183180210000,1115 HOME AVE,41.86809595,-87.79939276
16183180220000,1119 HOME AVE,41.86798141,-87.79939371
16183180230000,1121 HOME AVE,41.86788769,-87.79939449
16183180240000,1125 HOME AVE,41.86777653,-87.79937683
16183180250000,1127 HOME AVE,41.86768281,-87.79937761
16183180260000,1131 HOME AVE,41.86757514,-87.79936456
16183180270000,1133 HOME AVE,41.86746754,-87.79936546
16183180280000,1137 HOME AVE,41.86736688,-87.7993663
16183180290000,1139 HOME AVE,41.86726969,-87.7993671
16183180300000,1143 HOME AVE,41.86716208,-87.799368
16183180310000,1147 HOME AVE,41.86702665,-87.79935519
16183190010000,1100 HOME AVE,41.86857807,-87.79884873
16183190020000,1104 HOME AVE,41.86844595,-87.79880336
16183190030000,1108 HOME AVE,41.86833858,-87.79885537
16183190040000,1110 HOME AVE,41.86824465,-87.79880969
16183190050000,1114 HOME AVE,41.8681405,-87.79880591
16183190060000,1116 HOME AVE,41.86805372,-87.79880663
16183190070000,1118 HOME AVE,41.86796,-87.79880741
16183190080000,1122 HOME AVE,41.86786281,-87.79880822
16183190090000,1124 HOME AVE,41.86775857,-87.79878585
16183190100000,1126 HOME AVE,41.8676683,-87.79878196
16183190110000,1130 HOME AVE,41.86757805,-87.79878271
16183190120000,1132 HOME AVE,41.86748086,-87.79878352
16183190130000,1134 HOME AVE,41.86739753,-87.79877957
16183190140000,1138 HOME AVE,41.86731076,-87.79878029
16183190150000,1140 HOME AVE,41.8672101,-87.79878113
16183190160000,1142 HOME AVE,41.86711638,-87.79878191
16183190170000,1146 HOME AVE,41.86702613,-87.79878267
16183190180000,1101 S CLINTON AVE,41.8685907,-87.79808961
16183190190000,1103 S CLINTON AVE,41.86850118,-87.79809035
16183190200000,1107 S CLINTON AVE,41.86841692,-87.79809106
16183190210000,1109 S CLINTON AVE,41.86833002,-87.79808826
16183190220000,1111 S CLINTON AVE,41.8682352,-87.79808199
16183190230000,1115 S CLINTON AVE,41.86815095,-87.7980827
16183190240000,1117 S CLINTON AVE,41.86806406,-87.79808342
16183190250000,1119 S CLINTON AVE,41.86797729,-87.79810882
16183190260000,1121 S CLINTON AVE,41.86790617,-87.79810237
16183190270000,1125 S CLINTON AVE,41.86780334,-87.7980715
16183190280000,1127 S CLINTON AVE,41.86771642,-87.79806517
16183190290000,1129 S CLINTON AVE,41.86762948,-87.79805532
16183190300000,1131 S CLINTON AVE,41.86753468,-87.79805259
16183190310000,1135 S CLINTON AVE,41.86745569,-87.79805325
16183190320000,1137 S CLINTON AVE,41.86738459,-87.79805031
16183190330000,1139 S CLINTON AVE,41.86729243,-87.79805108
16183190340000,1141 S CLINTON AVE,41.86720293,-87.79805535
16183190350000,1143 S CLINTON AVE,41.86712654,-87.79804894
16183190360000,1147 S CLINTON AVE,41.86704762,-87.7980637
16183200010000,1100 S CLINTON AVE,41.86860896,-87.79754304
16183200020000,1102 S CLINTON AVE,41.86849839,-87.79754749
16183200030000,1106 S CLINTON AVE,41.86840351,-87.79752713
16183200040000,1110 S CLINTON AVE,41.86829288,-87.79751748
16183200050000,1112 S CLINTON AVE,41.86819544,-87.79751477
16183200060000,1116 S CLINTON AVE,41.86809271,-87.79750505
16183200070000,1118 S CLINTON AVE,41.86797438,-87.79753777
16183200090000,1122 S CLINTON AVE,41.86785601,-87.79756343
16183200100000,1124 S CLINTON AVE,41.86773211,-87.79753274
16183200110000,1126 S CLINTON AVE,41.86765044,-87.79752284
16183200120000,1130 S CLINTON AVE,41.86752136,-87.79750982
16183200140000,1136 S CLINTON AVE,41.86737392,-87.79751105
16183200150000,1138 S CLINTON AVE,41.86731595,-87.79750096
16183200160000,1140 S CLINTON AVE,41.86723959,-87.7975016
16183200170000,1142 S CLINTON AVE,41.86713952,-87.79749891
16183200180000,1146 S CLINTON AVE,41.86705792,-87.79750312
16183200210000,1121 S KENILWORTH AVE,41.86784575,-87.79695944
16183210050000,1140 S KENILWORTH AVE,41.86725193,-87.79619753
16183210060000,1142 S KENILWORTH AVE,41.86715978,-87.7961983
16183210070000,1146 S KENILWORTH AVE,41.86707284,-87.79618845
16183210080000,1111 S GROVE AVE,41.86815592,-87.79566815
16183210090000,1133 S GROVE AVE,41.8675459,-87.79543715
16183210100000,1135 S GROVE AVE,41.86745112,-87.79543795
16183210110000,1139 S GROVE AVE,41.86736417,-87.79542458
16183210120000,1141 S GROVE AVE,41.86727461,-87.79541828
16183210130000,1143 S GROVE AVE,41.86720091,-87.79542242
16183210140000,1147 S GROVE AVE,41.86709826,-87.79543033
16183220010000,1100 S GROVE AVE,41.86866523,-87.79493743
16183220020000,1102 S GROVE AVE,41.86857558,-87.79490998
16183220030000,1106 S GROVE AVE,41.86847027,-87.79491086
16183220040000,1108 S GROVE AVE,41.86838606,-87.79492214
16183220050000,1110 S GROVE AVE,41.86830976,-87.79493336
16183220060000,1112 S GROVE AVE,41.8682332,-87.7948917
16183220070000,1116 S GROVE AVE,41.8681068,-87.79488923
16183220080000,1118 S GROVE AVE,41.8680436,-87.79488623
16183220090000,1120 S GROVE AVE,41.86795675,-87.79489402
16183220100000,1122 S GROVE AVE,41.86785143,-87.7948949
16183220110000,1126 S GROVE AVE,41.86776716,-87.79489208
16183220140000,1132 S GROVE AVE,41.86756696,-87.79487261
16183220150000,1134 S GROVE AVE,41.86747482,-87.79487691
16183220160000,1138 S GROVE AVE,41.86733768,-87.79482871
16183220200000,1101 S OAK PARK AVE,41.86866699,-87.79419006
16183220210000,1105 S OAK PARK AVE,41.86857486,-87.79419436
16183220220000,1107 S OAK PARK AVE,41.86847216,-87.7941917
16183220230000,1109 S OAK PARK AVE,41.86838529,-87.79419595
16183220240000,1113 S OAK PARK AVE,41.86827462,-87.79417926
16183220250000,1115 S OAK PARK AVE,41.86819823,-87.79417285
16183220260000,1117 S OAK PARK AVE,41.86806142,-87.79419515
16183220290000,1125 S OAK PARK AVE,41.86784524,-87.79413704
16183220310000,1129 S OAK PARK AVE,41.86772146,-87.79413103
16183220320000,1131 S OAK PARK AVE,41.86763997,-87.79415991
16183220340000,1133 S OAK PARK AVE,41.86756786,-87.79401604
16183220350000,1135 S OAK PARK AVE,41.86752165,-87.79419616
16183220380000,1141 S OAK PARK AVE,41.86729224,-87.79412406
16183220390000,1145 S OAK PARK AVE,41.86721059,-87.7941177
16183220400000,1147 S OAK PARK AVE,41.86711317,-87.79411852
16183220410000,1142 S GROVE AVE,41.86722963,-87.79480846
16183220420000,1146 S GROVE AVE,41.86712936,-87.79476348
16183220430000,1121 S OAK PARK AVE,41.86796387,-87.79416777
16183220450000,1139 S OAK PARK AVE,41.86741553,-87.79414606
16183230010000,1150 S MAPLE AVE,41.86669274,-87.80309761
16183230020000,1154 S MAPLE AVE,41.86657112,-87.80310341
16183230030000,1156 S MAPLE AVE,41.86648884,-87.80310409
16183230040000,1158 S MAPLE AVE,41.8664173,-87.80310947
16183230060000,1162 S MAPLE AVE,41.86629199,-87.80309618
16183230070000,1166 S MAPLE AVE,41.86614527,-87.80308298
16183230080000,1168 S MAPLE AVE,41.86605573,-87.80306456
16183230090000,1172 S MAPLE AVE,41.86596627,-87.80306051
16183230120000,1182 S MAPLE AVE,41.86561201,-87.80304914
16183230130000,1184 S MAPLE AVE,41.86552972,-87.80304982
16183230140000,1151 WISCONSIN AVE,41.86669571,-87.80219232
16183230150000,1155 WISCONSIN AVE,41.86655954,-87.80215031
16183230160000,1159 WISCONSIN AVE,41.86643783,-87.80213219
16183230170000,1161 WISCONSIN AVE,41.86634481,-87.80213296
16183230190000,1167 WISCONSIN AVE,41.86610855,-87.80210618
16183230200000,1171 WISCONSIN AVE,41.86600475,-87.80209746
16183230210000,1175 WISCONSIN AVE,41.86589026,-87.80209841
16183230220000,1179 WISCONSIN AVE,41.86576144,-87.80209468
16183230230000,1181 WISCONSIN AVE,41.86568278,-87.80210497
16183230240000,1183 WISCONSIN AVE,41.86560407,-87.80210562
16183230260000,7128 W ROOSEVELT RD,41.8651573,-87.80312488
16183230340000,1163 WISCONSIN AVE,41.86626612,-87.8021384
16183230350000,1165 WISCONSIN AVE,41.86619083,-87.8021055
16183230370000,7112 W ROOSEVELT RD,41.86524046,-87.80253509
16183230380000,7110 W ROOSEVELT RD,41.86531155,-87.80243392
16183230400000,1174 S MAPLE AVE,41.86585903,-87.80308055
16183230410000,1176 S MAPLE AVE,41.86578756,-87.80310514
16183230420000,1180 S MAPLE AVE,41.86568714,-87.80304852
16183230430000,7122 W ROOSEVELT RD,41.86514952,-87.80298594
16183230440000,7120 W ROOSEVELT RD,41.86511142,-87.80285499
16183230450000,7100 W ROOSEVELT RD,41.86532862,-87.80225655
16183240040000,1154 WISCONSIN AVE,41.86641224,-87.80139031
16183240160000,1182 WISCONSIN AVE,41.86560757,-87.80145926
16183240170000,1184 WISCONSIN AVE,41.86553244,-87.80145988
16183240200000,1157 WENONAH AVE,41.8665136,-87.80072823
16183240210000,1161 WENONAH AVE,41.86640984,-87.80072909
16183240220000,1163 WENONAH AVE,41.86628476,-87.80075886
16183240230000,1165 WENONAH AVE,41.86613818,-87.80077927
16183240240000,1171 WENONAH AVE,41.86603412,-87.80071308
16183240250000,1175 WENONAH AVE,41.86593036,-87.80071394
16183240260000,1177 WENONAH AVE,41.8658445,-87.80071465
16183240270000,1179 WENONAH AVE,41.86575505,-87.80071539
16183240280000,1183 WENONAH AVE,41.86565493,-87.80072579
16183240300000,7056 W ROOSEVELT RD,41.86524688,-87.8016059
16183240390000,7036 W ROOSEVELT RD,41.86521332,-87.80076613
16183240410000,7034 W ROOSEVELT RD,41.86521755,-87.80044443
16183240440000,7050 W ROOSEVELT RD,41.86529939,-87.80135631
16183240460000,1153 WENONAH AVE,41.86671441,-87.80082714
16183240480000,1155 WENONAH AVE,41.86660315,-87.80075143
16183250010000,1150 WENONAH AVE,41.86674959,-87.80011913
16183250020000,1152 WENONAH AVE,41.86663152,-87.80012011
16183250030000,1156 WENONAH AVE,41.86652777,-87.80012098
16183250040000,1158 WENONAH AVE,41.86641328,-87.80012193
16183250050000,1162 WENONAH AVE,41.86631673,-87.80013231
16183250060000,1164 WENONAH AVE,41.8662058,-87.80012844
16183250070000,1168 WENONAH AVE,41.86609847,-87.80012934
16183250080000,1172 WENONAH AVE,41.8660126,-87.80013005
16183250090000,1174 WENONAH AVE,41.86591958,-87.80013082
16183250100000,1176 WENONAH AVE,41.86582656,-87.8001316
16183250110000,1178 WENONAH AVE,41.86574423,-87.8001227
16183250120000,1182 WENONAH AVE,41.86565479,-87.80012344
16183250140000,1151 HOME AVE,41.86670446,-87.79932547
16183250150000,1155 HOME AVE,41.86667018,-87.7992236
16183250160000,1159 HOME AVE,41.8665429,-87.79932616
16183250170000,1161 HOME AVE,41.86644421,-87.7993361
16183250180000,1163 HOME AVE,41.86632257,-87.79933711
16183250190000,1167 HOME AVE,41.86621878,-87.7993284
16183250200000,1169 HOME AVE,41.86612573,-87.79932438
16183250210000,1173 HOME AVE,41.86602417,-87.79928698
16183250220000,1175 HOME AVE,41.86592533,-87.7993149
16183250230000,1177 HOME AVE,41.86582871,-87.79931091
16183250240000,1179 HOME AVE,41.8657465,-87.79932753
16183250250000,1183 HOME AVE,41.86566399,-87.79928042
16183250260000,1187 HOME AVE,41.86558195,-87.79933369
16183260010000,1150 HOME AVE,41.8667682,-87.79873475
16183260020000,1152 HOME AVE,41.86668233,-87.79873546
16183260030000,1156 HOME AVE,41.86658216,-87.7987363
16183260040000,1158 HOME AVE,41.86649854,-87.7987115
16183260050000,1160 HOME AVE,41.86640685,-87.79873776
16183260060000,1164 HOME AVE,41.86631387,-87.79874811
16183260070000,1166 HOME AVE,41.86622074,-87.79872494
16183260080000,1168 HOME AVE,41.86612761,-87.79870177
16183260090000,1172 HOME AVE,41.86603097,-87.79869299
16183260100000,1174 HOME AVE,41.86591648,-87.79869395
16183260110000,1178 HOME AVE,41.86580578,-87.79873798
16183260120000,1182 HOME AVE,41.86571253,-87.79869086
16183260130000,1184 HOME AVE,41.86560529,-87.79871091
16183260140000,1188 HOME AVE,41.8655507,-87.79870631
16183260150000,1151 S CLINTON AVE,41.86677932,-87.79800459
16183260160000,1155 S CLINTON AVE,41.86669506,-87.79800529
16183260170000,1157 S CLINTON AVE,41.86658185,-87.79800624
16183260190000,1161 S CLINTON AVE,41.86645008,-87.79798266
16183260200000,1165 S CLINTON AVE,41.86633947,-87.79797653
16183260210000,1167 S CLINTON AVE,41.8662447,-87.79798085
16183260220000,1171 S CLINTON AVE,41.86613144,-87.79797122
16183260230000,1175 S CLINTON AVE,41.86599968,-87.79794764
16183260240000,1179 S CLINTON AVE,41.86587346,-87.79798395
16183260250000,1181 S CLINTON AVE,41.86576278,-87.79796372
16183260260000,1183 S CLINTON AVE,41.8656917,-87.79796784
16183260270000,1185 S CLINTON AVE,41.86561268,-87.79796145
16183260280000,6950 W ROOSEVELT RD,41.86539891,-87.7985938
16183260290000,6942 W ROOSEVELT RD,41.86530461,-87.79843181
16183260300000,6938 W ROOSEVELT RD,41.86529648,-87.79833691
16183260310000,6936 W ROOSEVELT RD,41.86530143,-87.79828242
16183260320000,6934 W ROOSEVELT RD,41.8653004,-87.79812756
16183260340000,6930 W ROOSEVELT RD,41.86531975,-87.79795264
16183270010000,1150 S CLINTON AVE,41.86678584,-87.79749523
16183270020000,1154 S CLINTON AVE,41.86669372,-87.79750305
16183270030000,1156 S CLINTON AVE,41.86659357,-87.79748273
16183270040000,1158 S CLINTON AVE,41.86651455,-87.79747634
16183270050000,1160 S CLINTON AVE,41.86642252,-87.79750179
16183270060000,1164 S CLINTON AVE,41.86632752,-87.79745675
16183270070000,1166 S CLINTON AVE,41.8662329,-87.79749279
16183270080000,1168 S CLINTON AVE,41.86614066,-87.79747594
16183270090000,1172 S CLINTON AVE,41.86605364,-87.79744847
16183270100000,1174 S CLINTON AVE,41.86597202,-87.79744915
16183270110000,1178 S CLINTON AVE,41.86585882,-87.79745362
16183270120000,1180 S CLINTON AVE,41.86577982,-87.79745075
16183270130000,1182 S CLINTON AVE,41.8656851,-87.79746564
16183270140000,1184 S CLINTON AVE,41.86558482,-87.79741713
16183270150000,1188 S CLINTON AVE,41.8654902,-87.79745317
16183270160000,6920 W ROOSEVELT RD,41.86522243,-87.79736604
16183270170000,1151 S KENILWORTH AVE,41.86677392,-87.79698269
16183270180000,1155 S KENILWORTH AVE,41.86667499,-87.79671391
16183270190000,1157 S KENILWORTH AVE,41.86658544,-87.79670761
16183270200000,1159 S KENILWORTH AVE,41.86648797,-87.79669785
16183270210000,1163 S KENILWORTH AVE,41.86639054,-87.79669514
16183270220000,1167 S KENILWORTH AVE,41.86625901,-87.79672092
16183270230000,1171 S KENILWORTH AVE,41.86611935,-87.79669741
16183270240000,1175 S KENILWORTH AVE,41.86597449,-87.79668804
16183270250000,1177 S KENILWORTH AVE,41.8658849,-87.7966747
16183270260000,1181 S KENILWORTH AVE,41.86579012,-87.79667549
16183270270000,1183 S KENILWORTH AVE,41.86569798,-87.79667978
16183270280000,1185 S KENILWORTH AVE,41.86560315,-87.79667
16183270290000,1189 S KENILWORTH AVE,41.86552151,-87.79666716
16183270300000,1191 S KENILWORTH AVE,41.86545467,-87.79655995
16183280010000,1150 S KENILWORTH AVE,41.86679338,-87.79618382
16183280020000,1154 S KENILWORTH AVE,41.86669049,-87.79613885
16183280030000,1156 S KENILWORTH AVE,41.86660362,-87.7961431
16183280040000,1160 S KENILWORTH AVE,41.86650095,-87.79614749
16183280050000,1164 S KENILWORTH AVE,41.86639566,-87.79615542
16183280070000,1166 S KENILWORTH AVE,41.86625604,-87.79613896
16183280080000,1170 S KENILWORTH AVE,41.86615207,-87.79613346
16183280090000,1172 S KENILWORTH AVE,41.86604804,-87.7961407
16183280100000,1176 S KENILWORTH AVE,41.86594701,-87.79614792
16183280110000,1178 S KENILWORTH AVE,41.86583482,-87.79615306
16183280120000,1182 S KENILWORTH AVE,41.86571889,-87.79613641
16183280130000,1184 S KENILWORTH AVE,41.86567305,-87.79618626
16183280140000,1186 S KENILWORTH AVE,41.86558197,-87.79613756
16183280170000,1151 S GROVE AVE,41.86682627,-87.79538686
16183280180000,1153 S GROVE AVE,41.86674989,-87.79538398
16183280190000,1157 S GROVE AVE,41.86665776,-87.79538827
16183280200000,1159 S GROVE AVE,41.86657614,-87.79538896
16183280210000,1161 S GROVE AVE,41.86649968,-87.79536845
16183280220000,1163 S GROVE AVE,41.86641025,-87.79538682
16183280230000,1167 S GROVE AVE,41.8662707,-87.79538799
16183280240000,1171 S GROVE AVE,41.86614156,-87.79536087
16183280250000,1175 S GROVE AVE,41.86603364,-87.79536883
16183280260000,1177 S GROVE AVE,41.86593361,-87.79537319
16183280270000,1181 S GROVE AVE,41.86583087,-87.79536348
16183280280000,1183 S GROVE AVE,41.86571764,-87.7953609
16183280290000,1187 S GROVE AVE,41.86562017,-87.79535114
16183280330000,1190 S KENILWORTH AVE,41.86549143,-87.79607988
16183280350000,1196 S KENILWORTH AVE,41.86527135,-87.7960725
16183280360000,1194 S KENILWORTH AVE,41.86537825,-87.79608788
16183280460000,1193 S GROVE AVE,41.86539506,-87.79544899
16183290010000,1150 S GROVE AVE,41.86685203,-87.79486425
16183290020000,1152 S GROVE AVE,41.86677047,-87.79487903
16183290030000,1154 S GROVE AVE,41.86669935,-87.79487258
16183290040000,1156 S GROVE AVE,41.86661505,-87.79486271
16183290050000,1160 S GROVE AVE,41.86652285,-87.79485291
16183290060000,1162 S GROVE AVE,41.86642283,-87.7948608
16183290070000,1166 S GROVE AVE,41.86632799,-87.79485102
16183290110000,1176 S GROVE AVE,41.86593971,-87.79483028
16183290120000,1178 S GROVE AVE,41.86583547,-87.7948199
16183290130000,1182 S GROVE AVE,41.86574607,-87.79484533
16183290140000,1186 S GROVE AVE,41.86568286,-87.79484233
16183290150000,1151 S OAK PARK AVE,41.86682521,-87.79398453
16183290160000,1155 S OAK PARK AVE,41.86671891,-87.7940979
16183290170000,1157 S OAK PARK AVE,41.8666109,-87.79408471
16183290200000,1165 S OAK PARK AVE,41.86636964,-87.7940807
16183290210000,1167 S OAK PARK AVE,41.86628971,-87.79409446
16183290220000,1171 S OAK PARK AVE,41.86619486,-87.79408115
16183290230000,1173 S OAK PARK AVE,41.86610537,-87.79408896
16183290240000,1177 S OAK PARK AVE,41.86600266,-87.79408277
16183290250000,1179 S OAK PARK AVE,41.86591837,-87.79407643
16183290260000,1181 S OAK PARK AVE,41.86582628,-87.7940913
16183290270000,1183 S OAK PARK AVE,41.86572883,-87.79392342
16183290320000,6820 W ROOSEVELT RD,41.86532052,-87.79455164
16183290340000,6810 W ROOSEVELT RD,41.86534081,-87.79438579
16183290350000,6808 W ROOSEVELT RD,41.86534816,-87.7942694
16183290360000,6806 W ROOSEVELT RD,41.86536358,-87.7941882
16183290370000,6804 W ROOSEVELT RD,41.86536316,-87.79410007
16183290380000,6802 W ROOSEVELT RD,41.86538911,-87.79401878
16183290390000,6800 W ROOSEVELT RD,41.86534656,-87.79392748
16183290400000,1168 S GROVE AVE,41.86622531,-87.79485188
16183290410000,1172 S GROVE AVE,41.86611984,-87.79482104
16183290420000,1174 S GROVE AVE,41.86603284,-87.7947971
16183290430000,1161 S OAK PARK AVE,41.86648882,-87.79399723
16184010020000,443 HARRISON ST,41.87237016,-87.78632525
16184020020000,417 HARRISON ST,41.87249672,-87.78507901
16184020030000,415 HARRISON ST,41.87249871,-87.78499032
16184020040000,411 HARRISON ST,41.87244659,-87.78484375
16184020050000,405 HARRISON ST,41.87240627,-87.7847089
16184020080000,401 HARRISON ST,41.8723422,-87.78444851
16184020160000,906 S ELMWOOD AVE,41.87233717,-87.78528199
16184030010000,908 S OAK PARK AVE,41.87169573,-87.79377272
16184030090000,746 LEXINGTON ST,41.87075878,-87.79356835
16184030120000,933 S EUCLID AVE,41.8712385,-87.7930123
16184030130000,937 S EUCLID AVE,41.87114122,-87.79301762
16184030140000,939 S EUCLID AVE,41.8710506,-87.79301389
16184030150000,943 S EUCLID AVE,41.87093651,-87.79301485
16184030160000,947 S EUCLID AVE,41.87082912,-87.79301126
16184030180000,737 GARFIELD ST,41.87185154,-87.79337388
16184030190000,733 GARFIELD ST,41.8718189,-87.79320589
16184030220000,903 S EUCLID AVE,41.87180102,-87.79299035
16184030250000,931 S EUCLID AVE,41.87136939,-87.7930157
16184030270000,909 S EUCLID AVE,41.87169627,-87.79298777
16184030280000,917 S EUCLID AVE,41.87153911,-87.79298344
16184040060000,913 S WESLEY AVE,41.87164558,-87.79200892
16184040070000,928 S EUCLID AVE,41.87141528,-87.79250346
16184040080000,930 S EUCLID AVE,41.87132804,-87.79250419
16184040090000,932 S EUCLID AVE,41.8712643,-87.79250922
16184040100000,936 S EUCLID AVE,41.87119694,-87.79245588
16184040110000,938 S EUCLID AVE,41.87109963,-87.7924567
16184040120000,940 S EUCLID AVE,41.87102577,-87.79244833
16184040130000,942 S EUCLID AVE,41.87092511,-87.79244918
16184040140000,946 S EUCLID AVE,41.87084126,-87.79245887
16184040150000,931 S WESLEY AVE,41.87136164,-87.79180303
16184040160000,933 S WESLEY AVE,41.87127109,-87.79181278
16184040170000,935 S WESLEY AVE,41.87120398,-87.79181334
16184040180000,937 S WESLEY AVE,41.87113345,-87.79180046
16184040190000,941 S WESLEY AVE,41.8710193,-87.79178794
16184040220000,947 S WESLEY AVE,41.87081802,-87.79179863
16184040230000,943 S WESLEY AVE,41.87091809,-87.79180416
16184050020000,932 S WESLEY AVE,41.87127077,-87.79123973
16184050030000,936 S WESLEY AVE,41.87117682,-87.79124053
16184050040000,940 S WESLEY AVE,41.87104916,-87.79121016
16184050060000,946 S WESLEY AVE,41.8708511,-87.79119386
16184050070000,935 CLARENCE AVE,41.87124405,-87.79055632
16184050100000,941 CLARENCE AVE,41.87105275,-87.79054896
16184050110000,945 CLARENCE AVE,41.87094195,-87.79053642
16184050120000,947 CLARENCE AVE,41.87084465,-87.79053724
16184050130000,937 CLARENCE AVE,41.87115006,-87.79054813
16184050140000,639 GARFIELD ST,41.87141069,-87.79095053
16184060010000,615 GARFIELD ST,41.87148498,-87.78964723
16184060020000,936 CLARENCE AVE,41.87120983,-87.79002646
16184060030000,938 CLARENCE AVE,41.87112259,-87.7900272
16184060040000,940 CLARENCE AVE,41.87102526,-87.79002353
16184060050000,942 CLARENCE AVE,41.8709386,-87.79003383
16184060060000,946 CLARENCE AVE,41.87084067,-87.79001554
16184060070000,939 S EAST AVE,41.87116008,-87.78932658
16184060080000,941 S EAST AVE,41.87105608,-87.78933196
16184060090000,943 S EAST AVE,41.87096213,-87.78933276
16184060100000,947 S EAST AVE,41.87085142,-87.78933819
16184070010000,1000 S OAK PARK AVE,41.87048529,-87.79340212
16184070020000,1006 S OAK PARK AVE,41.87032871,-87.79364155
16184070030000,1010 S OAK PARK AVE,41.87024149,-87.79364677
16184070040000,1012 S OAK PARK AVE,41.87016081,-87.793616
16184070050000,1014 S OAK PARK AVE,41.87004677,-87.79362595
16184070060000,1018 S OAK PARK AVE,41.8699461,-87.7936268
16184070070000,1020 S OAK PARK AVE,41.8698523,-87.79365903
16184070080000,1022 S OAK PARK AVE,41.86974148,-87.79364199
16184070090000,1026 S OAK PARK AVE,41.86965089,-87.79364291
16184070100000,1032 S OAK PARK AVE,41.8694304,-87.79340393
16184070110000,1034 S OAK PARK AVE,41.86934873,-87.79360936
16184070120000,1038 S OAK PARK AVE,41.8692364,-87.79359233
16184070130000,1040 S OAK PARK AVE,41.8691458,-87.79359309
16184070140000,1042 S OAK PARK AVE,41.86904659,-87.79358045
16184070150000,1046 S OAK PARK AVE,41.86894253,-87.79357234
16184070160000,1001 S EUCLID AVE,41.87051351,-87.79297956
16184070170000,1005 S EUCLID AVE,41.87041953,-87.79297586
16184070200000,1011 S EUCLID AVE,41.87020462,-87.79294173
16184070210000,1013 S EUCLID AVE,41.87010591,-87.79296648
16184070230000,1017 S EUCLID AVE,41.86996984,-87.79296617
16184070240000,1021 S EUCLID AVE,41.86986584,-87.79297154
16184070250000,1025 S EUCLID AVE,41.8697618,-87.79296792
16184070260000,1029 S EUCLID AVE,41.86966447,-87.79296425
16184070270000,1031 S EUCLID AVE,41.86953357,-87.79295636
16184070280000,1033 S EUCLID AVE,41.86941606,-87.79294387
16184070290000,1037 S EUCLID AVE,41.86928183,-87.79294051
16184070300000,1041 S EUCLID AVE,41.86917791,-87.79296385
16184070310000,1049 S EUCLID AVE,41.86899718,-87.79306421
16184070320000,1007 S EUCLID AVE,41.8703122,-87.79298575
16184080010000,1000 S EUCLID AVE,41.87051184,-87.79221131
16184080020000,1006 S EUCLID AVE,41.87038543,-87.792446
16184080040000,1010 S EUCLID AVE,41.8702445,-87.79244719
16184080050000,1012 S EUCLID AVE,41.87014722,-87.7924525
16184080060000,1014 S EUCLID AVE,41.87005324,-87.7924488
16184080070000,1018 S EUCLID AVE,41.8699492,-87.79244519
16184080080000,1020 S EUCLID AVE,41.86986865,-87.79244137
16184080090000,1022 S EUCLID AVE,41.86979143,-87.79243304
16184080100000,1024 S EUCLID AVE,41.86970032,-87.7924383
16184080120000,1028 S EUCLID AVE,41.86960972,-87.79243906
16184080130000,1030 S EUCLID AVE,41.86949275,-87.79242657
16184080140000,1034 S EUCLID AVE,41.86939549,-87.79243638
16184080150000,1036 S EUCLID AVE,41.86929128,-87.79241798
16184080160000,1040 S EUCLID AVE,41.86917728,-87.79241575
16184080170000,1044 S EUCLID AVE,41.86907657,-87.79240762
16184080180000,1048 S EUCLID AVE,41.86898262,-87.79240841
16184080190000,1001 S WESLEY AVE,41.87054671,-87.79179972
16184080200000,1005 S WESLEY AVE,41.87045749,-87.79179525
16184080210000,1007 S WESLEY AVE,41.87036477,-87.79173632
16184080220000,1009 S WESLEY AVE,41.87028277,-87.79168742
16184080240000,1015 S WESLEY AVE,41.87013028,-87.79172874
16184080280000,1021 S WESLEY AVE,41.86988554,-87.79175384
16184080290000,1023 S WESLEY AVE,41.86977806,-87.79173228
16184080300000,1027 S WESLEY AVE,41.8696438,-87.79172443
16184080340000,1035 S WESLEY AVE,41.86940882,-87.79170395
16184080370000,1045 S WESLEY AVE,41.86908019,-87.79175165
16184080380000,1031 S WESLEY AVE,41.86949947,-87.79171667
16184080390000,1039 S WESLEY AVE,41.86923771,-87.79170989
16184080400000,1017 S WESLEY AVE,41.86998287,-87.79175751
16184090030000,1006 S WESLEY AVE,41.87034655,-87.7912243
16184090040000,1010 S WESLEY AVE,41.8702258,-87.7912343
16184090050000,1014 S WESLEY AVE,41.87012165,-87.79120823
16184090090000,1020 S WESLEY AVE,41.86988666,-87.79118775
16184090100000,1022 S WESLEY AVE,41.86978935,-87.79118857
16184090110000,1026 S WESLEY AVE,41.86965522,-87.79120768
16184090120000,1028 S WESLEY AVE,41.86955774,-87.79117256
16184090130000,1032 S WESLEY AVE,41.86945708,-87.79117341
16184090140000,1036 S WESLEY AVE,41.86934299,-87.79117437
16184090150000,1040 S WESLEY AVE,41.86924233,-87.79117522
16184090160000,1044 S WESLEY AVE,41.86914838,-87.79117602
16184090190000,1001 CLARENCE AVE,41.87056156,-87.79056654
16184090200000,1005 CLARENCE AVE,41.87045754,-87.79056742
16184090210000,1007 CLARENCE AVE,41.87037361,-87.79055914
16184090220000,1013 CLARENCE AVE,41.87028639,-87.79056438
16184090230000,1015 CLARENCE AVE,41.87018887,-87.79052027
16184090240000,1017 CLARENCE AVE,41.87008485,-87.79052115
16184090250000,1019 CLARENCE AVE,41.86996068,-87.79051771
16184090260000,1021 CLARENCE AVE,41.86987679,-87.79051842
16184090270000,1023 CLARENCE AVE,41.86977608,-87.79051029
16184090280000,1027 CLARENCE AVE,41.86966877,-87.79052467
16184090290000,1029 CLARENCE AVE,41.86956815,-87.79053451
16184090300000,1033 CLARENCE AVE,41.86946401,-87.79050843
16184090310000,1037 CLARENCE AVE,41.86935659,-87.79050036
16184090320000,1039 CLARENCE AVE,41.86925924,-87.7904922
16184090330000,1043 CLARENCE AVE,41.86915516,-87.7904796
16184090340000,1045 CLARENCE AVE,41.86904445,-87.79048503
16184090360000,1002 S WESLEY AVE,41.8705311,-87.79122274
16184090380000,1004 S WESLEY AVE,41.87042022,-87.79119223
16184090390000,1016 S WESLEY AVE,41.87002094,-87.79120009
16184090400000,1046 S WESLEY AVE,41.86904079,-87.791132
16184100010000,1000 CLARENCE AVE,41.87057531,-87.79002172
16184100020000,1002 CLARENCE AVE,41.87050149,-87.79002235
16184100030000,1004 CLARENCE AVE,41.87043774,-87.79002289
16184100050000,1010 CLARENCE AVE,41.87023637,-87.79001561
16184100060000,1014 CLARENCE AVE,41.87015907,-87.7899893
16184100070000,1016 CLARENCE AVE,41.87006511,-87.7899901
16184100080000,1020 CLARENCE AVE,41.86995103,-87.78999107
16184100090000,1022 CLARENCE AVE,41.86987125,-87.7899674
16184100110000,1024 CLARENCE AVE,41.86976637,-87.78997017
16184100130000,1028 CLARENCE AVE,41.86961206,-87.78998046
16184100150000,1032 CLARENCE AVE,41.86946782,-87.78999067
16184100160000,1036 CLARENCE AVE,41.86937049,-87.789987
16184100170000,1038 CLARENCE AVE,41.86926974,-87.78996988
16184100180000,1040 CLARENCE AVE,41.86918921,-87.78997056
16184100190000,1044 CLARENCE AVE,41.86909868,-87.78998481
16184100200000,1046 CLARENCE AVE,41.86901804,-87.78996303
16184100210000,1001 S EAST AVE,41.87059055,-87.78928551
16184100220000,1003 S EAST AVE,41.87052259,-87.78931143
16184100230000,1005 S EAST AVE,41.87044962,-87.7892867
16184100240000,1007 S EAST AVE,41.87036909,-87.78928739
16184100250000,1013 S EAST AVE,41.87025163,-87.78928389
16184100260000,1015 S EAST AVE,41.8701677,-87.78927562
16184100270000,1017 S EAST AVE,41.8700771,-87.78927638
16184100280000,1019 S EAST AVE,41.86998659,-87.78929512
16184100290000,1021 S EAST AVE,41.86989266,-87.78930041
16184100300000,1023 S EAST AVE,41.86979535,-87.78930124
16184100310000,1027 S EAST AVE,41.86967453,-87.78929777
16184100320000,1031 S EAST AVE,41.86956032,-87.78927178
16184100330000,1033 S EAST AVE,41.86943617,-87.78927283
16184100340000,1037 S EAST AVE,41.86935553,-87.78925106
16184100350000,1039 S EAST AVE,41.86917109,-87.78938118
16184110010000,900 S EAST AVE,41.87133242,-87.78866802
16184110040000,1020 S EAST AVE,41.86989693,-87.78869329
16184110050000,1024 S EAST AVE,41.86976942,-87.78869437
16184110060000,1028 S EAST AVE,41.86963542,-87.78874043
16184110070000,1030 S EAST AVE,41.86957164,-87.78873648
16184110080000,1032 S EAST AVE,41.86950451,-87.78873256
16184110090000,1034 S EAST AVE,41.86943734,-87.78871965
16184110100000,1036 S EAST AVE,41.86936018,-87.7887248
16184110110000,1038 S EAST AVE,41.8692997,-87.78870734
16184110120000,1040 S EAST AVE,41.86922257,-87.78871698
16184110130000,1042 S EAST AVE,41.86916553,-87.78871747
16184110140000,1044 S EAST AVE,41.86909842,-87.78871803
16184110150000,1046 S EAST AVE,41.86902789,-87.78870515
16184110170000,1015 S SCOVILLE AVE,41.87019557,-87.7880764
16184110180000,1019 S SCOVILLE AVE,41.87004793,-87.78807765
16184110190000,1021 S SCOVILLE AVE,41.86994389,-87.78807404
16184110200000,1025 S SCOVILLE AVE,41.86984316,-87.78806142
16184110210000,1027 S SCOVILLE AVE,41.86974919,-87.78805773
16184110220000,1029 S SCOVILLE AVE,41.8696653,-87.78805844
16184110230000,1031 S SCOVILLE AVE,41.86956459,-87.78805031
16184110240000,1035 S SCOVILLE AVE,41.86946727,-87.78804664
16184110250000,1037 S SCOVILLE AVE,41.86936656,-87.78803852
16184110270000,1041 S SCOVILLE AVE,41.86925581,-87.78803496
16184110280000,1043 S SCOVILLE AVE,41.86916186,-87.78803576
16184110290000,1045 S SCOVILLE AVE,41.86910817,-87.78803622
16184110300000,1047 S SCOVILLE AVE,41.8690276,-87.78802792
16184110310000,515 GARFIELD ST,41.87118866,-87.78759548
16184110320000,1012 S SCOVILLE AVE,41.87020287,-87.78751605
16184110360000,1022 S SCOVILLE AVE,41.86986503,-87.78751501
16184110370000,1024 S SCOVILLE AVE,41.86978785,-87.78751566
16184110380000,1026 S SCOVILLE AVE,41.86972077,-87.78752073
16184110390000,1028 S SCOVILLE AVE,41.8696503,-87.78752133
16184110400000,1030 S SCOVILLE AVE,41.86958321,-87.78752639
16184110410000,1032 S SCOVILLE AVE,41.86951589,-87.78748204
16184110420000,1034 S SCOVILLE AVE,41.86942529,-87.78748281
16184110430000,1038 S SCOVILLE AVE,41.86933805,-87.78748355
16184110440000,1040 S SCOVILLE AVE,41.86925079,-87.7874798
16184110450000,1042 S SCOVILLE AVE,41.86918368,-87.78748037
16184110460000,1046 S SCOVILLE AVE,41.86906615,-87.7874634
16184110490000,1019 S GUNDERSON AVE,41.87000757,-87.78685148
16184110500000,1023 S GUNDERSON AVE,41.8699136,-87.78684779
16184110510000,1025 S GUNDERSON AVE,41.86981965,-87.78684859
16184110520000,1027 S GUNDERSON AVE,41.8697223,-87.78684043
16184110530000,1031 S GUNDERSON AVE,41.86961159,-87.78684587
16184110540000,1033 S GUNDERSON AVE,41.86951757,-87.78683319
16184110550000,1037 S GUNDERSON AVE,41.86938658,-87.78680735
16184110560000,1041 S GUNDERSON AVE,41.86923567,-87.7868266
16184110570000,1047 S GUNDERSON AVE,41.86909465,-87.78680983
16184110580000,1016 S SCOVILLE AVE,41.87006919,-87.78751646
16184110590000,1020 S SCOVILLE AVE,41.86995734,-87.78751509
16184120010000,934 S GUNDERSON AVE,41.87127211,-87.78632696
16184120020000,938 S GUNDERSON AVE,41.87115977,-87.78631413
16184120030000,940 S GUNDERSON AVE,41.8710524,-87.78631504
16184120040000,942 S GUNDERSON AVE,41.87096847,-87.78630677
16184120050000,946 S GUNDERSON AVE,41.8708712,-87.78631659
16184120060000,948 S GUNDERSON AVE,41.87078389,-87.78630385
16184120070000,1000 S GUNDERSON AVE,41.87065641,-87.78630943
16184120080000,1002 S GUNDERSON AVE,41.87057588,-87.78631012
16184120090000,1006 S GUNDERSON AVE,41.87046517,-87.78631556
16184120100000,1008 S GUNDERSON AVE,41.8703778,-87.78628934
16184120110000,1010 S GUNDERSON AVE,41.87030067,-87.78629899
16184120120000,1014 S GUNDERSON AVE,41.87015697,-87.7863092
16184120130000,1016 S GUNDERSON AVE,41.87009313,-87.78629177
16184120150000,1020 S GUNDERSON AVE,41.86994907,-87.78624953
16184120160000,1022 S GUNDERSON AVE,41.86988121,-87.78629229
16184120170000,1024 S GUNDERSON AVE,41.8698434,-87.78628613
16184120180000,1026 S GUNDERSON AVE,41.86975439,-87.78623771
16184120190000,1028 S GUNDERSON AVE,41.86967051,-87.78623843
16184120200000,1032 S GUNDERSON AVE,41.86957657,-87.78624372
16184120210000,1034 S GUNDERSON AVE,41.86948933,-87.78624446
16184120220000,1036 S GUNDERSON AVE,41.86941858,-87.78627694
16184120230000,1038 S GUNDERSON AVE,41.86932801,-87.7862822
16184120240000,1040 S GUNDERSON AVE,41.86926421,-87.78627376
16184120250000,1042 S GUNDERSON AVE,41.86920381,-87.78627428
16184120260000,1044 S GUNDERSON AVE,41.86912664,-87.78627494
16184120270000,1046 S GUNDERSON AVE,41.86906284,-87.78626649
16184120280000,431 GARFIELD ST,41.87125832,-87.78561461
16184120290000,941 S ELMWOOD AVE,41.87107145,-87.78558908
16184120300000,945 S ELMWOOD AVE,41.87096403,-87.78558101
16184120310000,949 S ELMWOOD AVE,41.87083418,-87.7855885
16184120320000,951 S ELMWOOD AVE,41.87071914,-87.78559397
16184120330000,1001 S ELMWOOD AVE,41.87065874,-87.78559449
16184120340000,1003 S ELMWOOD AVE,41.87059163,-87.78559506
16184120350000,1005 S ELMWOOD AVE,41.87052108,-87.78557769
16184120360000,1007 S ELMWOOD AVE,41.87046073,-87.78558719
16184120370000,1009 S ELMWOOD AVE,41.87039165,-87.78567571
16184120380000,1011 S ELMWOOD AVE,41.87032788,-87.78567177
16184120390000,1013 S ELMWOOD AVE,41.87025742,-87.78567237
16184120400000,1015 S ELMWOOD AVE,41.87017344,-87.78565511
16184120410000,1017 S ELMWOOD AVE,41.87010633,-87.78565569
16184120440000,1025 S ELMWOOD AVE,41.8698343,-87.78560644
16184120450000,1027 S ELMWOOD AVE,41.86976719,-87.78560701
16184120460000,1029 S ELMWOOD AVE,41.86969014,-87.78563463
16184120470000,1031 S ELMWOOD AVE,41.86956996,-87.78565259
16184120480000,1035 S ELMWOOD AVE,41.86947601,-87.78565339
16184120490000,1039 S ELMWOOD AVE,41.86936518,-87.78563187
16184120500000,1041 S ELMWOOD AVE,41.86928464,-87.78563256
16184120510000,1043 S ELMWOOD AVE,41.86921258,-87.78561536
16184120520000,1045 S ELMWOOD AVE,41.86914888,-87.78559897
16184120530000,1047 S ELMWOOD AVE,41.86907517,-87.78562828
16184120540000,1021 S ELMWOOD AVE,41.8699922,-87.78564652
16184120550000,1023 S ELMWOOD AVE,41.86990476,-87.78560584
16184130040000,946 S ELMWOOD AVE,41.87093408,-87.78513414
16184130050000,948 S ELMWOOD AVE,41.8708636,-87.78513025
16184130060000,950 S ELMWOOD AVE,41.87076371,-87.78515234
16184130070000,1000 S ELMWOOD AVE,41.87068258,-87.78516774
16184130080000,1002 S ELMWOOD AVE,41.87060192,-87.78514147
16184130090000,1004 S ELMWOOD AVE,41.87053481,-87.78514204
16184130100000,1006 S ELMWOOD AVE,41.87045761,-87.78513821
16184130110000,1010 S ELMWOOD AVE,41.87036701,-87.78513899
16184130120000,1012 S ELMWOOD AVE,41.87027306,-87.78513979
16184130130000,1014 S ELMWOOD AVE,41.87019922,-87.78513593
16184130140000,1016 S ELMWOOD AVE,41.87011521,-87.78510969
16184130150000,1020 S ELMWOOD AVE,41.87000785,-87.7851151
16184130160000,1022 S ELMWOOD AVE,41.86991059,-87.78512491
16184130170000,1024 S ELMWOOD AVE,41.86985355,-87.7851254
16184130180000,1026 S ELMWOOD AVE,41.86977635,-87.78512157
16184130190000,1028 S ELMWOOD AVE,41.86970922,-87.78511765
16184130200000,1030 S ELMWOOD AVE,41.86964876,-87.78510469
16184130210000,1032 S ELMWOOD AVE,41.86957489,-87.78509633
16184130220000,1034 S ELMWOOD AVE,41.86951114,-87.78509688
16184130230000,1036 S ELMWOOD AVE,41.86943732,-87.78509751
16184130270000,1046 S ELMWOOD AVE,41.86911479,-87.78501491
16184130280000,947 S RIDGELAND AVE,41.87097446,-87.78443307
16184130290000,949 S RIDGELAND AVE,41.87087187,-87.78444333
16184130320000,1005 S RIDGELAND AVE,41.87053959,-87.78444877
16184130330000,1007 S RIDGELAND AVE,41.87046346,-87.78444942
16184130340000,1009 S RIDGELAND AVE,41.87040425,-87.78444993
16184130350000,1013 S RIDGELAND AVE,41.87027468,-87.78443972
16184130360000,1015 S RIDGELAND AVE,41.87019989,-87.78444673
16184130370000,1017 S RIDGELAND AVE,41.87012653,-87.78443603
16184130380000,1019 S RIDGELAND AVE,41.87006156,-87.78441393
16184130390000,1021 S RIDGELAND AVE,41.86998389,-87.78440822
16184130400000,1023 S RIDGELAND AVE,41.86992117,-87.78440616
16184130420000,1027 S RIDGELAND AVE,41.8697752,-87.78440246
16184130430000,1029 S RIDGELAND AVE,41.86967924,-87.7843844
16184130440000,1033 S RIDGELAND AVE,41.86958619,-87.7843852
16184130450000,1035 S RIDGELAND AVE,41.86951232,-87.78441108
16184130470000,1039 S RIDGELAND AVE,41.86937529,-87.78437568
16184130480000,1041 S RIDGELAND AVE,41.86930756,-87.78436493
16184130490000,1043 S RIDGELAND AVE,41.86923432,-87.78438066
16184130500000,1045 S RIDGELAND AVE,41.86916661,-87.78437369
16184130510000,1047 S RIDGELAND AVE,41.86909549,-87.78437429
16184130530000,1001 S RIDGELAND AVE,41.87072004,-87.78444346
16184130540000,1003 S RIDGELAND AVE,41.87063546,-87.78444795
16184130580000,942 S ELMWOOD AVE,41.87102806,-87.78513783
16184130590000,1038 S ELMWOOD AVE,41.86936348,-87.78509365
16184130600000,1042 S ELMWOOD AVE,41.86922892,-87.78502291
16184130610000,940 S ELMWOOD AVE,41.87114777,-87.78520662
16184130620000,415 GARFIELD ST,41.87114308,-87.78499022
16184130630000,411 GARFIELD ST,41.87119754,-87.78493557
16184140010000,1100 S OAK PARK AVE,41.86867671,-87.79356317
16184140020000,1104 S OAK PARK AVE,41.86857411,-87.79358165
16184140030000,1106 S OAK PARK AVE,41.86847138,-87.79357194
16184140040000,1110 S OAK PARK AVE,41.86836598,-87.7935552
16184140050000,1112 S OAK PARK AVE,41.86826594,-87.79355957
16184140060000,1116 S OAK PARK AVE,41.86815798,-87.79355695
16184140070000,1118 S OAK PARK AVE,41.86805787,-87.79354722
16184140080000,1122 S OAK PARK AVE,41.86794464,-87.79354465
16184140090000,1124 S OAK PARK AVE,41.86785246,-87.79353837
16184140110000,1130 S OAK PARK AVE,41.86763652,-87.79353314
16184140120000,1134 S OAK PARK AVE,41.86754169,-87.79352336
16184140130000,1136 S OAK PARK AVE,41.8674627,-87.79352403
16184140140000,1140 S OAK PARK AVE,41.86732577,-87.79352165
16184140150000,1142 S OAK PARK AVE,41.86722567,-87.79351192
16184140160000,1146 S OAK PARK AVE,41.86712294,-87.79350221
16184140170000,1101 S EUCLID AVE,41.86867473,-87.7929366
16184140180000,1105 S EUCLID AVE,41.86859853,-87.79292214
16184140190000,1107 S EUCLID AVE,41.86848572,-87.79291931
16184140200000,1111 S EUCLID AVE,41.86838423,-87.79292394
16184140210000,1115 S EUCLID AVE,41.86827983,-87.79290972
16184140220000,1117 S EUCLID AVE,41.86818398,-87.7929143
16184140230000,1119 S EUCLID AVE,41.86806841,-87.79292283
16184140240000,1123 S EUCLID AVE,41.86796965,-87.79290856
16184140250000,1125 S EUCLID AVE,41.86787374,-87.79290182
16184140260000,1129 S EUCLID AVE,41.86776936,-87.79289137
16184140270000,1131 S EUCLID AVE,41.86766506,-87.7928998
16184140280000,1135 S EUCLID AVE,41.8675607,-87.79289313
16184140290000,1139 S EUCLID AVE,41.86746763,-87.79289013
16184140300000,1141 S EUCLID AVE,41.86735477,-87.79287598
16184140310000,1145 S EUCLID AVE,41.8672533,-87.79288439
16184140320000,1147 S EUCLID AVE,41.86714897,-87.79288527
16184140330000,1128 S OAK PARK AVE,41.86774443,-87.79352166
16184150010000,1101 S WESLEY AVE,41.86870036,-87.79171041
16184150020000,1105 S WESLEY AVE,41.86856771,-87.7916851
16184150030000,1109 S WESLEY AVE,41.86846342,-87.79169353
16184150040000,1111 S WESLEY AVE,41.86837038,-87.79169809
16184150050000,1115 S WESLEY AVE,41.86824914,-87.79169912
16184150060000,1117 S WESLEY AVE,41.86812502,-87.79168884
16184150070000,1123 S WESLEY AVE,41.86802631,-87.79168589
16184150080000,1125 S WESLEY AVE,41.86794165,-87.79167151
16184150090000,1127 S WESLEY AVE,41.8678345,-87.79167241
16184150100000,1129 S WESLEY AVE,41.86774141,-87.79166565
16184150110000,1131 S WESLEY AVE,41.86766528,-87.79166629
16184150120000,1135 S WESLEY AVE,41.86757221,-87.7916633
16184150130000,1137 S WESLEY AVE,41.86748196,-87.79166029
16184150140000,1139 S WESLEY AVE,41.86740583,-87.79166093
16184150150000,1141 S WESLEY AVE,41.86731842,-87.79166167
16184150160000,1145 S WESLEY AVE,41.86723099,-87.79165863
16184150170000,1147 S WESLEY AVE,41.86715482,-87.79165172
16184150180000,1100 S EUCLID AVE,41.86869785,-87.79237488
16184150190000,1104 S EUCLID AVE,41.86856815,-87.79237598
16184150200000,1106 S EUCLID AVE,41.86847801,-87.79239561
16184150210000,1110 S EUCLID AVE,41.86838208,-87.7923851
16184150220000,1112 S EUCLID AVE,41.86828623,-87.79238968
16184150230000,1116 S EUCLID AVE,41.86818461,-87.79236788
16184150240000,1120 S EUCLID AVE,41.86808028,-87.79236876
16184150250000,1122 S EUCLID AVE,41.8679844,-87.7923658
16184150260000,1124 S EUCLID AVE,41.86787446,-87.79237428
16184150270000,1128 S EUCLID AVE,41.86776726,-87.79236385
16184150300000,1134 S EUCLID AVE,41.86756988,-87.79236552
16184150310000,1136 S EUCLID AVE,41.86745982,-87.79234757
16184150320000,1140 S EUCLID AVE,41.86736677,-87.79234835
16184150330000,1142 S EUCLID AVE,41.86727651,-87.79234156
16184150340000,1146 S EUCLID AVE,41.86714673,-87.79232756
16184150350000,1130 S EUCLID AVE,41.86767703,-87.79236462
16184160010000,1100 S WESLEY AVE,41.8687245,-87.79116916
16184160020000,1104 S WESLEY AVE,41.86860614,-87.79118526
16184160030000,1108 S WESLEY AVE,41.86849098,-87.79114705
16184160040000,1110 S WESLEY AVE,41.86837755,-87.79114566
16184160050000,1114 S WESLEY AVE,41.86827044,-87.79115411
16184160060000,1116 S WESLEY AVE,41.86816613,-87.79115877
16184160070000,1120 S WESLEY AVE,41.86805616,-87.7911597
16184160080000,1122 S WESLEY AVE,41.86796591,-87.79115669
16184160090000,1126 S WESLEY AVE,41.86786711,-87.79113487
16184160100000,1128 S WESLEY AVE,41.86776003,-87.79115088
16184160110000,1132 S WESLEY AVE,41.86763859,-87.79111037
16184160120000,1134 S WESLEY AVE,41.86755116,-87.79110734
16184160130000,1136 S WESLEY AVE,41.86744412,-87.7911309
16184160140000,1140 S WESLEY AVE,41.86735102,-87.79112036
16184160150000,1142 S WESLEY AVE,41.86725802,-87.79113247
16184160160000,1146 S WESLEY AVE,41.86714227,-87.79110324
16184160170000,1101 CLARENCE AVE,41.86870453,-87.79052374
16184160200000,1111 CLARENCE AVE,41.86839413,-87.79047729
16184160220000,1115 CLARENCE AVE,41.86828422,-87.79048955
16184160250000,1119 CLARENCE AVE,41.86808111,-87.79047239
16184160260000,1123 CLARENCE AVE,41.86797396,-87.7904733
16184160290000,1129 CLARENCE AVE,41.86777938,-87.79047117
16184160300000,1133 CLARENCE AVE,41.8676722,-87.79046452
16184160310000,1135 CLARENCE AVE,41.86755104,-87.79048442
16184160320000,1137 CLARENCE AVE,41.86746638,-87.79047004
16184160330000,1141 CLARENCE AVE,41.86737047,-87.7904633
16184160340000,1143 CLARENCE AVE,41.86726893,-87.79045661
16184160350000,1147 CLARENCE AVE,41.86716456,-87.79044994
16184160360000,1105 CLARENCE AVE,41.86858874,-87.79048697
16184160370000,1107 CLARENCE AVE,41.86849564,-87.79047643
16184160380000,1125 CLARENCE AVE,41.86786958,-87.79046285
16184160390000,1117 CLARENCE AVE,41.8681798,-87.79047155
16184170030000,1106 CLARENCE AVE,41.86853819,-87.78993336
16184170040000,1110 CLARENCE AVE,41.86843104,-87.78993427
16184170050000,1112 CLARENCE AVE,41.86832939,-87.78990492
16184170060000,1116 CLARENCE AVE,41.868211,-87.78991348
16184170070000,1118 CLARENCE AVE,41.8681208,-87.78992179
16184170080000,1122 CLARENCE AVE,41.8680277,-87.78991125
16184170090000,1124 CLARENCE AVE,41.86793743,-87.78990447
16184170100000,1126 CLARENCE AVE,41.8678613,-87.78990512
16184170110000,1128 CLARENCE AVE,41.8677766,-87.78988318
16184170120000,1130 CLARENCE AVE,41.86770615,-87.78989132
16184170130000,1132 CLARENCE AVE,41.86762719,-87.78989199
16184170140000,1136 CLARENCE AVE,41.86752848,-87.78988906
16184170150000,1138 CLARENCE AVE,41.86743258,-87.78988232
16184170160000,1140 CLARENCE AVE,41.86734797,-87.78987926
16184170170000,1144 CLARENCE AVE,41.8672662,-87.78987995
16184170180000,1146 CLARENCE AVE,41.86716472,-87.78988836
16184170190000,607 HARVARD ST,41.86860434,-87.78935346
16184170200000,1111 S EAST AVE,41.8683233,-87.78921409
16184170210000,1113 S EAST AVE,41.8683233,-87.78921409
16184170220000,1117 S EAST AVE,41.86820487,-87.7892151
16184170230000,1121 S EAST AVE,41.86812876,-87.78921952
16184170240000,1123 S EAST AVE,41.86803289,-87.78922034
16184170250000,1125 S EAST AVE,41.86792005,-87.78920996
16184170260000,1129 S EAST AVE,41.86782134,-87.78920703
16184170270000,1131 S EAST AVE,41.86771695,-87.78919659
16184170290000,1135 S EAST AVE,41.86758739,-87.78922789
16184170300000,1137 S EAST AVE,41.86751117,-87.78920966
16184170310000,1139 S EAST AVE,41.86745463,-87.78917993
16184170320000,1141 S EAST AVE,41.8673871,-87.7891492
16184170340000,1145 S EAST AVE,41.86723191,-87.78918937
16184170350000,1104 CLARENCE AVE,41.86862278,-87.78993264
16184170360000,613 HARVARD ST,41.86872884,-87.78970145
16184180010000,1100 S EAST AVE,41.86875525,-87.78872944
16184180020000,1104 S EAST AVE,41.86865929,-87.78871139
16184180030000,1106 S EAST AVE,41.86856055,-87.7887009
16184180040000,1110 S EAST AVE,41.86846175,-87.78867908
16184180050000,1112 S EAST AVE,41.86835186,-87.78869512
16184180060000,1118 S EAST AVE,41.8681997,-87.78871906
16184180070000,1120 S EAST AVE,41.86810663,-87.78871608
16184180080000,1122 S EAST AVE,41.86801076,-87.78871689
16184180090000,1126 S EAST AVE,41.86790079,-87.78871782
16184180100000,1128 S EAST AVE,41.86779919,-87.78869981
16184180110000,1132 S EAST AVE,41.86769487,-87.78870069
16184180120000,1134 S EAST AVE,41.86758484,-87.7886903
16184180130000,1136 S EAST AVE,41.86747762,-87.78867611
16184180160000,1146 S EAST AVE,41.86726052,-87.78868173
16184180180000,1101 S SCOVILLE AVE,41.8687801,-87.78802325
16184180190000,1103 S SCOVILLE AVE,41.86871523,-87.78802002
16184180200000,1105 S SCOVILLE AVE,41.86864192,-87.78802065
16184180230000,1111 S SCOVILLE AVE,41.86839639,-87.78797743
16184180240000,1115 S SCOVILLE AVE,41.86831465,-87.78798568
16184180250000,1117 S SCOVILLE AVE,41.86822717,-87.78797132
16184180260000,1119 S SCOVILLE AVE,41.86816232,-87.78797187
16184180270000,1121 S SCOVILLE AVE,41.86808899,-87.78796872
16184180280000,1123 S SCOVILLE AVE,41.86802133,-87.78797307
16184180290000,1129 S SCOVILLE AVE,41.86787483,-87.78800074
16184180310000,1131 S SCOVILLE AVE,41.86774777,-87.78796407
16184180320000,1133 S SCOVILLE AVE,41.86768571,-87.78796082
16184180330000,1135 S SCOVILLE AVE,41.86760969,-87.78798412
16184180340000,1137 S SCOVILLE AVE,41.86752788,-87.78797726
16184180350000,1141 S SCOVILLE AVE,41.86743474,-87.78795918
16184180360000,1143 S SCOVILLE AVE,41.86734167,-87.7879562
16184180370000,1145 S SCOVILLE AVE,41.86726554,-87.78795684
16184180380000,1147 S SCOVILLE AVE,41.86720347,-87.78794982
16184180390000,1140 S EAST AVE,41.86737329,-87.788677
16184180400000,1107 S SCOVILLE AVE,41.86857142,-87.78802125
16184190010000,1100 S SCOVILLE AVE,41.86875722,-87.7874543
16184190020000,1104 S SCOVILLE AVE,41.86864174,-87.78748171
16184190030000,1106 S SCOVILLE AVE,41.86857683,-87.78747094
16184190040000,1108 S SCOVILLE AVE,41.86850916,-87.78747151
16184190050000,1110 S SCOVILLE AVE,41.8684387,-87.78747966
16184190060000,1114 S SCOVILLE AVE,41.86830327,-87.78746194
16184190070000,1116 S SCOVILLE AVE,41.86820461,-87.78747033
16184190080000,1120 S SCOVILLE AVE,41.86811152,-87.78746357
16184190090000,1122 S SCOVILLE AVE,41.86803257,-87.78746424
16184190100000,1124 S SCOVILLE AVE,41.86794798,-87.78746496
16184190110000,1128 S SCOVILLE AVE,41.86785206,-87.78745445
16184190120000,1130 S SCOVILLE AVE,41.86775615,-87.78744772
16184190130000,1134 S SCOVILLE AVE,41.86764133,-87.7874409
16184190140000,1136 S SCOVILLE AVE,41.86755032,-87.78746079
16184190150000,1140 S SCOVILLE AVE,41.86746245,-87.78745777
16184190160000,1142 S SCOVILLE AVE,41.86738216,-87.78745349
16184190170000,1144 S SCOVILLE AVE,41.86730109,-87.78745737
16184190180000,1146 S SCOVILLE AVE,41.86722765,-87.78743157
16184190190000,1101 S GUNDERSON AVE,41.86880488,-87.7867598
16184190200000,1103 S GUNDERSON AVE,41.86873719,-87.7867566
16184190210000,1105 S GUNDERSON AVE,41.86866105,-87.78675725
16184190220000,1107 S GUNDERSON AVE,41.86859338,-87.78675783
16184190240000,1111 S GUNDERSON AVE,41.86844683,-87.78677418
16184190250000,1115 S GUNDERSON AVE,41.86833686,-87.78677512
16184190260000,1117 S GUNDERSON AVE,41.86824936,-87.78675698
16184190270000,1121 S GUNDERSON AVE,41.86815607,-87.78675979
16184190280000,1123 S GUNDERSON AVE,41.86807686,-87.7867561
16184190290000,1125 S GUNDERSON AVE,41.86797859,-87.78674419
16184190300000,1127 S GUNDERSON AVE,41.86792668,-87.78678606
16184190310000,1131 S GUNDERSON AVE,41.8678334,-87.78673989
16184190320000,1133 S GUNDERSON AVE,41.86773234,-87.78674276
16184190330000,1137 S GUNDERSON AVE,41.86762405,-87.78672917
16184190360000,510 FILLMORE ST,41.86728442,-87.7869673
16184190370000,1147 S GUNDERSON AVE,41.86731027,-87.78669845
16184190400000,1139 S GUNDERSON AVE,41.86751595,-87.78670283
16184200010000,1100 S GUNDERSON AVE,41.86883246,-87.78627246
16184200020000,1102 S GUNDERSON AVE,41.86876478,-87.78627303
16184200030000,1106 S GUNDERSON AVE,41.86868294,-87.78625863
16184200040000,1108 S GUNDERSON AVE,41.86859837,-87.78626312
16184200050000,1110 S GUNDERSON AVE,41.8684968,-87.78625266
16184200060000,1112 S GUNDERSON AVE,41.86839535,-87.78626485
16184200080000,1116 S GUNDERSON AVE,41.86827987,-87.78629227
16184200090000,1118 S GUNDERSON AVE,41.86822033,-87.78622482
16184200100000,1120 S GUNDERSON AVE,41.86813639,-87.78623083
16184200120000,1124 S GUNDERSON AVE,41.86800057,-87.78626445
16184200130000,1128 S GUNDERSON AVE,41.86789599,-87.78621248
16184200140000,1132 S GUNDERSON AVE,41.86780026,-87.7862435
16184200150000,1134 S GUNDERSON AVE,41.8677097,-87.78622574
16184200160000,1136 S GUNDERSON AVE,41.86761118,-87.78621113
16184200170000,1138 S GUNDERSON AVE,41.86753234,-87.78623446
16184200180000,1140 S GUNDERSON AVE,41.86746184,-87.78623506
16184200190000,1144 S GUNDERSON AVE,41.86737436,-87.7862207
16184200200000,1146 S GUNDERSON AVE,41.86727567,-87.78622155
16184200210000,1101 S ELMWOOD AVE,41.8688489,-87.78558143
16184200220000,1103 S ELMWOOD AVE,41.86877279,-87.78558585
16184200230000,1105 S ELMWOOD AVE,41.86869383,-87.78558653
16184200240000,1107 S ELMWOOD AVE,41.86860633,-87.7855684
16184200250000,1109 S ELMWOOD AVE,41.8685302,-87.78556905
16184200260000,1111 S ELMWOOD AVE,41.86846247,-87.7855583
16184200270000,1115 S ELMWOOD AVE,41.86837797,-87.7855779
16184200280000,1117 S ELMWOOD AVE,41.86828489,-87.78557114
16184200290000,1119 S ELMWOOD AVE,41.8681805,-87.7855607
16184200300000,1121 S ELMWOOD AVE,41.86807334,-87.78555784
16184200310000,1127 S ELMWOOD AVE,41.86797185,-87.78556249
16184200320000,1129 S ELMWOOD AVE,41.86787896,-87.78555691
16184200330000,1131 S ELMWOOD AVE,41.86776317,-87.78556049
16184200340000,1135 S ELMWOOD AVE,41.86767918,-87.78555484
16184200350000,1139 S ELMWOOD AVE,41.86756015,-87.78556223
16184200360000,1141 S ELMWOOD AVE,41.86745289,-87.78554049
16184200370000,1145 S ELMWOOD AVE,41.86736543,-87.78552991
16184200380000,1147 S ELMWOOD AVE,41.8672752,-87.78553068
16184210010000,1100 S ELMWOOD AVE,41.86885004,-87.78504532
16184210020000,1102 S ELMWOOD AVE,41.86878237,-87.7850459
16184210030000,1104 S ELMWOOD AVE,41.86870054,-87.78503527
16184210040000,1106 S ELMWOOD AVE,41.86862717,-87.78502457
16184210050000,1108 S ELMWOOD AVE,41.8685482,-87.78502147
16184210060000,1112 S ELMWOOD AVE,41.86845797,-87.78502224
16184210070000,1114 S ELMWOOD AVE,41.86836776,-87.78502679
16184210080000,1116 S ELMWOOD AVE,41.86828024,-87.78500489
16184210090000,1118 S ELMWOOD AVE,41.86820147,-87.78504331
16184210100000,1122 S ELMWOOD AVE,41.86811673,-87.78501384
16184210110000,1124 S ELMWOOD AVE,41.86802932,-87.78501458
16184210120000,1126 S ELMWOOD AVE,41.86793822,-87.78505562
16184210130000,1128 S ELMWOOD AVE,41.86786023,-87.7850349
16184210140000,1132 S ELMWOOD AVE,41.86777557,-87.78502053
16184210150000,1134 S ELMWOOD AVE,41.86768534,-87.7850213
16184210160000,1136 S ELMWOOD AVE,41.86761195,-87.78500682
16184210180000,1142 S ELMWOOD AVE,41.8674679,-87.78495647
16184210190000,1144 S ELMWOOD AVE,41.86738076,-87.78501257
16184210200000,1146 S ELMWOOD AVE,41.8672876,-87.78499072
16184210210000,1101 S RIDGELAND AVE,41.86885518,-87.78435062
16184210220000,1103 S RIDGELAND AVE,41.86878747,-87.78434365
16184210230000,1105 S RIDGELAND AVE,41.8687254,-87.78433662
16184210240000,1107 S RIDGELAND AVE,41.86864929,-87.78434105
16184210250000,1109 S RIDGELAND AVE,41.8685449,-87.78433062
16184210260000,1113 S RIDGELAND AVE,41.86846035,-87.78433889
16184210270000,1115 S RIDGELAND AVE,41.86837849,-87.78432072
16184210280000,1117 S RIDGELAND AVE,41.86831087,-87.78433262
16184210290000,1121 S RIDGELAND AVE,41.86819804,-87.78432604
16184210300000,1123 S RIDGELAND AVE,41.86810215,-87.78432308
16184210310000,1125 S RIDGELAND AVE,41.86803164,-87.78431991
16184210340000,1131 S RIDGELAND AVE,41.86782861,-87.78431787
16184210350000,1133 S RIDGELAND AVE,41.86775755,-87.78433241
16184210360000,1135 S RIDGELAND AVE,41.86768762,-87.78431908
16184210370000,1137 S RIDGELAND AVE,41.86761427,-87.78431215
16184210390000,1139 S RIDGELAND AVE,41.86747606,-87.78430201
16184210400000,1143 S RIDGELAND AVE,41.86739145,-87.78429896
16184210410000,1147 S RIDGELAND AVE,41.86729285,-87.78431868
16184210420000,1127 S RIDGELAND AVE,41.86796679,-87.78432046
16184220010000,1150 S OAK PARK AVE,41.86686597,-87.79352407
16184220030000,1154 S OAK PARK AVE,41.86672906,-87.79352522
16184220050000,1160 S OAK PARK AVE,41.86656059,-87.79332902
16184220060000,1164 S OAK PARK AVE,41.86641986,-87.79351822
16184220070000,1170 S OAK PARK AVE,41.86625783,-87.79332686
16184220080000,1172 S OAK PARK AVE,41.86609506,-87.79330605
16184220090000,1176 S OAK PARK AVE,41.86595787,-87.79348876
16184220100000,1180 S OAK PARK AVE,41.8658737,-87.79350709
16184220110000,1182 S OAK PARK AVE,41.86578943,-87.79350428
16184220120000,1184 S OAK PARK AVE,41.86570252,-87.79350148
16184220130000,1151 S EUCLID AVE,41.86686466,-87.79288152
16184220140000,1155 S EUCLID AVE,41.8667382,-87.79286496
16184220150000,1157 S EUCLID AVE,41.86665391,-87.79285862
16184220160000,1161 S EUCLID AVE,41.86655901,-87.79283475
16184220170000,1163 S EUCLID AVE,41.86646154,-87.79282499
16184220180000,1167 S EUCLID AVE,41.86635361,-87.79282942
16184220190000,1169 S EUCLID AVE,41.86625354,-87.79282674
16184220200000,1173 S EUCLID AVE,41.86615342,-87.79281349
16184220210000,1175 S EUCLID AVE,41.86606127,-87.79281426
16184220220000,1177 S EUCLID AVE,41.86597438,-87.79281499
16184220230000,1179 S EUCLID AVE,41.86590065,-87.79281209
16184220240000,1181 S EUCLID AVE,41.86581376,-87.79281282
16184220250000,1185 S EUCLID AVE,41.86574017,-87.79284164
16184220310000,6748 W ROOSEVELT RD,41.86538148,-87.79300749
16184230030000,6720 W ROOSEVELT RD,41.86536995,-87.7922356
16184240010000,1150 S WESLEY AVE,41.86688438,-87.79108035
16184240060000,1156 S WESLEY AVE,41.8665394,-87.79106916
16184240070000,1160 S WESLEY AVE,41.8664301,-87.79110181
16184240080000,1166 S WESLEY AVE,41.86633675,-87.7910885
16184240090000,1168 S WESLEY AVE,41.86628146,-87.79108897
16184240120000,1174 S WESLEY AVE,41.86606294,-87.79109434
16184240130000,1176 S WESLEY AVE,41.8659918,-87.79108436
16184240140000,1178 S WESLEY AVE,41.86591528,-87.79104976
16184240150000,1182 S WESLEY AVE,41.86577575,-87.79105446
16184240160000,1151 CLARENCE AVE,41.86690776,-87.79039063
16184240170000,1153 CLARENCE AVE,41.86682621,-87.79040542
16184240180000,1155 CLARENCE AVE,41.86676598,-87.79056274
16184240190000,1159 CLARENCE AVE,41.86667347,-87.79039966
16184240200000,1161 CLARENCE AVE,41.86657861,-87.79038637
16184240210000,1163 CLARENCE AVE,41.86648829,-87.79042715
16184240220000,1165 CLARENCE AVE,41.8664173,-87.7904489
16184240230000,1167 CLARENCE AVE,41.86634059,-87.79037552
16184240240000,1169 CLARENCE AVE,41.86626604,-87.79041016
16184240260000,1173 CLARENCE AVE,41.86613944,-87.79036541
16184240270000,1177 CLARENCE AVE,41.86603151,-87.79036985
16184240280000,1179 CLARENCE AVE,41.86593921,-87.7903389
16184240290000,1181 CLARENCE AVE,41.86586022,-87.79033957
16184240300000,1183 CLARENCE AVE,41.86579966,-87.79034008
16184240310000,1185 CLARENCE AVE,41.86573131,-87.79036181
16184240330000,6644 W ROOSEVELT RD,41.86542773,-87.79103626
16184240350000,6638 W ROOSEVELT RD,41.86543983,-87.79081055
16184240360000,6636 W ROOSEVELT RD,41.86543938,-87.79071538
16184240370000,6634 W ROOSEVELT RD,41.86536554,-87.79061507
16184240380000,6630 W ROOSEVELT RD,41.86543022,-87.79044755
16184240410000,1152 S WESLEY AVE,41.86675019,-87.79109911
16184240420000,1154 S WESLEY AVE,41.866637,-87.79110711
16184240430000,1170 S WESLEY AVE,41.86618404,-87.79108979
16184250020000,1152 CLARENCE AVE,41.86685987,-87.78984777
16184250030000,1154 CLARENCE AVE,41.8667678,-87.78986618
16184250040000,1156 CLARENCE AVE,41.8666887,-87.78984217
16184250050000,1160 CLARENCE AVE,41.86658602,-87.78984304
16184250060000,1162 CLARENCE AVE,41.86649915,-87.7898473
16184250070000,1164 CLARENCE AVE,41.86643069,-87.78984788
16184250080000,1166 CLARENCE AVE,41.86635967,-87.78986258
16184250090000,1168 CLARENCE AVE,41.86629381,-87.78985609
16184250100000,1170 CLARENCE AVE,41.86622009,-87.78985672
16184250110000,1172 CLARENCE AVE,41.86615692,-87.78986078
16184250120000,1174 CLARENCE AVE,41.86607776,-87.7898262
16184250130000,1178 CLARENCE AVE,41.86597771,-87.78982704
16184250140000,1180 CLARENCE AVE,41.86588813,-87.7898137
16184250150000,1184 CLARENCE AVE,41.86575396,-87.78983951
16184250160000,1151 S EAST AVE,41.86693809,-87.78918236
16184250170000,1153 S EAST AVE,41.86684851,-87.78916901
16184250180000,1155 S EAST AVE,41.86676687,-87.78916618
16184250190000,1159 S EAST AVE,41.86668,-87.78917044
16184250200000,1161 S EAST AVE,41.86659837,-87.78916761
16184250210000,1163 S EAST AVE,41.8665062,-87.78916487
16184250220000,1165 S EAST AVE,41.86642453,-87.78915498
16184250230000,1169 S EAST AVE,41.86633499,-87.78915222
16184250240000,1171 S EAST AVE,41.8662482,-87.78917411
16184250280000,1179 S EAST AVE,41.86596375,-87.78915537
16184250290000,1181 S EAST AVE,41.86589258,-87.78913835
16184250300000,1183 S EAST AVE,41.86582675,-87.78913891
16184250310000,1185 S EAST AVE,41.8657504,-87.78913955
16184250390000,6600 W ROOSEVELT RD,41.8653556,-87.78902676
16184250400000,1173 S EAST AVE,41.86615068,-87.78915378
16184250410000,1177 S EAST AVE,41.8660559,-87.78915459
16184250560000,1192 CLARENCE AVE,41.86547673,-87.7896295
16184260010000,1150 S EAST AVE,41.86696479,-87.78864745
16184260020000,1152 S EAST AVE,41.86687521,-87.78863411
16184260030000,1154 S EAST AVE,41.86679364,-87.78864537
16184260040000,1156 S EAST AVE,41.8667225,-87.7886354
16184260050000,1160 S EAST AVE,41.86660403,-87.78863993
16184260060000,1162 S EAST AVE,41.86651979,-87.78864417
16184260070000,1164 S EAST AVE,41.86645397,-87.78864473
16184260080000,1166 S EAST AVE,41.8663617,-87.78862084
16184260090000,1170 S EAST AVE,41.86625639,-87.78862173
16184260100000,1172 S EAST AVE,41.86618528,-87.78861881
16184260110000,1174 S EAST AVE,41.86610111,-87.78863715
16184260120000,1176 S EAST AVE,41.86604845,-87.7886376
16184260130000,1178 S EAST AVE,41.86597736,-87.7886382
16184260140000,1180 S EAST AVE,41.86590363,-87.78863531
16184260150000,1182 S EAST AVE,41.86583254,-87.78863591
16184260160000,1184 S EAST AVE,41.865764,-87.78861886
16184260190000,1155 S SCOVILLE AVE,41.86679689,-87.78795727
16184260200000,1157 S SCOVILLE AVE,41.86673375,-87.78796838
16184260210000,1159 S SCOVILLE AVE,41.86667313,-87.7879548
16184260220000,1161 S SCOVILLE AVE,41.86659144,-87.78794139
16184260230000,1163 S SCOVILLE AVE,41.86652298,-87.78794197
16184260240000,1165 S SCOVILLE AVE,41.86644136,-87.78794267
16184260250000,1167 S SCOVILLE AVE,41.86636496,-87.78793274
16184260260000,1169 S SCOVILLE AVE,41.86629117,-87.78791927
16184260270000,1171 S SCOVILLE AVE,41.86622013,-87.78793044
16184260280000,1173 S SCOVILLE AVE,41.86614904,-87.78793105
16184260290000,1177 S SCOVILLE AVE,41.86607265,-87.78792465
16184260300000,1179 S SCOVILLE AVE,41.86597512,-87.7879008
16184260310000,1181 S SCOVILLE AVE,41.86591194,-87.78790486
16184260320000,1183 S SCOVILLE AVE,41.86584082,-87.78789842
16184260330000,1185 S SCOVILLE AVE,41.86577232,-87.78788843
16184260360000,6540 W ROOSEVELT RD,41.86550676,-87.78846387
16184260370000,6536 W ROOSEVELT RD,41.86549427,-87.78829935
16184260420000,1153 S SCOVILLE AVE,41.86687333,-87.78797424
16184270010000,1150 S SCOVILLE AVE,41.86697237,-87.78741745
16184270020000,1152 S SCOVILLE AVE,41.86690128,-87.78741805
16184270030000,1154 S SCOVILLE AVE,41.86681439,-87.78741879
16184270040000,1156 S SCOVILLE AVE,41.86674855,-87.78741583
16184270050000,1158 S SCOVILLE AVE,41.86667481,-87.78741293
16184270060000,1160 S SCOVILLE AVE,41.86661689,-87.78741342
16184270070000,1162 S SCOVILLE AVE,41.8665379,-87.7874141
16184270080000,1164 S SCOVILLE AVE,41.86648525,-87.78741454
16184270090000,1166 S SCOVILLE AVE,41.86641401,-87.78738342
16184270100000,1168 S SCOVILLE AVE,41.86633507,-87.78739467
16184270110000,1170 S SCOVILLE AVE,41.866264,-87.7873988
16184270120000,1172 S SCOVILLE AVE,41.86619816,-87.78739583
16184270130000,1174 S SCOVILLE AVE,41.86613232,-87.78739287
16184270140000,1176 S SCOVILLE AVE,41.86605851,-87.78737587
16184270150000,1178 S SCOVILLE AVE,41.8659928,-87.7874011
16184270160000,1180 S SCOVILLE AVE,41.86593226,-87.78740514
16184270170000,1182 S SCOVILLE AVE,41.86585591,-87.78740579
16184270180000,1184 S SCOVILLE AVE,41.86579012,-87.7874134
16184270190000,1151 S GUNDERSON AVE,41.86698295,-87.78671552
16184270200000,1153 S GUNDERSON AVE,41.86690123,-87.78669506
16184270210000,1155 S GUNDERSON AVE,41.8668275,-87.78669569
16184270220000,1157 S GUNDERSON AVE,41.86675641,-87.78669629
16184270230000,1159 S GUNDERSON AVE,41.86668271,-87.78670045
16184270240000,1161 S GUNDERSON AVE,41.86661422,-87.78669398
16184270250000,1163 S GUNDERSON AVE,41.86655118,-87.78672624
16184270260000,1165 S GUNDERSON AVE,41.86649222,-87.7866675
16184270270000,1167 S GUNDERSON AVE,41.86642382,-87.78667865
16184270280000,1171 S GUNDERSON AVE,41.86628427,-87.78667984
16184270290000,1173 S GUNDERSON AVE,41.86620793,-87.78668402
16184270300000,1175 S GUNDERSON AVE,41.8661395,-87.78668813
16184270310000,1177 S GUNDERSON AVE,41.86607101,-87.78668166
16184270320000,1179 S GUNDERSON AVE,41.86600515,-87.78667517
16184270330000,1181 S GUNDERSON AVE,41.86594458,-87.78667216
16184270340000,1183 S GUNDERSON AVE,41.86587615,-87.78667979
16184270350000,1185 S GUNDERSON AVE,41.8657998,-87.78668044
16184270420000,6500 W ROOSEVELT RD,41.86545035,-87.78684261
16184280010000,1150 S GUNDERSON AVE,41.86699298,-87.78621636
16184280020000,1154 S GUNDERSON AVE,41.86690524,-87.78619514
16184280030000,1156 S GUNDERSON AVE,41.86679805,-87.78619687
16184280040000,1158 S GUNDERSON AVE,41.86670853,-87.78619763
16184280050000,1160 S GUNDERSON AVE,41.86660848,-87.78619849
16184280060000,1164 S GUNDERSON AVE,41.86651629,-87.78619222
16184280070000,1166 S GUNDERSON AVE,41.86641359,-87.78618957
16184280080000,1168 S GUNDERSON AVE,41.86630827,-87.78619047
16184280090000,1172 S GUNDERSON AVE,41.86622665,-87.78619116
16184280100000,1174 S GUNDERSON AVE,41.86613182,-87.7861814
16184280110000,1176 S GUNDERSON AVE,41.86604753,-87.78617507
16184280120000,1180 S GUNDERSON AVE,41.86596327,-87.78617579
16184280130000,1182 S GUNDERSON AVE,41.86588692,-87.78617644
16184280140000,1184 S GUNDERSON AVE,41.86582106,-87.78616995
16184280150000,1151 S ELMWOOD AVE,41.86699227,-87.78551486
16184280160000,1153 S ELMWOOD AVE,41.8669212,-87.78551899
16184280170000,1155 S ELMWOOD AVE,41.8668395,-87.78550206
16184280180000,1157 S ELMWOOD AVE,41.86675791,-87.78550981
16184280190000,1161 S ELMWOOD AVE,41.86667627,-87.78550698
16184280200000,1163 S ELMWOOD AVE,41.86658682,-87.78552185
16184280210000,1165 S ELMWOOD AVE,41.86650262,-87.78553314
16184280220000,1167 S ELMWOOD AVE,41.86641293,-87.78549866
16184280230000,1171 S ELMWOOD AVE,41.86632604,-87.7854994
16184280240000,1173 S ELMWOOD AVE,41.86622591,-87.78548263
16184280250000,1175 S ELMWOOD AVE,41.86613902,-87.78548337
16184280260000,1177 S ELMWOOD AVE,41.86603889,-87.7854666
16184280270000,1181 S ELMWOOD AVE,41.86593884,-87.78546745
16184280280000,1183 S ELMWOOD AVE,41.86583875,-87.78546126
16184280430000,6436 W ROOSEVELT RD,41.8655902,-87.78578705
16184290010000,1150 S ELMWOOD AVE,41.86700559,-87.78499621
16184290020000,1152 S ELMWOOD AVE,41.86691076,-87.78498645
16184290030000,1154 S ELMWOOD AVE,41.86682912,-87.78498362
16184290040000,1156 S ELMWOOD AVE,41.8667395,-87.78496324
16184290050000,1160 S ELMWOOD AVE,41.86666588,-87.78498501
16184290060000,1162 S ELMWOOD AVE,41.86657624,-87.78496111
16184290070000,1164 S ELMWOOD AVE,41.86650251,-87.78495821
16184290080000,1166 S ELMWOOD AVE,41.86642088,-87.7849589
16184290090000,1168 S ELMWOOD AVE,41.86633675,-87.7849843
16184290100000,1172 S ELMWOOD AVE,41.86624978,-87.78496742
16184290110000,1174 S ELMWOOD AVE,41.86616812,-87.78496106
16184290120000,1176 S ELMWOOD AVE,41.86608122,-87.78495828
16184290130000,1178 S ELMWOOD AVE,41.86600225,-87.78496248
16184290140000,1180 S ELMWOOD AVE,41.86592063,-87.78496318
16184290150000,1184 S ELMWOOD AVE,41.86584694,-87.78497086
16184290160000,1151 S RIDGELAND AVE,41.86700044,-87.78446748
16184290170000,1153 S RIDGELAND AVE,41.86691771,-87.78426442
16184290180000,1155 S RIDGELAND AVE,41.86683872,-87.78426509
16184290190000,1157 S RIDGELAND AVE,41.8667571,-87.78426579
16184290200000,1161 S RIDGELAND AVE,41.86667546,-87.78426296
16184290210000,1163 S RIDGELAND AVE,41.86658589,-87.78425316
16184290220000,1165 S RIDGELAND AVE,41.86650691,-87.78425383
16184290230000,1167 S RIDGELAND AVE,41.86642527,-87.78425101
16184290240000,1171 S RIDGELAND AVE,41.86634628,-87.78425168
16184290250000,1173 S RIDGELAND AVE,41.86626198,-87.78424183
16184290260000,1175 S RIDGELAND AVE,41.86618299,-87.7842425
16184290270000,1177 S RIDGELAND AVE,41.86609874,-87.78424322
16184290280000,1179 S RIDGELAND AVE,41.86601975,-87.7842439
16184290290000,1181 S RIDGELAND AVE,41.86593025,-87.78424819
16184290300000,1185 S RIDGELAND AVE,41.86584864,-87.78425242
16184290410000,6412 W ROOSEVELT RD,41.86557128,-87.7848184
