block_geoid,TRACTCE20,BLOCKGRPCE20,BLOCKCE20,HOUSING20,POP20,ALAND20,n_parcels,units,n_buildings_res,units_sf,bldgs_sf,units_small_mf,bldgs_small_mf,units_large_mf,bldgs_large_mf,units_estimated,units_large_mf_estmin,units_estmin,share_sf,share_small_mf,share_large_mf,category,category_sf100,category_sf90,category_estmin,bg_geoid,census_gap_units,census_gap
170318121001000,812100,1,1000,0,0,6003,1.0,0.0,0.0,0.0,0.0,0.0,0.0,0.0,0.0,0.0,0.0,0.0,0.0,0.0,0.0,no_housing,no_housing,no_housing,no_housing,170318121001,0.0,False
170318121001001,812100,1,1001,2,4,5998,8.0,16.0,4.0,0.0,0.0,8.0,3.0,8.0,1.0,0.0,8.0,16.0,0.0,0.5,0.5,small_mf_2_6,small_mf_2_6,small_mf_2_6,small_mf_2_6,170318121001,-14.0,False
170318121001002,812100,1,1002,26,20,6050,4.0,33.0,1.0,0.0,0.0,0.0,0.0,33.0,1.0,0.0,33.0,33.0,0.0,0.0,1.0,large_mf_7plus,large_mf_7plus,large_mf_7plus,large_mf_7plus,170318121001,-7.0,False
170318121001003,812100,1,1003,8,27,4731,8.0,8.0,8.0,8.0,8.0,0.0,0.0,0.0,0.0,0.0,0.0,8.0,1.0,0.0,0.0,single_family,single_family,single_family,single_family,170318121001,0.0,False
170318121001004,812100,1,1004,8,10,4719,8.0,8.0,8.0,8.0,8.0,0.0,0.0,0.0,0.0,0.0,0.0,8.0,1.0,0.0,0.0,single_family,single_family,single_family,single_family,170318121001,0.0,False
170318121001005,812100,1,1005,8,27,4757,8.0,8.0,8.0,8.0,8.0,0.0,0.0,0.0,0.0,0.0,0.0,8.0,1.0,0.0,0.0,single_family,single_family,single_family,single_family,170318121001,0.0,False
170318121001006,812100,1,1006,16,50,9469,16.0,16.0,16.0,16.0,16.0,0.0,0.0,0.0,0.0,0.0,0.0,16.0,1.0,0.0,0.0,single_family,single_family,single_family,single_family,170318121001,0.0,False
170318121001007,812100,1,1007,26,60,4739,7.0,28.0,6.0,2.0,2.0,6.0,3.0,20.0,1.0,0.0,20.0,28.0,0.0714,0.2143,0.7143,large_mf_7plus,large_mf_7plus,large_mf_7plus,large_mf_7plus,170318121001,-2.0,False
170318121001008,812100,1,1008,22,54,10558,20.0,20.0,15.0,14.0,14.0,6.0,1.0,0.0,0.0,0.0,0.0,20.0,0.7,0.3,0.0,mixed,mixed,mixed,mixed,170318121001,2.0,False
170318121001009,812100,1,1009,0,0,1209,0.0,0.0,0.0,0.0,0.0,0.0,0.0,0.0,0.0,0.0,0.0,0.0,0.0,0.0,0.0,no_housing,no_housing,no_housing,no_housing,170318121001,0.0,False
170318121001010,812100,1,1010,8,20,5152,8.0,8.0,8.0,8.0,8.0,0.0,0.0,0.0,0.0,0.0,0.0,8.0,1.0,0.0,0.0,single_family,single_family,single_family,single_family,170318121001,0.0,False
170318121001011,812100,1,1011,7,30,5154,7.0,7.0,7.0,7.0,7.0,0.0,0.0,0.0,0.0,0.0,0.0,7.0,1.0,0.0,0.0,single_family,single_family,single_family,single_family,170318121001,0.0,False
170318121001012,812100,1,1012,0,0,1468,0.0,0.0,0.0,0.0,0.0,0.0,0.0,0.0,0.0,0.0,0.0,0.0,0.0,0.0,0.0,no_housing,no_housing,no_housing,no_housing,170318121001,0.0,False
170318121001013,812100,1,1013,0,0,1465,0.0,0.0,0.0,0.0,0.0,0.0,0.0,0.0,0.0,0.0,0.0,0.0,0.0,0.0,0.0,no_housing,no_housing,no_housing,no_housing,170318121001,0.0,False
170318121001014,812100,1,1014,8,20,5116,8.0,8.0,8.0,8.0,8.0,0.0,0.0,0.0,0.0,0.0,0.0,8.0,1.0,0.0,0.0,single_family,single_family,single_family,single_family,170318121001,0.0,False
170318121001015,812100,1,1015,8,17,5136,8.0,8.0,8.0,8.0,8.0,0.0,0.0,0.0,0.0,0.0,0.0,8.0,1.0,0.0,0.0,single_family,single_family,single_family,single_family,170318121001,0.0,False
170318121001016,812100,1,1016,9,35,6827,10.0,9.0,9.0,9.0,9.0,0.0,0.0,0.0,0.0,0.0,0.0,9.0,1.0,0.0,0.0,single_family,single_family,single_family,single_family,170318121001,0.0,False
170318121001017,812100,1,1017,39,81,6482,11.0,35.0,10.0,0.0,0.0,22.0,9.0,13.0,1.0,0.0,13.0,35.0,0.0,0.6286,0.3714,small_mf_2_6,small_mf_2_6,small_mf_2_6,small_mf_2_6,170318121001,4.0,False
170318121001018,812100,1,1018,43,76,11216,14.0,41.0,12.0,3.0,3.0,22.0,8.0,16.0,1.0,0.0,16.0,41.0,0.0732,0.5366,0.3902,small_mf_2_6,small_mf_2_6,small_mf_2_6,small_mf_2_6,170318121001,2.0,False
170318121001019,812100,1,1019,19,65,11050,20.0,19.0,19.0,19.0,19.0,0.0,0.0,0.0,0.0,0.0,0.0,19.0,1.0,0.0,0.0,single_family,single_family,single_family,single_family,170318121001,0.0,False
170318121001020,812100,1,1020,17,49,11098,18.0,17.0,17.0,17.0,17.0,0.0,0.0,0.0,0.0,0.0,0.0,17.0,1.0,0.0,0.0,single_family,single_family,single_family,single_family,170318121001,0.0,False
170318121001021,812100,1,1021,8,25,6664,8.0,8.0,7.0,6.0,6.0,2.0,1.0,0.0,0.0,0.0,0.0,8.0,0.75,0.25,0.0,mixed,mixed,mixed,mixed,170318121001,0.0,False
170318121001022,812100,1,1022,11,29,6643,10.0,10.0,10.0,10.0,10.0,0.0,0.0,0.0,0.0,0.0,0.0,10.0,1.0,0.0,0.0,single_family,single_family,single_family,single_family,170318121001,1.0,False
170318121001023,812100,1,1023,10,24,6650,10.0,10.0,10.0,10.0,10.0,0.0,0.0,0.0,0.0,0.0,0.0,10.0,1.0,0.0,0.0,single_family,single_family,single_family,single_family,170318121001,0.0,False
170318121001024,812100,1,1024,10,47,6627,10.0,10.0,10.0,10.0,10.0,0.0,0.0,0.0,0.0,0.0,0.0,10.0,1.0,0.0,0.0,single_family,single_family,single_family,single_family,170318121001,0.0,False
170318121001025,812100,1,1025,20,61,11085,20.0,20.0,20.0,20.0,20.0,0.0,0.0,0.0,0.0,0.0,0.0,20.0,1.0,0.0,0.0,single_family,single_family,single_family,single_family,170318121001,0.0,False
170318121001026,812100,1,1026,20,76,11108,20.0,20.0,20.0,20.0,20.0,0.0,0.0,0.0,0.0,0.0,0.0,20.0,1.0,0.0,0.0,single_family,single_family,single_family,single_family,170318121001,0.0,False
170318121001027,812100,1,1027,20,55,11084,20.0,19.0,19.0,19.0,19.0,0.0,0.0,0.0,0.0,0.0,0.0,19.0,1.0,0.0,0.0,single_family,single_family,single_family,single_family,170318121001,1.0,False
170318121002000,812100,2,2000,35,74,10855,22.0,36.0,18.0,15.0,15.0,8.0,2.0,13.0,1.0,0.0,13.0,36.0,0.4167,0.2222,0.3611,mixed,mixed,mixed,mixed,170318121002,-1.0,False
170318121002001,812100,2,2001,21,69,10786,20.0,19.0,19.0,19.0,19.0,0.0,0.0,0.0,0.0,0.0,0.0,19.0,1.0,0.0,0.0,single_family,single_family,single_family,single_family,170318121002,2.0,False
170318121002002,812100,2,2002,19,49,10795,19.0,19.0,19.0,19.0,19.0,0.0,0.0,0.0,0.0,0.0,0.0,19.0,1.0,0.0,0.0,single_family,single_family,single_family,single_family,170318121002,0.0,False
170318121002003,812100,2,2003,17,55,10818,17.0,17.0,17.0,17.0,17.0,0.0,0.0,0.0,0.0,0.0,0.0,17.0,1.0,0.0,0.0,single_family,single_family,single_family,single_family,170318121002,0.0,False
170318121002004,812100,2,2004,18,43,10793,17.0,17.0,17.0,17.0,17.0,0.0,0.0,0.0,0.0,0.0,0.0,17.0,1.0,0.0,0.0,single_family,single_family,single_family,single_family,170318121002,1.0,False
170318121002005,812100,2,2005,18,41,10748,17.0,17.0,17.0,17.0,17.0,0.0,0.0,0.0,0.0,0.0,0.0,17.0,1.0,0.0,0.0,single_family,single_family,single_family,single_family,170318121002,1.0,False
170318121002006,812100,2,2006,5,23,10278,6.0,5.0,5.0,5.0,5.0,0.0,0.0,0.0,0.0,0.0,0.0,5.0,1.0,0.0,0.0,single_family,single_family,single_family,single_family,170318121002,0.0,False
170318121002007,812100,2,2007,19,56,10265,19.0,19.0,19.0,19.0,19.0,0.0,0.0,0.0,0.0,0.0,0.0,19.0,1.0,0.0,0.0,single_family,single_family,single_family,single_family,170318121002,0.0,False
170318121002008,812100,2,2008,18,41,10247,18.0,18.0,18.0,18.0,18.0,0.0,0.0,0.0,0.0,0.0,0.0,18.0,1.0,0.0,0.0,single_family,single_family,single_family,single_family,170318121002,0.0,False
170318121002009,812100,2,2009,18,62,10275,18.0,18.0,18.0,18.0,18.0,0.0,0.0,0.0,0.0,0.0,0.0,18.0,1.0,0.0,0.0,single_family,single_family,single_family,single_family,170318121002,0.0,False
170318121002010,812100,2,2010,17,44,10266,17.0,17.0,17.0,17.0,17.0,0.0,0.0,0.0,0.0,0.0,0.0,17.0,1.0,0.0,0.0,single_family,single_family,single_family,single_family,170318121002,0.0,False
170318121002011,812100,2,2011,43,93,10286,16.0,31.0,16.0,13.0,13.0,4.0,2.0,14.0,1.0,0.0,14.0,31.0,0.4194,0.129,0.4516,mixed,mixed,mixed,mixed,170318121002,12.0,False
170318121002012,812100,2,2012,64,148,10178,27.0,61.0,15.0,7.0,7.0,10.0,3.0,44.0,5.0,0.0,44.0,61.0,0.1148,0.1639,0.7213,large_mf_7plus,large_mf_7plus,large_mf_7plus,large_mf_7plus,170318121002,3.0,False
170318121002013,812100,2,2013,16,48,10228,15.0,15.0,15.0,15.0,15.0,0.0,0.0,0.0,0.0,0.0,0.0,15.0,1.0,0.0,0.0,single_family,single_family,single_family,single_family,170318121002,1.0,False
170318121002014,812100,2,2014,16,46,10247,16.0,18.0,16.0,15.0,15.0,3.0,1.0,0.0,0.0,0.0,0.0,18.0,0.8333,0.1667,0.0,mixed,mixed,mixed,mixed,170318121002,-2.0,False
170318121002015,812100,2,2015,14,40,10255,14.0,14.0,14.0,14.0,14.0,0.0,0.0,0.0,0.0,0.0,0.0,14.0,1.0,0.0,0.0,single_family,single_family,single_family,single_family,170318121002,0.0,False
170318121002016,812100,2,2016,20,53,10267,13.0,17.0,13.0,11.0,11.0,6.0,2.0,0.0,0.0,0.0,0.0,17.0,0.6471,0.3529,0.0,mixed,mixed,mixed,mixed,170318121002,3.0,False
170318121002017,812100,2,2017,17,46,10238,18.0,18.0,18.0,18.0,18.0,0.0,0.0,0.0,0.0,0.0,0.0,18.0,1.0,0.0,0.0,single_family,single_family,single_family,single_family,170318121002,-1.0,False
170318121003000,812100,3,3000,19,62,10241,18.0,18.0,18.0,18.0,18.0,0.0,0.0,0.0,0.0,0.0,0.0,18.0,1.0,0.0,0.0,single_family,single_family,single_family,single_family,170318121003,1.0,False
170318121003001,812100,3,3001,14,39,10127,15.0,14.0,14.0,14.0,14.0,0.0,0.0,0.0,0.0,0.0,0.0,14.0,1.0,0.0,0.0,single_family,single_family,single_family,single_family,170318121003,0.0,False
170318121003002,812100,3,3002,14,31,12467,15.0,14.0,14.0,14.0,14.0,0.0,0.0,0.0,0.0,0.0,0.0,14.0,1.0,0.0,0.0,single_family,single_family,single_family,single_family,170318121003,0.0,False
170318121003003,812100,3,3003,17,49,12739,16.0,16.0,15.0,14.0,14.0,2.0,1.0,0.0,0.0,0.0,0.0,16.0,0.875,0.125,0.0,mixed,mixed,mixed,mixed,170318121003,1.0,False
170318121003004,812100,3,3004,7,40,25142,9.0,7.0,7.0,7.0,7.0,0.0,0.0,0.0,0.0,0.0,0.0,7.0,1.0,0.0,0.0,single_family,single_family,single_family,single_family,170318121003,0.0,False
170318121003005,812100,3,3005,16,57,12459,16.0,16.0,16.0,16.0,16.0,0.0,0.0,0.0,0.0,0.0,0.0,16.0,1.0,0.0,0.0,single_family,single_family,single_family,single_family,170318121003,0.0,False
170318121003006,812100,3,3006,15,47,12578,15.0,16.0,15.0,14.0,14.0,2.0,1.0,0.0,0.0,0.0,0.0,16.0,0.875,0.125,0.0,mixed,mixed,mixed,mixed,170318121003,-1.0,False
170318121003007,812100,3,3007,30,92,27306,29.0,31.0,28.0,25.0,25.0,6.0,3.0,0.0,0.0,0.0,0.0,31.0,0.8065,0.1935,0.0,mixed,mixed,mixed,mixed,170318121003,-1.0,False
170318121003008,812100,3,3008,31,97,27366,32.0,31.0,30.0,29.0,29.0,2.0,1.0,0.0,0.0,0.0,0.0,31.0,0.9355,0.0645,0.0,mixed,mixed,single_family,mixed,170318121003,0.0,False
170318121003009,812100,3,3009,41,98,27311,37.0,41.0,37.0,35.0,35.0,6.0,2.0,0.0,0.0,0.0,0.0,41.0,0.8537,0.1463,0.0,mixed,mixed,mixed,mixed,170318121003,0.0,False
170318121003010,812100,3,3010,35,114,27309,33.0,35.0,32.0,30.0,30.0,5.0,2.0,0.0,0.0,0.0,0.0,35.0,0.8571,0.1429,0.0,mixed,mixed,mixed,mixed,170318121003,0.0,False
170318121003011,812100,3,3011,49,95,27294,33.0,45.0,33.0,22.0,22.0,23.0,11.0,0.0,0.0,0.0,0.0,45.0,0.4889,0.5111,0.0,small_mf_2_6,small_mf_2_6,small_mf_2_6,small_mf_2_6,170318121003,4.0,False
170318121003012,812100,3,3012,140,262,27043,58.0,144.0,31.0,19.0,19.0,19.0,8.0,106.0,4.0,0.0,106.0,144.0,0.1319,0.1319,0.7361,large_mf_7plus,large_mf_7plus,large_mf_7plus,large_mf_7plus,170318121003,-4.0,False
170318121004000,812100,4,4000,17,47,10779,17.0,17.0,17.0,17.0,17.0,0.0,0.0,0.0,0.0,0.0,0.0,17.0,1.0,0.0,0.0,single_family,single_family,single_family,single_family,170318121004,0.0,False
170318121004001,812100,4,4001,17,52,10761,17.0,17.0,17.0,17.0,17.0,0.0,0.0,0.0,0.0,0.0,0.0,17.0,1.0,0.0,0.0,single_family,single_family,single_family,single_family,170318121004,0.0,False
170318121004002,812100,4,4002,17,48,10786,17.0,17.0,17.0,17.0,17.0,0.0,0.0,0.0,0.0,0.0,0.0,17.0,1.0,0.0,0.0,single_family,single_family,single_family,single_family,170318121004,0.0,False
170318121004003,812100,4,4003,17,61,10688,17.0,17.0,17.0,17.0,17.0,0.0,0.0,0.0,0.0,0.0,0.0,17.0,1.0,0.0,0.0,single_family,single_family,single_family,single_family,170318121004,0.0,False
170318121004004,812100,4,4004,17,52,10792,17.0,17.0,17.0,17.0,17.0,0.0,0.0,0.0,0.0,0.0,0.0,17.0,1.0,0.0,0.0,single_family,single_family,single_family,single_family,170318121004,0.0,False
170318121004005,812100,4,4005,17,63,10723,17.0,17.0,17.0,17.0,17.0,0.0,0.0,0.0,0.0,0.0,0.0,17.0,1.0,0.0,0.0,single_family,single_family,single_family,single_family,170318121004,0.0,False
170318121004006,812100,4,4006,20,59,12700,20.0,20.0,20.0,20.0,20.0,0.0,0.0,0.0,0.0,0.0,0.0,20.0,1.0,0.0,0.0,single_family,single_family,single_family,single_family,170318121004,0.0,False
170318121004007,812100,4,4007,21,38,13295,21.0,20.0,20.0,20.0,20.0,0.0,0.0,0.0,0.0,0.0,0.0,20.0,1.0,0.0,0.0,single_family,single_family,single_family,single_family,170318121004,1.0,False
170318121004008,812100,4,4008,16,39,10276,17.0,16.0,15.0,14.0,14.0,2.0,1.0,0.0,0.0,0.0,0.0,16.0,0.875,0.125,0.0,mixed,mixed,mixed,mixed,170318121004,0.0,False
170318121004009,812100,4,4009,16,48,10089,16.0,16.0,16.0,16.0,16.0,0.0,0.0,0.0,0.0,0.0,0.0,16.0,1.0,0.0,0.0,single_family,single_family,single_family,single_family,170318121004,0.0,False
170318121004010,812100,4,4010,37,97,22141,38.0,39.0,38.0,37.0,37.0,2.0,1.0,0.0,0.0,0.0,0.0,39.0,0.9487,0.0513,0.0,mixed,mixed,single_family,mixed,170318121004,-2.0,False
170318121004011,812100,4,4011,17,42,11068,18.0,17.0,17.0,17.0,17.0,0.0,0.0,0.0,0.0,0.0,0.0,17.0,1.0,0.0,0.0,single_family,single_family,single_family,single_family,170318121004,0.0,False
170318121004012,812100,4,4012,18,45,11093,18.0,18.0,18.0,18.0,18.0,0.0,0.0,0.0,0.0,0.0,0.0,18.0,1.0,0.0,0.0,single_family,single_family,single_family,single_family,170318121004,0.0,False
170318121004013,812100,4,4013,17,52,11077,17.0,17.0,17.0,17.0,17.0,0.0,0.0,0.0,0.0,0.0,0.0,17.0,1.0,0.0,0.0,single_family,single_family,single_family,single_family,170318121004,0.0,False
170318121004014,812100,4,4014,15,35,11159,14.0,14.0,14.0,14.0,14.0,0.0,0.0,0.0,0.0,0.0,0.0,14.0,1.0,0.0,0.0,single_family,single_family,single_family,single_family,170318121004,1.0,False
170318121004015,812100,4,4015,17,34,10965,17.0,17.0,17.0,17.0,17.0,0.0,0.0,0.0,0.0,0.0,0.0,17.0,1.0,0.0,0.0,single_family,single_family,single_family,single_family,170318121004,0.0,False
170318121004016,812100,4,4016,17,52,10924,20.0,18.0,18.0,18.0,18.0,0.0,0.0,0.0,0.0,0.0,0.0,18.0,1.0,0.0,0.0,single_family,single_family,single_family,single_family,170318121004,-1.0,False
170318121005000,812100,5,5000,12,33,6004,3.0,16.0,1.0,0.0,0.0,0.0,0.0,16.0,1.0,0.0,16.0,16.0,0.0,0.0,1.0,large_mf_7plus,large_mf_7plus,large_mf_7plus,large_mf_7plus,170318121005,-4.0,False
170318121005001,812100,5,5001,8,23,10711,9.0,8.0,8.0,8.0,8.0,0.0,0.0,0.0,0.0,0.0,0.0,8.0,1.0,0.0,0.0,single_family,single_family,single_family,single_family,170318121005,0.0,False
170318121005002,812100,5,5002,11,47,13590,18.0,11.0,11.0,11.0,11.0,0.0,0.0,0.0,0.0,0.0,0.0,11.0,1.0,0.0,0.0,single_family,single_family,single_family,single_family,170318121005,0.0,False
170318121005003,812100,5,5003,8,21,4736,8.0,8.0,8.0,8.0,8.0,0.0,0.0,0.0,0.0,0.0,0.0,8.0,1.0,0.0,0.0,single_family,single_family,single_family,single_family,170318121005,0.0,False
170318121005004,812100,5,5004,8,35,4690,8.0,8.0,8.0,8.0,8.0,0.0,0.0,0.0,0.0,0.0,0.0,8.0,1.0,0.0,0.0,single_family,single_family,single_family,single_family,170318121005,0.0,False
170318121005005,812100,5,5005,8,18,4763,8.0,8.0,8.0,8.0,8.0,0.0,0.0,0.0,0.0,0.0,0.0,8.0,1.0,0.0,0.0,single_family,single_family,single_family,single_family,170318121005,0.0,False
170318121005006,812100,5,5006,8,30,5171,8.0,8.0,8.0,8.0,8.0,0.0,0.0,0.0,0.0,0.0,0.0,8.0,1.0,0.0,0.0,single_family,single_family,single_family,single_family,170318121005,0.0,False
170318121005007,812100,5,5007,8,21,5148,8.0,8.0,8.0,8.0,8.0,0.0,0.0,0.0,0.0,0.0,0.0,8.0,1.0,0.0,0.0,single_family,single_family,single_family,single_family,170318121005,0.0,False
170318121005008,812100,5,5008,11,29,7500,11.0,11.0,11.0,11.0,11.0,0.0,0.0,0.0,0.0,0.0,0.0,11.0,1.0,0.0,0.0,single_family,single_family,single_family,single_family,170318121005,0.0,False
170318121005009,812100,5,5009,13,39,8626,13.0,13.0,13.0,13.0,13.0,0.0,0.0,0.0,0.0,0.0,0.0,13.0,1.0,0.0,0.0,single_family,single_family,single_family,single_family,170318121005,0.0,False
170318121005010,812100,5,5010,8,25,5122,8.0,8.0,8.0,8.0,8.0,0.0,0.0,0.0,0.0,0.0,0.0,8.0,1.0,0.0,0.0,single_family,single_family,single_family,single_family,170318121005,0.0,False
170318121005011,812100,5,5011,8,41,5132,8.0,8.0,8.0,8.0,8.0,0.0,0.0,0.0,0.0,0.0,0.0,8.0,1.0,0.0,0.0,single_family,single_family,single_family,single_family,170318121005,0.0,False
170318121005012,812100,5,5012,0,0,1458,0.0,0.0,0.0,0.0,0.0,0.0,0.0,0.0,0.0,0.0,0.0,0.0,0.0,0.0,0.0,no_housing,no_housing,no_housing,no_housing,170318121005,0.0,False
170318121005013,812100,5,5013,0,0,1436,0.0,0.0,0.0,0.0,0.0,0.0,0.0,0.0,0.0,0.0,0.0,0.0,0.0,0.0,0.0,no_housing,no_housing,no_housing,no_housing,170318121005,0.0,False
170318121005014,812100,5,5014,10,41,6694,10.0,10.0,10.0,10.0,10.0,0.0,0.0,0.0,0.0,0.0,0.0,10.0,1.0,0.0,0.0,single_family,single_family,single_family,single_family,170318121005,0.0,False
170318121005015,812100,5,5015,12,32,6663,12.0,12.0,12.0,12.0,12.0,0.0,0.0,0.0,0.0,0.0,0.0,12.0,1.0,0.0,0.0,single_family,single_family,single_family,single_family,170318121005,0.0,False
170318121005016,812100,5,5016,10,25,6639,10.0,10.0,10.0,10.0,10.0,0.0,0.0,0.0,0.0,0.0,0.0,10.0,1.0,0.0,0.0,single_family,single_family,single_family,single_family,170318121005,0.0,False
170318121005017,812100,5,5017,20,53,11126,20.0,20.0,20.0,20.0,20.0,0.0,0.0,0.0,0.0,0.0,0.0,20.0,1.0,0.0,0.0,single_family,single_family,single_family,single_family,170318121005,0.0,False
170318121005018,812100,5,5018,19,45,11091,19.0,18.0,18.0,18.0,18.0,0.0,0.0,0.0,0.0,0.0,0.0,18.0,1.0,0.0,0.0,single_family,single_family,single_family,single_family,170318121005,1.0,False
170318121005019,812100,5,5019,20,48,11133,20.0,20.0,20.0,20.0,20.0,0.0,0.0,0.0,0.0,0.0,0.0,20.0,1.0,0.0,0.0,single_family,single_family,single_family,single_family,170318121005,0.0,False
170318121005020,812100,5,5020,19,45,11086,19.0,19.0,19.0,19.0,19.0,0.0,0.0,0.0,0.0,0.0,0.0,19.0,1.0,0.0,0.0,single_family,single_family,single_family,single_family,170318121005,0.0,False
170318121005021,812100,5,5021,12,43,6625,12.0,12.0,12.0,12.0,12.0,0.0,0.0,0.0,0.0,0.0,0.0,12.0,1.0,0.0,0.0,single_family,single_family,single_family,single_family,170318121005,0.0,False
170318121005022,812100,5,5022,20,64,11367,20.0,20.0,20.0,20.0,20.0,0.0,0.0,0.0,0.0,0.0,0.0,20.0,1.0,0.0,0.0,single_family,single_family,single_family,single_family,170318121005,0.0,False
170318121005023,812100,5,5023,0,0,24053,1.0,0.0,0.0,0.0,0.0,0.0,0.0,0.0,0.0,0.0,0.0,0.0,0.0,0.0,0.0,no_housing,no_housing,no_housing,no_housing,170318121005,0.0,False
170318121005024,812100,5,5024,12,39,9212,12.0,12.0,12.0,12.0,12.0,0.0,0.0,0.0,0.0,0.0,0.0,12.0,1.0,0.0,0.0,single_family,single_family,single_family,single_family,170318121005,0.0,False
170318121005025,812100,5,5025,9,26,6313,9.0,9.0,9.0,9.0,9.0,0.0,0.0,0.0,0.0,0.0,0.0,9.0,1.0,0.0,0.0,single_family,single_family,single_family,single_family,170318121005,0.0,False
170318122001000,812200,1,1000,0,0,12635,7.0,0.0,0.0,0.0,0.0,0.0,0.0,0.0,0.0,0.0,0.0,0.0,0.0,0.0,0.0,no_housing,no_housing,no_housing,no_housing,170318122001,0.0,False
170318122001001,812200,1,1001,0,0,6137,9.0,0.0,0.0,0.0,0.0,0.0,0.0,0.0,0.0,0.0,0.0,0.0,0.0,0.0,0.0,no_housing,no_housing,no_housing,no_housing,170318122001,0.0,False
170318122001002,812200,1,1002,3,10,6583,6.0,0.0,0.0,0.0,0.0,0.0,0.0,0.0,0.0,0.0,0.0,0.0,0.0,0.0,0.0,no_housing,no_housing,no_housing,no_housing,170318122001,3.0,False
170318122001003,812200,1,1003,9,16,6957,13.0,18.0,4.0,0.0,0.0,9.0,3.0,9.0,1.0,0.0,9.0,18.0,0.0,0.5,0.5,small_mf_2_6,small_mf_2_6,small_mf_2_6,small_mf_2_6,170318122001,-9.0,False
170318122001004,812200,1,1004,3,4,5772,10.0,16.0,4.0,0.0,0.0,9.0,3.0,7.0,1.0,0.0,7.0,16.0,0.0,0.5625,0.4375,small_mf_2_6,small_mf_2_6,small_mf_2_6,small_mf_2_6,170318122001,-13.0,False
170318122001005,812200,1,1005,0,0,5722,5.0,0.0,0.0,0.0,0.0,0.0,0.0,0.0,0.0,0.0,0.0,0.0,0.0,0.0,0.0,no_housing,no_housing,no_housing,no_housing,170318122001,0.0,False
170318122001006,812200,1,1006,1,11,5743,10.0,2.0,1.0,0.0,0.0,2.0,1.0,0.0,0.0,0.0,0.0,2.0,0.0,1.0,0.0,small_mf_2_6,small_mf_2_6,small_mf_2_6,small_mf_2_6,170318122001,-1.0,False
170318122001007,812200,1,1007,11,29,8936,11.0,11.0,11.0,11.0,11.0,0.0,0.0,0.0,0.0,0.0,0.0,11.0,1.0,0.0,0.0,single_family,single_family,single_family,single_family,170318122001,0.0,False
170318122001008,812200,1,1008,12,44,7954,11.0,11.0,11.0,11.0,11.0,0.0,0.0,0.0,0.0,0.0,0.0,11.0,1.0,0.0,0.0,single_family,single_family,single_family,single_family,170318122001,1.0,False
170318122001009,812200,1,1009,11,27,7976,11.0,11.0,11.0,11.0,11.0,0.0,0.0,0.0,0.0,0.0,0.0,11.0,1.0,0.0,0.0,single_family,single_family,single_family,single_family,170318122001,0.0,False
170318122001010,812200,1,1010,11,35,7955,11.0,11.0,11.0,11.0,11.0,0.0,0.0,0.0,0.0,0.0,0.0,11.0,1.0,0.0,0.0,single_family,single_family,single_family,single_family,170318122001,0.0,False
170318122001011,812200,1,1011,11,35,7948,11.0,11.0,11.0,11.0,11.0,0.0,0.0,0.0,0.0,0.0,0.0,11.0,1.0,0.0,0.0,single_family,single_family,single_family,single_family,170318122001,0.0,False
170318122001012,812200,1,1012,11,22,8039,11.0,11.0,11.0,11.0,11.0,0.0,0.0,0.0,0.0,0.0,0.0,11.0,1.0,0.0,0.0,single_family,single_family,single_family,single_family,170318122001,0.0,False
170318122001013,812200,1,1013,10,32,8869,10.0,10.0,10.0,10.0,10.0,0.0,0.0,0.0,0.0,0.0,0.0,10.0,1.0,0.0,0.0,single_family,single_family,single_family,single_family,170318122001,0.0,False
170318122001014,812200,1,1014,10,31,10522,11.0,10.0,10.0,10.0,10.0,0.0,0.0,0.0,0.0,0.0,0.0,10.0,1.0,0.0,0.0,single_family,single_family,single_family,single_family,170318122001,0.0,False
170318122001015,812200,1,1015,12,43,9695,12.0,12.0,12.0,12.0,12.0,0.0,0.0,0.0,0.0,0.0,0.0,12.0,1.0,0.0,0.0,single_family,single_family,single_family,single_family,170318122001,0.0,False
170318122001016,812200,1,1016,12,33,9612,12.0,12.0,12.0,12.0,12.0,0.0,0.0,0.0,0.0,0.0,0.0,12.0,1.0,0.0,0.0,single_family,single_family,single_family,single_family,170318122001,0.0,False
170318122001017,812200,1,1017,12,16,9761,12.0,12.0,12.0,12.0,12.0,0.0,0.0,0.0,0.0,0.0,0.0,12.0,1.0,0.0,0.0,single_family,single_family,single_family,single_family,170318122001,0.0,False
170318122001018,812200,1,1018,12,33,9657,12.0,12.0,12.0,12.0,12.0,0.0,0.0,0.0,0.0,0.0,0.0,12.0,1.0,0.0,0.0,single_family,single_family,single_family,single_family,170318122001,0.0,False
170318122001019,812200,1,1019,12,36,9675,12.0,12.0,12.0,12.0,12.0,0.0,0.0,0.0,0.0,0.0,0.0,12.0,1.0,0.0,0.0,single_family,single_family,single_family,single_family,170318122001,0.0,False
170318122001020,812200,1,1020,11,39,10834,11.0,11.0,11.0,11.0,11.0,0.0,0.0,0.0,0.0,0.0,0.0,11.0,1.0,0.0,0.0,single_family,single_family,single_family,single_family,170318122001,0.0,False
170318122001021,812200,1,1021,10,25,10306,10.0,10.0,10.0,10.0,10.0,0.0,0.0,0.0,0.0,0.0,0.0,10.0,1.0,0.0,0.0,single_family,single_family,single_family,single_family,170318122001,0.0,False
170318122001022,812200,1,1022,19,55,17314,18.0,18.0,18.0,18.0,18.0,0.0,0.0,0.0,0.0,0.0,0.0,18.0,1.0,0.0,0.0,single_family,single_family,single_family,single_family,170318122001,1.0,False
170318122001023,812200,1,1023,9,17,8827,9.0,9.0,9.0,9.0,9.0,0.0,0.0,0.0,0.0,0.0,0.0,9.0,1.0,0.0,0.0,single_family,single_family,single_family,single_family,170318122001,0.0,False
170318122001024,812200,1,1024,9,22,7454,9.0,9.0,9.0,9.0,9.0,0.0,0.0,0.0,0.0,0.0,0.0,9.0,1.0,0.0,0.0,single_family,single_family,single_family,single_family,170318122001,0.0,False
170318122001025,812200,1,1025,9,39,7410,9.0,9.0,9.0,9.0,9.0,0.0,0.0,0.0,0.0,0.0,0.0,9.0,1.0,0.0,0.0,single_family,single_family,single_family,single_family,170318122001,0.0,False
170318122001026,812200,1,1026,9,21,7403,9.0,9.0,9.0,9.0,9.0,0.0,0.0,0.0,0.0,0.0,0.0,9.0,1.0,0.0,0.0,single_family,single_family,single_family,single_family,170318122001,0.0,False
170318122001027,812200,1,1027,10,34,7376,11.0,11.0,11.0,11.0,11.0,0.0,0.0,0.0,0.0,0.0,0.0,11.0,1.0,0.0,0.0,single_family,single_family,single_family,single_family,170318122001,-1.0,False
170318122001028,812200,1,1028,10,33,7468,10.0,10.0,10.0,10.0,10.0,0.0,0.0,0.0,0.0,0.0,0.0,10.0,1.0,0.0,0.0,single_family,single_family,single_family,single_family,170318122001,0.0,False
170318122001029,812200,1,1029,11,25,7375,11.0,11.0,11.0,11.0,11.0,0.0,0.0,0.0,0.0,0.0,0.0,11.0,1.0,0.0,0.0,single_family,single_family,single_family,single_family,170318122001,0.0,False
170318122001030,812200,1,1030,10,24,9042,13.0,10.0,10.0,10.0,10.0,0.0,0.0,0.0,0.0,0.0,0.0,10.0,1.0,0.0,0.0,single_family,single_family,single_family,single_family,170318122001,0.0,False
170318122001031,812200,1,1031,9,35,9042,9.0,9.0,9.0,9.0,9.0,0.0,0.0,0.0,0.0,0.0,0.0,9.0,1.0,0.0,0.0,single_family,single_family,single_family,single_family,170318122001,0.0,False
170318122001032,812200,1,1032,11,35,9034,12.0,12.0,12.0,12.0,12.0,0.0,0.0,0.0,0.0,0.0,0.0,12.0,1.0,0.0,0.0,single_family,single_family,single_family,single_family,170318122001,-1.0,False
170318122001033,812200,1,1033,7,10,9010,12.0,7.0,7.0,7.0,7.0,0.0,0.0,0.0,0.0,0.0,0.0,7.0,1.0,0.0,0.0,single_family,single_family,single_family,single_family,170318122001,0.0,False
170318122001034,812200,1,1034,10,38,9032,10.0,10.0,10.0,10.0,10.0,0.0,0.0,0.0,0.0,0.0,0.0,10.0,1.0,0.0,0.0,single_family,single_family,single_family,single_family,170318122001,0.0,False
170318122001035,812200,1,1035,10,26,9022,10.0,10.0,10.0,10.0,10.0,0.0,0.0,0.0,0.0,0.0,0.0,10.0,1.0,0.0,0.0,single_family,single_family,single_family,single_family,170318122001,0.0,False
170318122001036,812200,1,1036,10,48,10803,10.0,10.0,10.0,10.0,10.0,0.0,0.0,0.0,0.0,0.0,0.0,10.0,1.0,0.0,0.0,single_family,single_family,single_family,single_family,170318122001,0.0,False
170318122001037,812200,1,1037,10,22,10780,10.0,10.0,10.0,10.0,10.0,0.0,0.0,0.0,0.0,0.0,0.0,10.0,1.0,0.0,0.0,single_family,single_family,single_family,single_family,170318122001,0.0,False
170318122002000,812200,2,2000,4,15,7324,4.0,3.0,3.0,3.0,3.0,0.0,0.0,0.0,0.0,0.0,0.0,3.0,1.0,0.0,0.0,single_family,single_family,single_family,single_family,170318122002,1.0,False
170318122002001,812200,2,2001,32,82,23515,32.0,32.0,32.0,32.0,32.0,0.0,0.0,0.0,0.0,0.0,0.0,32.0,1.0,0.0,0.0,single_family,single_family,single_family,single_family,170318122002,0.0,False
170318122002002,812200,2,2002,14,42,12898,14.0,14.0,14.0,14.0,14.0,0.0,0.0,0.0,0.0,0.0,0.0,14.0,1.0,0.0,0.0,single_family,single_family,single_family,single_family,170318122002,0.0,False
170318122002003,812200,2,2003,12,38,12948,12.0,12.0,12.0,12.0,12.0,0.0,0.0,0.0,0.0,0.0,0.0,12.0,1.0,0.0,0.0,single_family,single_family,single_family,single_family,170318122002,0.0,False
170318122002004,812200,2,2004,12,43,12892,12.0,12.0,12.0,12.0,12.0,0.0,0.0,0.0,0.0,0.0,0.0,12.0,1.0,0.0,0.0,single_family,single_family,single_family,single_family,170318122002,0.0,False
170318122002005,812200,2,2005,13,26,12995,13.0,13.0,13.0,13.0,13.0,0.0,0.0,0.0,0.0,0.0,0.0,13.0,1.0,0.0,0.0,single_family,single_family,single_family,single_family,170318122002,0.0,False
170318122002006,812200,2,2006,13,44,10795,13.0,13.0,13.0,13.0,13.0,0.0,0.0,0.0,0.0,0.0,0.0,13.0,1.0,0.0,0.0,single_family,single_family,single_family,single_family,170318122002,0.0,False
170318122002007,812200,2,2007,9,43,10882,10.0,9.0,9.0,9.0,9.0,0.0,0.0,0.0,0.0,0.0,0.0,9.0,1.0,0.0,0.0,single_family,single_family,single_family,single_family,170318122002,0.0,False
170318122002008,812200,2,2008,5,20,15175,6.0,5.0,5.0,5.0,5.0,0.0,0.0,0.0,0.0,0.0,0.0,5.0,1.0,0.0,0.0,single_family,single_family,single_family,single_family,170318122002,0.0,False
170318122002009,812200,2,2009,13,30,10822,13.0,13.0,13.0,13.0,13.0,0.0,0.0,0.0,0.0,0.0,0.0,13.0,1.0,0.0,0.0,single_family,single_family,single_family,single_family,170318122002,0.0,False
170318122002010,812200,2,2010,13,34,10920,13.0,13.0,13.0,13.0,13.0,0.0,0.0,0.0,0.0,0.0,0.0,13.0,1.0,0.0,0.0,single_family,single_family,single_family,single_family,170318122002,0.0,False
170318122002011,812200,2,2011,12,49,10770,12.0,12.0,12.0,12.0,12.0,0.0,0.0,0.0,0.0,0.0,0.0,12.0,1.0,0.0,0.0,single_family,single_family,single_family,single_family,170318122002,0.0,False
170318122002012,812200,2,2012,12,27,10736,12.0,12.0,12.0,12.0,12.0,0.0,0.0,0.0,0.0,0.0,0.0,12.0,1.0,0.0,0.0,single_family,single_family,single_family,single_family,170318122002,0.0,False
170318122002013,812200,2,2013,12,30,10772,12.0,12.0,12.0,12.0,12.0,0.0,0.0,0.0,0.0,0.0,0.0,12.0,1.0,0.0,0.0,single_family,single_family,single_family,single_family,170318122002,0.0,False
170318122002014,812200,2,2014,2,19,6485,5.0,2.0,2.0,2.0,2.0,0.0,0.0,0.0,0.0,0.0,0.0,2.0,1.0,0.0,0.0,single_family,single_family,single_family,single_family,170318122002,0.0,False
170318122002015,812200,2,2015,24,56,20770,24.0,24.0,24.0,24.0,24.0,0.0,0.0,0.0,0.0,0.0,0.0,24.0,1.0,0.0,0.0,single_family,single_family,single_family,single_family,170318122002,0.0,False
170318122002016,812200,2,2016,7,24,6841,7.0,7.0,7.0,7.0,7.0,0.0,0.0,0.0,0.0,0.0,0.0,7.0,1.0,0.0,0.0,single_family,single_family,single_family,single_family,170318122002,0.0,False
170318122002017,812200,2,2017,0,0,45732,1.0,0.0,0.0,0.0,0.0,0.0,0.0,0.0,0.0,0.0,0.0,0.0,0.0,0.0,0.0,no_housing,no_housing,no_housing,no_housing,170318122002,0.0,False
170318122002018,812200,2,2018,12,38,14324,12.0,12.0,12.0,12.0,12.0,0.0,0.0,0.0,0.0,0.0,0.0,12.0,1.0,0.0,0.0,single_family,single_family,single_family,single_family,170318122002,0.0,False
170318122002019,812200,2,2019,12,35,14359,12.0,12.0,12.0,12.0,12.0,0.0,0.0,0.0,0.0,0.0,0.0,12.0,1.0,0.0,0.0,single_family,single_family,single_family,single_family,170318122002,0.0,False
170318122002020,812200,2,2020,12,36,14292,12.0,12.0,12.0,12.0,12.0,0.0,0.0,0.0,0.0,0.0,0.0,12.0,1.0,0.0,0.0,single_family,single_family,single_family,single_family,170318122002,0.0,False
170318122002021,812200,2,2021,12,31,14357,12.0,12.0,12.0,12.0,12.0,0.0,0.0,0.0,0.0,0.0,0.0,12.0,1.0,0.0,0.0,single_family,single_family,single_family,single_family,170318122002,0.0,False
170318122002022,812200,2,2022,12,32,10757,12.0,12.0,12.0,12.0,12.0,0.0,0.0,0.0,0.0,0.0,0.0,12.0,1.0,0.0,0.0,single_family,single_family,single_family,single_family,170318122002,0.0,False
170318122002023,812200,2,2023,12,29,10781,12.0,11.0,11.0,11.0,11.0,0.0,0.0,0.0,0.0,0.0,0.0,11.0,1.0,0.0,0.0,single_family,single_family,single_family,single_family,170318122002,1.0,False
170318122002024,812200,2,2024,11,38,10705,12.0,11.0,11.0,11.0,11.0,0.0,0.0,0.0,0.0,0.0,0.0,11.0,1.0,0.0,0.0,single_family,single_family,single_family,single_family,170318122002,0.0,False
170318122003000,812200,3,3000,26,80,21784,26.0,26.0,26.0,26.0,26.0,0.0,0.0,0.0,0.0,0.0,0.0,26.0,1.0,0.0,0.0,single_family,single_family,single_family,single_family,170318122003,0.0,False
170318122003001,812200,3,3001,12,35,12559,12.0,12.0,12.0,12.0,12.0,0.0,0.0,0.0,0.0,0.0,0.0,12.0,1.0,0.0,0.0,single_family,single_family,single_family,single_family,170318122003,0.0,False
170318122003002,812200,3,3002,12,49,12625,12.0,12.0,12.0,12.0,12.0,0.0,0.0,0.0,0.0,0.0,0.0,12.0,1.0,0.0,0.0,single_family,single_family,single_family,single_family,170318122003,0.0,False
170318122003003,812200,3,3003,12,47,12398,12.0,12.0,12.0,12.0,12.0,0.0,0.0,0.0,0.0,0.0,0.0,12.0,1.0,0.0,0.0,single_family,single_family,single_family,single_family,170318122003,0.0,False
170318122003004,812200,3,3004,12,45,11703,12.0,12.0,12.0,12.0,12.0,0.0,0.0,0.0,0.0,0.0,0.0,12.0,1.0,0.0,0.0,single_family,single_family,single_family,single_family,170318122003,0.0,False
170318122003005,812200,3,3005,0,0,4166,0.0,0.0,0.0,0.0,0.0,0.0,0.0,0.0,0.0,0.0,0.0,0.0,0.0,0.0,0.0,no_housing,no_housing,no_housing,no_housing,170318122003,0.0,False
170318122003006,812200,3,3006,12,50,11232,12.0,12.0,12.0,12.0,12.0,0.0,0.0,0.0,0.0,0.0,0.0,12.0,1.0,0.0,0.0,single_family,single_family,single_family,single_family,170318122003,0.0,False
170318122003007,812200,3,3007,12,33,11700,12.0,12.0,12.0,12.0,12.0,0.0,0.0,0.0,0.0,0.0,0.0,12.0,1.0,0.0,0.0,single_family,single_family,single_family,single_family,170318122003,0.0,False
170318122003008,812200,3,3008,11,27,13733,11.0,11.0,11.0,11.0,11.0,0.0,0.0,0.0,0.0,0.0,0.0,11.0,1.0,0.0,0.0,single_family,single_family,single_family,single_family,170318122003,0.0,False
170318122003009,812200,3,3009,12,51,12818,12.0,12.0,12.0,12.0,12.0,0.0,0.0,0.0,0.0,0.0,0.0,12.0,1.0,0.0,0.0,single_family,single_family,single_family,single_family,170318122003,0.0,False
170318122003010,812200,3,3010,12,50,12928,12.0,12.0,12.0,12.0,12.0,0.0,0.0,0.0,0.0,0.0,0.0,12.0,1.0,0.0,0.0,single_family,single_family,single_family,single_family,170318122003,0.0,False
170318122003011,812200,3,3011,12,43,12913,12.0,12.0,12.0,12.0,12.0,0.0,0.0,0.0,0.0,0.0,0.0,12.0,1.0,0.0,0.0,single_family,single_family,single_family,single_family,170318122003,0.0,False
170318122003012,812200,3,3012,24,73,25800,26.0,25.0,25.0,25.0,25.0,0.0,0.0,0.0,0.0,0.0,0.0,25.0,1.0,0.0,0.0,single_family,single_family,single_family,single_family,170318122003,-1.0,False
170318122003013,812200,3,3013,13,46,12990,12.0,12.0,12.0,12.0,12.0,0.0,0.0,0.0,0.0,0.0,0.0,12.0,1.0,0.0,0.0,single_family,single_family,single_family,single_family,170318122003,1.0,False
170318122003014,812200,3,3014,71,94,12902,77.0,101.0,11.0,0.0,0.0,21.0,5.0,80.0,6.0,0.0,80.0,101.0,0.0,0.2079,0.7921,large_mf_7plus,large_mf_7plus,large_mf_7plus,large_mf_7plus,170318122003,-30.0,False
170318122003015,812200,3,3015,35,54,12942,39.0,31.0,14.0,12.0,12.0,0.0,0.0,19.0,2.0,0.0,19.0,31.0,0.3871,0.0,0.6129,large_mf_7plus,large_mf_7plus,large_mf_7plus,large_mf_7plus,170318122003,4.0,False
170318122003016,812200,3,3016,13,53,12926,13.0,13.0,13.0,13.0,13.0,0.0,0.0,0.0,0.0,0.0,0.0,13.0,1.0,0.0,0.0,single_family,single_family,single_family,single_family,170318122003,0.0,False
170318122003017,812200,3,3017,25,82,25766,25.0,25.0,25.0,25.0,25.0,0.0,0.0,0.0,0.0,0.0,0.0,25.0,1.0,0.0,0.0,single_family,single_family,single_family,single_family,170318122003,0.0,False
170318122003018,812200,3,3018,27,67,25773,27.0,27.0,27.0,27.0,27.0,0.0,0.0,0.0,0.0,0.0,0.0,27.0,1.0,0.0,0.0,single_family,single_family,single_family,single_family,170318122003,0.0,False
170318122003019,812200,3,3019,11,24,26558,13.0,11.0,11.0,11.0,11.0,0.0,0.0,0.0,0.0,0.0,0.0,11.0,1.0,0.0,0.0,single_family,single_family,single_family,single_family,170318122003,0.0,False
170318122003020,812200,3,3020,0,0,22877,1.0,0.0,0.0,0.0,0.0,0.0,0.0,0.0,0.0,0.0,0.0,0.0,0.0,0.0,0.0,no_housing,no_housing,no_housing,no_housing,170318122003,0.0,False
170318122003021,812200,3,3021,0,0,4238,0.0,0.0,0.0,0.0,0.0,0.0,0.0,0.0,0.0,0.0,0.0,0.0,0.0,0.0,0.0,no_housing,no_housing,no_housing,no_housing,170318122003,0.0,False
170318122003022,812200,3,3022,12,38,11640,12.0,12.0,12.0,12.0,12.0,0.0,0.0,0.0,0.0,0.0,0.0,12.0,1.0,0.0,0.0,single_family,single_family,single_family,single_family,170318122003,0.0,False
170318122003023,812200,3,3023,11,24,12274,11.0,11.0,11.0,11.0,11.0,0.0,0.0,0.0,0.0,0.0,0.0,11.0,1.0,0.0,0.0,single_family,single_family,single_family,single_family,170318122003,0.0,False
170318122003024,812200,3,3024,12,38,12646,12.0,12.0,12.0,12.0,12.0,0.0,0.0,0.0,0.0,0.0,0.0,12.0,1.0,0.0,0.0,single_family,single_family,single_family,single_family,170318122003,0.0,False
170318122003025,812200,3,3025,12,35,12676,12.0,12.0,12.0,12.0,12.0,0.0,0.0,0.0,0.0,0.0,0.0,12.0,1.0,0.0,0.0,single_family,single_family,single_family,single_family,170318122003,0.0,False
170318122003026,812200,3,3026,24,52,21503,24.0,24.0,24.0,24.0,24.0,0.0,0.0,0.0,0.0,0.0,0.0,24.0,1.0,0.0,0.0,single_family,single_family,single_family,single_family,170318122003,0.0,False
170318122004000,812200,4,4000,1,7,5736,5.0,2.0,1.0,0.0,0.0,2.0,1.0,0.0,0.0,0.0,0.0,2.0,0.0,1.0,0.0,small_mf_2_6,small_mf_2_6,small_mf_2_6,small_mf_2_6,170318122004,-1.0,False
170318122004001,812200,4,4001,0,0,7087,8.0,0.0,0.0,0.0,0.0,0.0,0.0,0.0,0.0,0.0,0.0,0.0,0.0,0.0,0.0,no_housing,no_housing,no_housing,no_housing,170318122004,0.0,False
170318122004002,812200,4,4002,1,3,6829,12.0,2.0,1.0,0.0,0.0,2.0,1.0,0.0,0.0,0.0,0.0,2.0,0.0,1.0,0.0,small_mf_2_6,small_mf_2_6,small_mf_2_6,small_mf_2_6,170318122004,-1.0,False
170318122004003,812200,4,4003,17,55,18151,17.0,17.0,17.0,17.0,17.0,0.0,0.0,0.0,0.0,0.0,0.0,17.0,1.0,0.0,0.0,single_family,single_family,single_family,single_family,170318122004,0.0,False
170318122004004,812200,4,4004,0,0,2866,0.0,0.0,0.0,0.0,0.0,0.0,0.0,0.0,0.0,0.0,0.0,0.0,0.0,0.0,0.0,no_housing,no_housing,no_housing,no_housing,170318122004,0.0,False
170318122004005,812200,4,4005,5,56,6371,3.0,8.0,2.0,0.0,0.0,8.0,2.0,0.0,0.0,0.0,0.0,8.0,0.0,1.0,0.0,small_mf_2_6,small_mf_2_6,small_mf_2_6,small_mf_2_6,170318122004,-3.0,False
170318122004006,812200,4,4006,14,21,7416,10.0,17.0,2.0,0.0,0.0,0.0,0.0,17.0,2.0,0.0,17.0,17.0,0.0,0.0,1.0,large_mf_7plus,large_mf_7plus,large_mf_7plus,large_mf_7plus,170318122004,-3.0,False
170318122004007,812200,4,4007,2,6,7054,13.0,8.0,2.0,0.0,0.0,4.0,1.0,4.0,1.0,0.0,4.0,8.0,0.0,0.5,0.5,small_mf_2_6,small_mf_2_6,small_mf_2_6,small_mf_2_6,170318122004,-6.0,False
170318122004008,812200,4,4008,18,51,25405,29.0,18.0,18.0,18.0,18.0,0.0,0.0,0.0,0.0,0.0,0.0,18.0,1.0,0.0,0.0,single_family,single_family,single_family,single_family,170318122004,0.0,False
170318122004009,812200,4,4009,1,8,2932,0.0,0.0,0.0,0.0,0.0,0.0,0.0,0.0,0.0,0.0,0.0,0.0,0.0,0.0,0.0,no_housing,no_housing,no_housing,no_housing,170318122004,1.0,False
170318122004010,812200,4,4010,0,0,14895,3.0,0.0,0.0,0.0,0.0,0.0,0.0,0.0,0.0,0.0,0.0,0.0,0.0,0.0,0.0,no_housing,no_housing,no_housing,no_housing,170318122004,0.0,False
170318122004011,812200,4,4011,18,29,18949,18.0,18.0,18.0,18.0,18.0,0.0,0.0,0.0,0.0,0.0,0.0,18.0,1.0,0.0,0.0,single_family,single_family,single_family,single_family,170318122004,0.0,False
170318122004012,812200,4,4012,12,33,78200,13.0,12.0,12.0,12.0,12.0,0.0,0.0,0.0,0.0,0.0,0.0,12.0,1.0,0.0,0.0,single_family,single_family,single_family,single_family,170318122004,0.0,False
170318122004013,812200,4,4013,8,39,9962,8.0,8.0,8.0,8.0,8.0,0.0,0.0,0.0,0.0,0.0,0.0,8.0,1.0,0.0,0.0,single_family,single_family,single_family,single_family,170318122004,0.0,False
170318122004014,812200,4,4014,8,35,8473,8.0,8.0,8.0,8.0,8.0,0.0,0.0,0.0,0.0,0.0,0.0,8.0,1.0,0.0,0.0,single_family,single_family,single_family,single_family,170318122004,0.0,False
170318122004015,812200,4,4015,12,30,11691,12.0,12.0,12.0,12.0,12.0,0.0,0.0,0.0,0.0,0.0,0.0,12.0,1.0,0.0,0.0,single_family,single_family,single_family,single_family,170318122004,0.0,False
170318122004016,812200,4,4016,12,39,11225,12.0,12.0,12.0,12.0,12.0,0.0,0.0,0.0,0.0,0.0,0.0,12.0,1.0,0.0,0.0,single_family,single_family,single_family,single_family,170318122004,0.0,False
170318122004017,812200,4,4017,0,0,4159,0.0,0.0,0.0,0.0,0.0,0.0,0.0,0.0,0.0,0.0,0.0,0.0,0.0,0.0,0.0,no_housing,no_housing,no_housing,no_housing,170318122004,0.0,False
170318122004018,812200,4,4018,12,48,11839,12.0,12.0,12.0,12.0,12.0,0.0,0.0,0.0,0.0,0.0,0.0,12.0,1.0,0.0,0.0,single_family,single_family,single_family,single_family,170318122004,0.0,False
170318122004019,812200,4,4019,12,38,12441,12.0,12.0,12.0,12.0,12.0,0.0,0.0,0.0,0.0,0.0,0.0,12.0,1.0,0.0,0.0,single_family,single_family,single_family,single_family,170318122004,0.0,False
170318122004020,812200,4,4020,8,29,9063,8.0,8.0,8.0,8.0,8.0,0.0,0.0,0.0,0.0,0.0,0.0,8.0,1.0,0.0,0.0,single_family,single_family,single_family,single_family,170318122004,0.0,False
170318122004021,812200,4,4021,9,14,9190,9.0,9.0,9.0,9.0,9.0,0.0,0.0,0.0,0.0,0.0,0.0,9.0,1.0,0.0,0.0,single_family,single_family,single_family,single_family,170318122004,0.0,False
170318122004022,812200,4,4022,9,15,9169,9.0,9.0,9.0,9.0,9.0,0.0,0.0,0.0,0.0,0.0,0.0,9.0,1.0,0.0,0.0,single_family,single_family,single_family,single_family,170318122004,0.0,False
170318122004023,812200,4,4023,11,31,7364,11.0,11.0,11.0,11.0,11.0,0.0,0.0,0.0,0.0,0.0,0.0,11.0,1.0,0.0,0.0,single_family,single_family,single_family,single_family,170318122004,0.0,False
170318122004024,812200,4,4024,11,39,7435,11.0,11.0,11.0,11.0,11.0,0.0,0.0,0.0,0.0,0.0,0.0,11.0,1.0,0.0,0.0,single_family,single_family,single_family,single_family,170318122004,0.0,False
170318122004025,812200,4,4025,11,40,9059,11.0,11.0,11.0,11.0,11.0,0.0,0.0,0.0,0.0,0.0,0.0,11.0,1.0,0.0,0.0,single_family,single_family,single_family,single_family,170318122004,0.0,False
170318122004026,812200,4,4026,11,24,8993,12.0,11.0,11.0,11.0,11.0,0.0,0.0,0.0,0.0,0.0,0.0,11.0,1.0,0.0,0.0,single_family,single_family,single_family,single_family,170318122004,0.0,False
170318122004027,812200,4,4027,12,24,12648,12.0,12.0,12.0,12.0,12.0,0.0,0.0,0.0,0.0,0.0,0.0,12.0,1.0,0.0,0.0,single_family,single_family,single_family,single_family,170318122004,0.0,False
170318122004028,812200,4,4028,12,21,12630,12.0,12.0,12.0,12.0,12.0,0.0,0.0,0.0,0.0,0.0,0.0,12.0,1.0,0.0,0.0,single_family,single_family,single_family,single_family,170318122004,0.0,False
170318122004029,812200,4,4029,9,30,9423,9.0,9.0,9.0,9.0,9.0,0.0,0.0,0.0,0.0,0.0,0.0,9.0,1.0,0.0,0.0,single_family,single_family,single_family,single_family,170318122004,0.0,False
170318122004030,812200,4,4030,9,22,9381,9.0,9.0,9.0,9.0,9.0,0.0,0.0,0.0,0.0,0.0,0.0,9.0,1.0,0.0,0.0,single_family,single_family,single_family,single_family,170318122004,0.0,False
170318122004031,812200,4,4031,12,28,13005,12.0,12.0,12.0,12.0,12.0,0.0,0.0,0.0,0.0,0.0,0.0,12.0,1.0,0.0,0.0,single_family,single_family,single_family,single_family,170318122004,0.0,False
170318122004032,812200,4,4032,63,113,12942,84.0,62.0,61.0,60.0,60.0,2.0,1.0,0.0,0.0,0.0,0.0,62.0,0.9677,0.0323,0.0,single_family,mixed,single_family,single_family,170318122004,1.0,False
170318123011000,812301,1,1000,192,294,44767,191.0,200.0,26.0,20.0,20.0,2.0,1.0,178.0,5.0,0.0,178.0,200.0,0.1,0.01,0.89,large_mf_7plus,large_mf_7plus,large_mf_7plus,large_mf_7plus,170318123011,-8.0,False
170318123011001,812301,1,1001,11,51,10297,8.0,8.0,8.0,8.0,8.0,0.0,0.0,0.0,0.0,0.0,0.0,8.0,1.0,0.0,0.0,single_family,single_family,single_family,single_family,170318123011,3.0,False
170318123011002,812301,1,1002,7,29,5054,7.0,6.0,6.0,6.0,6.0,0.0,0.0,0.0,0.0,0.0,0.0,6.0,1.0,0.0,0.0,single_family,single_family,single_family,single_family,170318123011,1.0,False
170318123011003,812301,1,1003,40,82,4390,40.0,40.0,1.0,0.0,0.0,0.0,0.0,40.0,1.0,0.0,40.0,40.0,0.0,0.0,1.0,large_mf_7plus,large_mf_7plus,large_mf_7plus,large_mf_7plus,170318123011,0.0,False
170318123011004,812301,1,1004,40,62,9111,30.0,43.0,10.0,3.0,3.0,8.0,4.0,32.0,3.0,11.0,28.0,39.0,0.0698,0.186,0.7442,large_mf_7plus,large_mf_7plus,large_mf_7plus,large_mf_7plus,170318123011,-3.0,False
170318123011005,812301,1,1005,61,119,9960,66.0,63.0,7.0,3.0,3.0,2.0,1.0,58.0,3.0,0.0,58.0,63.0,0.0476,0.0317,0.9206,large_mf_7plus,large_mf_7plus,large_mf_7plus,large_mf_7plus,170318123011,-2.0,False
170318123011006,812301,1,1006,54,86,9326,46.0,54.0,6.0,1.0,1.0,2.0,1.0,51.0,4.0,0.0,51.0,54.0,0.0185,0.037,0.9444,large_mf_7plus,large_mf_7plus,large_mf_7plus,large_mf_7plus,170318123011,0.0,False
170318123011007,812301,1,1007,40,58,4419,30.0,37.0,7.0,0.0,0.0,13.0,6.0,24.0,1.0,0.0,24.0,37.0,0.0,0.3514,0.6486,large_mf_7plus,large_mf_7plus,large_mf_7plus,large_mf_7plus,170318123011,3.0,False
170318123011008,812301,1,1008,5,24,4962,5.0,5.0,4.0,3.0,3.0,2.0,1.0,0.0,0.0,0.0,0.0,5.0,0.6,0.4,0.0,mixed,mixed,mixed,mixed,170318123011,0.0,False
170318123012000,812301,2,2000,54,111,7833,21.0,52.0,10.0,0.0,0.0,36.0,9.0,16.0,1.0,0.0,16.0,52.0,0.0,0.6923,0.3077,small_mf_2_6,small_mf_2_6,small_mf_2_6,small_mf_2_6,170318123012,2.0,False
170318123012001,812301,2,2001,386,528,28332,105.0,391.0,4.0,0.0,0.0,0.0,0.0,391.0,4.0,0.0,391.0,391.0,0.0,0.0,1.0,large_mf_7plus,large_mf_7plus,large_mf_7plus,large_mf_7plus,170318123012,-5.0,False
170318123012002,812301,2,2002,331,229,44382,71.0,339.0,18.0,14.0,14.0,0.0,0.0,325.0,4.0,12.0,320.0,334.0,0.0413,0.0,0.9587,large_mf_7plus,large_mf_7plus,large_mf_7plus,large_mf_7plus,170318123012,-8.0,False
170318123012003,812301,2,2003,253,368,15301,75.0,59.0,6.0,0.0,0.0,14.0,5.0,45.0,1.0,0.0,45.0,59.0,0.0,0.2373,0.7627,large_mf_7plus,large_mf_7plus,large_mf_7plus,large_mf_7plus,170318123012,194.0,True
170318123012004,812301,2,2004,181,200,14057,14.0,570.0,5.0,0.0,0.0,8.0,2.0,562.0,3.0,358.0,218.0,226.0,0.0,0.014,0.986,large_mf_7plus,large_mf_7plus,large_mf_7plus,large_mf_7plus,170318123012,-389.0,False
170318123012005,812301,2,2005,111,105,21972,24.0,129.0,6.0,0.0,0.0,3.0,1.0,126.0,5.0,0.0,126.0,129.0,0.0,0.0233,0.9767,large_mf_7plus,large_mf_7plus,large_mf_7plus,large_mf_7plus,170318123012,-18.0,False
170318123012006,812301,2,2006,439,674,49738,74.0,475.0,15.0,6.0,6.0,6.0,3.0,463.0,6.0,0.0,463.0,475.0,0.0126,0.0126,0.9747,large_mf_7plus,large_mf_7plus,large_mf_7plus,large_mf_7plus,170318123012,-36.0,False
170318123012007,812301,2,2007,0,0,3271,2.0,0.0,0.0,0.0,0.0,0.0,0.0,0.0,0.0,0.0,0.0,0.0,0.0,0.0,0.0,no_housing,no_housing,no_housing,no_housing,170318123012,0.0,False
170318123012008,812301,2,2008,0,0,3352,0.0,0.0,0.0,0.0,0.0,0.0,0.0,0.0,0.0,0.0,0.0,0.0,0.0,0.0,0.0,no_housing,no_housing,no_housing,no_housing,170318123012,0.0,False
170318123012009,812301,2,2009,277,379,21144,37.0,294.0,9.0,0.0,0.0,20.0,6.0,274.0,3.0,0.0,274.0,294.0,0.0,0.068,0.932,large_mf_7plus,large_mf_7plus,large_mf_7plus,large_mf_7plus,170318123012,-17.0,False
170318123012010,812301,2,2010,44,75,14363,124.0,110.0,1.0,0.0,0.0,0.0,0.0,110.0,1.0,0.0,110.0,110.0,0.0,0.0,1.0,large_mf_7plus,large_mf_7plus,large_mf_7plus,large_mf_7plus,170318123012,-66.0,False
170318123012011,812301,2,2011,0,0,6516,5.0,0.0,0.0,0.0,0.0,0.0,0.0,0.0,0.0,0.0,0.0,0.0,0.0,0.0,0.0,no_housing,no_housing,no_housing,no_housing,170318123012,0.0,False
170318123012012,812301,2,2012,0,0,7400,6.0,0.0,0.0,0.0,0.0,0.0,0.0,0.0,0.0,0.0,0.0,0.0,0.0,0.0,0.0,no_housing,no_housing,no_housing,no_housing,170318123012,0.0,False
170318123012013,812301,2,2013,0,0,1630,0.0,0.0,0.0,0.0,0.0,0.0,0.0,0.0,0.0,0.0,0.0,0.0,0.0,0.0,0.0,no_housing,no_housing,no_housing,no_housing,170318123012,0.0,False
170318123012014,812301,2,2014,0,0,6250,1.0,0.0,0.0,0.0,0.0,0.0,0.0,0.0,0.0,0.0,0.0,0.0,0.0,0.0,0.0,no_housing,no_housing,no_housing,no_housing,170318123012,0.0,False
170318123012015,812301,2,2015,0,0,5643,0.0,0.0,0.0,0.0,0.0,0.0,0.0,0.0,0.0,0.0,0.0,0.0,0.0,0.0,0.0,no_housing,no_housing,no_housing,no_housing,170318123012,0.0,False
170318123012016,812301,2,2016,0,0,3976,0.0,0.0,0.0,0.0,0.0,0.0,0.0,0.0,0.0,0.0,0.0,0.0,0.0,0.0,0.0,no_housing,no_housing,no_housing,no_housing,170318123012,0.0,False
170318123012017,812301,2,2017,0,0,3494,1.0,0.0,0.0,0.0,0.0,0.0,0.0,0.0,0.0,0.0,0.0,0.0,0.0,0.0,0.0,no_housing,no_housing,no_housing,no_housing,170318123012,0.0,False
170318123012018,812301,2,2018,0,0,1996,0.0,0.0,0.0,0.0,0.0,0.0,0.0,0.0,0.0,0.0,0.0,0.0,0.0,0.0,0.0,no_housing,no_housing,no_housing,no_housing,170318123012,0.0,False
170318123013000,812301,3,3000,128,192,22761,142.0,149.0,8.0,6.0,6.0,0.0,0.0,143.0,2.0,0.0,143.0,149.0,0.0403,0.0,0.9597,large_mf_7plus,large_mf_7plus,large_mf_7plus,large_mf_7plus,170318123013,-21.0,False
170318123013001,812301,3,3001,87,137,15469,86.0,84.0,4.0,0.0,0.0,8.0,2.0,76.0,2.0,0.0,76.0,84.0,0.0,0.0952,0.9048,large_mf_7plus,large_mf_7plus,large_mf_7plus,large_mf_7plus,170318123013,3.0,False
170318123013002,812301,3,3002,129,181,15217,93.0,137.0,14.0,7.0,7.0,6.0,1.0,124.0,6.0,0.0,124.0,137.0,0.0511,0.0438,0.9051,large_mf_7plus,large_mf_7plus,large_mf_7plus,large_mf_7plus,170318123013,-8.0,False
170318123013003,812301,3,3003,3,12,14207,12.0,0.0,0.0,0.0,0.0,0.0,0.0,0.0,0.0,0.0,0.0,0.0,0.0,0.0,0.0,no_housing,no_housing,no_housing,no_housing,170318123013,3.0,False
170318123013004,812301,3,3004,56,104,6127,27.0,56.0,2.0,0.0,0.0,0.0,0.0,56.0,2.0,0.0,56.0,56.0,0.0,0.0,1.0,large_mf_7plus,large_mf_7plus,large_mf_7plus,large_mf_7plus,170318123013,0.0,False
170318123013005,812301,3,3005,0,0,21392,1.0,0.0,0.0,0.0,0.0,0.0,0.0,0.0,0.0,0.0,0.0,0.0,0.0,0.0,0.0,no_housing,no_housing,no_housing,no_housing,170318123013,0.0,False
170318123013006,812301,3,3006,31,74,5458,80.0,80.0,1.0,0.0,0.0,0.0,0.0,80.0,1.0,0.0,80.0,80.0,0.0,0.0,1.0,large_mf_7plus,large_mf_7plus,large_mf_7plus,large_mf_7plus,170318123013,-49.0,False
170318123013007,812301,3,3007,32,84,13565,37.0,32.0,5.0,4.0,4.0,0.0,0.0,28.0,1.0,0.0,28.0,32.0,0.125,0.0,0.875,large_mf_7plus,large_mf_7plus,large_mf_7plus,large_mf_7plus,170318123013,0.0,False
170318123013008,812301,3,3008,105,171,21620,71.0,118.0,3.0,0.0,0.0,0.0,0.0,118.0,3.0,0.0,118.0,118.0,0.0,0.0,1.0,large_mf_7plus,large_mf_7plus,large_mf_7plus,large_mf_7plus,170318123013,-13.0,False
170318123013009,812301,3,3009,28,43,7852,50.0,45.0,1.0,0.0,0.0,0.0,0.0,45.0,1.0,0.0,45.0,45.0,0.0,0.0,1.0,large_mf_7plus,large_mf_7plus,large_mf_7plus,large_mf_7plus,170318123013,-17.0,False
170318123013010,812301,3,3010,94,163,22437,58.0,323.0,7.0,0.0,0.0,5.0,2.0,318.0,5.0,172.0,160.0,165.0,0.0,0.0155,0.9845,large_mf_7plus,large_mf_7plus,large_mf_7plus,large_mf_7plus,170318123013,-229.0,False
170318123013011,812301,3,3011,21,30,12121,26.0,36.0,6.0,0.0,0.0,17.0,3.0,19.0,3.0,7.0,19.0,36.0,0.0,0.4722,0.5278,large_mf_7plus,large_mf_7plus,large_mf_7plus,large_mf_7plus,170318123013,-15.0,False
170318123013012,812301,3,3012,0,0,3056,0.0,0.0,0.0,0.0,0.0,0.0,0.0,0.0,0.0,0.0,0.0,0.0,0.0,0.0,0.0,no_housing,no_housing,no_housing,no_housing,170318123013,0.0,False
170318123013013,812301,3,3013,0,0,6784,0.0,0.0,0.0,0.0,0.0,0.0,0.0,0.0,0.0,0.0,0.0,0.0,0.0,0.0,0.0,no_housing,no_housing,no_housing,no_housing,170318123013,0.0,False
170318123013014,812301,3,3014,0,0,13179,1.0,0.0,0.0,0.0,0.0,0.0,0.0,0.0,0.0,0.0,0.0,0.0,0.0,0.0,0.0,no_housing,no_housing,no_housing,no_housing,170318123013,0.0,False
170318123013015,812301,3,3015,78,151,17997,85.0,77.0,77.0,77.0,77.0,0.0,0.0,0.0,0.0,0.0,0.0,77.0,1.0,0.0,0.0,single_family,single_family,single_family,single_family,170318123013,1.0,False
170318123013016,812301,3,3016,123,162,15187,4.0,125.0,1.0,0.0,0.0,0.0,0.0,125.0,1.0,0.0,125.0,125.0,0.0,0.0,1.0,large_mf_7plus,large_mf_7plus,large_mf_7plus,large_mf_7plus,170318123013,-2.0,False
170318123013017,812301,3,3017,0,0,6148,0.0,0.0,0.0,0.0,0.0,0.0,0.0,0.0,0.0,0.0,0.0,0.0,0.0,0.0,0.0,no_housing,no_housing,no_housing,no_housing,170318123013,0.0,False
170318123021000,812302,1,1000,13,39,12498,14.0,13.0,13.0,13.0,13.0,0.0,0.0,0.0,0.0,0.0,0.0,13.0,1.0,0.0,0.0,single_family,single_family,single_family,single_family,170318123021,0.0,False
170318123021001,812302,1,1001,13,49,12355,18.0,16.0,16.0,16.0,16.0,0.0,0.0,0.0,0.0,0.0,0.0,16.0,1.0,0.0,0.0,single_family,single_family,single_family,single_family,170318123021,-3.0,False
170318123021002,812302,1,1002,28,74,26429,30.0,30.0,29.0,28.0,28.0,2.0,1.0,0.0,0.0,0.0,0.0,30.0,0.9333,0.0667,0.0,mixed,mixed,single_family,mixed,170318123021,-2.0,False
170318123021003,812302,1,1003,35,103,25576,34.0,37.0,33.0,29.0,29.0,8.0,4.0,0.0,0.0,0.0,0.0,37.0,0.7838,0.2162,0.0,mixed,mixed,mixed,mixed,170318123021,-2.0,False
170318123021004,812302,1,1004,36,89,25566,29.0,34.0,29.0,24.0,24.0,10.0,5.0,0.0,0.0,0.0,0.0,34.0,0.7059,0.2941,0.0,mixed,mixed,mixed,mixed,170318123021,2.0,False
170318123021005,812302,1,1005,57,88,25672,119.0,118.0,31.0,27.0,27.0,2.0,1.0,89.0,3.0,0.0,89.0,118.0,0.2288,0.0169,0.7542,large_mf_7plus,large_mf_7plus,large_mf_7plus,large_mf_7plus,170318123021,-61.0,False
170318123021006,812302,1,1006,82,163,25590,81.0,97.0,38.0,28.0,28.0,24.0,8.0,45.0,2.0,0.0,45.0,97.0,0.2887,0.2474,0.4639,mixed,mixed,mixed,mixed,170318123021,-15.0,False
170318123021007,812302,1,1007,33,100,25548,27.0,30.0,25.0,20.0,20.0,10.0,5.0,0.0,0.0,0.0,0.0,30.0,0.6667,0.3333,0.0,mixed,mixed,mixed,mixed,170318123021,3.0,False
170318123021008,812302,1,1008,23,74,18931,20.0,22.0,19.0,17.0,17.0,5.0,2.0,0.0,0.0,0.0,0.0,22.0,0.7727,0.2273,0.0,mixed,mixed,mixed,mixed,170318123021,1.0,False
170318123021009,812302,1,1009,28,69,26302,33.0,29.0,29.0,29.0,29.0,0.0,0.0,0.0,0.0,0.0,0.0,29.0,1.0,0.0,0.0,single_family,single_family,single_family,single_family,170318123021,-1.0,False
170318123021010,812302,1,1010,14,32,12399,14.0,14.0,14.0,14.0,14.0,0.0,0.0,0.0,0.0,0.0,0.0,14.0,1.0,0.0,0.0,single_family,single_family,single_family,single_family,170318123021,0.0,False
170318123021011,812302,1,1011,15,42,12397,13.0,14.0,12.0,10.0,10.0,4.0,2.0,0.0,0.0,0.0,0.0,14.0,0.7143,0.2857,0.0,mixed,mixed,mixed,mixed,170318123021,1.0,False
170318123021012,812302,1,1012,9,37,6635,9.0,9.0,9.0,9.0,9.0,0.0,0.0,0.0,0.0,0.0,0.0,9.0,1.0,0.0,0.0,single_family,single_family,single_family,single_family,170318123021,0.0,False
170318123022000,812302,2,2000,52,139,49658,45.0,53.0,44.0,36.0,36.0,17.0,8.0,0.0,0.0,0.0,0.0,53.0,0.6792,0.3208,0.0,mixed,mixed,mixed,mixed,170318123022,-1.0,False
170318123022001,812302,2,2001,66,172,49280,55.0,63.0,53.0,46.0,46.0,17.0,7.0,0.0,0.0,0.0,0.0,63.0,0.7302,0.2698,0.0,mixed,mixed,mixed,mixed,170318123022,3.0,False
170318123022002,812302,2,2002,52,152,37049,50.0,52.0,48.0,44.0,44.0,8.0,4.0,0.0,0.0,0.0,0.0,52.0,0.8462,0.1538,0.0,mixed,mixed,mixed,mixed,170318123022,0.0,False
170318123022003,812302,2,2003,97,200,44702,52.0,91.0,46.0,39.0,39.0,16.0,6.0,36.00000000000001,1.0,0.0,36.00000000000001,91.0,0.4286,0.1758,0.3956,mixed,mixed,mixed,mixed,170318123022,6.0,False
170318123022004,812302,2,2004,6,36,4484,5.0,6.0,5.0,4.0,4.0,2.0,1.0,0.0,0.0,0.0,0.0,6.0,0.6667,0.3333,0.0,mixed,mixed,mixed,mixed,170318123022,0.0,False
170318123022005,812302,2,2005,15,35,5463,7.0,14.0,7.0,4.0,4.0,10.0,3.0,0.0,0.0,0.0,0.0,14.0,0.2857,0.7143,0.0,small_mf_2_6,small_mf_2_6,small_mf_2_6,small_mf_2_6,170318123022,1.0,False
170318123022006,812302,2,2006,9,26,4877,9.0,9.0,9.0,9.0,9.0,0.0,0.0,0.0,0.0,0.0,0.0,9.0,1.0,0.0,0.0,single_family,single_family,single_family,single_family,170318123022,0.0,False
170318123022007,812302,2,2007,11,29,4930,9.0,10.0,9.0,8.0,8.0,2.0,1.0,0.0,0.0,0.0,0.0,10.0,0.8,0.2,0.0,mixed,mixed,mixed,mixed,170318123022,1.0,False
170318123022008,812302,2,2008,5,26,4421,6.0,4.0,4.0,4.0,4.0,0.0,0.0,0.0,0.0,0.0,0.0,4.0,1.0,0.0,0.0,single_family,single_family,single_family,single_family,170318123022,1.0,False
170318123022009,812302,2,2009,11,44,7419,7.0,12.0,7.0,2.0,2.0,10.0,5.0,0.0,0.0,0.0,0.0,12.0,0.1667,0.8333,0.0,small_mf_2_6,small_mf_2_6,small_mf_2_6,small_mf_2_6,170318123022,-1.0,False
170318123022010,812302,2,2010,42,55,20249,33.0,45.0,24.0,18.0,18.0,16.0,5.0,11.0,1.0,0.0,11.0,45.0,0.4,0.3556,0.2444,mixed,mixed,mixed,mixed,170318123022,-3.0,False
170318123022011,812302,2,2011,43,94,17643,55.0,57.0,23.0,19.0,19.0,4.0,2.0,34.0,2.0,0.0,34.0,57.0,0.3333,0.0702,0.5965,large_mf_7plus,large_mf_7plus,large_mf_7plus,large_mf_7plus,170318123022,-14.0,False
170318123022012,812302,2,2012,19,35,5258,19.0,20.0,18.0,17.0,17.0,3.0,1.0,0.0,0.0,0.0,0.0,20.0,0.85,0.15,0.0,mixed,mixed,mixed,mixed,170318123022,-1.0,False
170318123023000,812302,3,3000,29,87,58056,39.0,29.0,28.0,27.0,27.0,2.0,1.0,0.0,0.0,0.0,0.0,29.0,0.931,0.069,0.0,mixed,mixed,single_family,mixed,170318123023,0.0,False
170318123023001,812302,3,3001,52,114,27359,41.0,50.0,24.0,16.0,16.0,25.0,7.0,9.0,1.0,0.0,9.0,50.0,0.32,0.5,0.18,small_mf_2_6,small_mf_2_6,small_mf_2_6,small_mf_2_6,170318123023,2.0,False
170318123023002,812302,3,3002,25,52,7214,21.0,27.0,9.0,2.0,2.0,11.0,5.0,14.0,2.0,0.0,14.0,27.0,0.0741,0.4074,0.5185,large_mf_7plus,large_mf_7plus,large_mf_7plus,large_mf_7plus,170318123023,-2.0,False
170318123023003,812302,3,3003,6,19,5243,8.0,6.0,6.0,6.0,6.0,0.0,0.0,0.0,0.0,0.0,0.0,6.0,1.0,0.0,0.0,single_family,single_family,single_family,single_family,170318123023,0.0,False
170318123023004,812302,3,3004,22,53,14138,50.0,43.0,9.0,7.0,7.0,3.0,1.0,33.0,1.0,0.0,33.0,43.0,0.1628,0.0698,0.7674,large_mf_7plus,large_mf_7plus,large_mf_7plus,large_mf_7plus,170318123023,-21.0,False
170318123023005,812302,3,3005,44,83,14163,12.0,45.0,7.0,3.0,3.0,7.0,3.0,35.0,1.0,0.0,35.0,45.0,0.0667,0.1556,0.7778,large_mf_7plus,large_mf_7plus,large_mf_7plus,large_mf_7plus,170318123023,-1.0,False
170318123023006,812302,3,3006,31,68,5367,26.0,31.0,5.0,2.0,2.0,6.0,1.0,23.0,2.0,0.0,23.0,31.0,0.0645,0.1935,0.7419,large_mf_7plus,large_mf_7plus,large_mf_7plus,large_mf_7plus,170318123023,0.0,False
170318123023007,812302,3,3007,28,38,7121,20.0,25.0,9.0,3.0,3.0,13.0,5.0,9.0,1.0,0.0,9.0,25.0,0.12,0.52,0.36,small_mf_2_6,small_mf_2_6,small_mf_2_6,small_mf_2_6,170318123023,3.0,False
170318123023008,812302,3,3008,28,66,9825,19.0,28.0,11.0,7.0,7.0,7.0,2.0,14.0,2.0,0.0,14.0,28.0,0.25,0.25,0.5,large_mf_7plus,large_mf_7plus,large_mf_7plus,large_mf_7plus,170318123023,0.0,False
170318123023009,812302,3,3009,51,99,17570,55.0,50.0,11.0,10.0,10.0,0.0,0.0,40.0,1.0,0.0,40.0,50.0,0.2,0.0,0.8,large_mf_7plus,large_mf_7plus,large_mf_7plus,large_mf_7plus,170318123023,1.0,False
170318124001000,812400,1,1000,19,66,15502,19.0,19.0,19.0,19.0,19.0,0.0,0.0,0.0,0.0,0.0,0.0,19.0,1.0,0.0,0.0,single_family,single_family,single_family,single_family,170318124001,0.0,False
170318124001001,812400,1,1001,13,26,14832,13.0,13.0,13.0,13.0,13.0,0.0,0.0,0.0,0.0,0.0,0.0,13.0,1.0,0.0,0.0,single_family,single_family,single_family,single_family,170318124001,0.0,False
170318124001002,812400,1,1002,13,39,14788,13.0,13.0,13.0,13.0,13.0,0.0,0.0,0.0,0.0,0.0,0.0,13.0,1.0,0.0,0.0,single_family,single_family,single_family,single_family,170318124001,0.0,False
170318124001003,812400,1,1003,12,39,14824,13.0,12.0,12.0,12.0,12.0,0.0,0.0,0.0,0.0,0.0,0.0,12.0,1.0,0.0,0.0,single_family,single_family,single_family,single_family,170318124001,0.0,False
170318124001004,812400,1,1004,13,38,14841,13.0,13.0,13.0,13.0,13.0,0.0,0.0,0.0,0.0,0.0,0.0,13.0,1.0,0.0,0.0,single_family,single_family,single_family,single_family,170318124001,0.0,False
170318124001005,812400,1,1005,15,43,14760,13.0,14.0,13.0,12.0,12.0,2.0,1.0,0.0,0.0,0.0,0.0,14.0,0.8571,0.1429,0.0,mixed,mixed,mixed,mixed,170318124001,1.0,False
170318124001006,812400,1,1006,15,54,25007,14.0,14.0,14.0,14.0,14.0,0.0,0.0,0.0,0.0,0.0,0.0,14.0,1.0,0.0,0.0,single_family,single_family,single_family,single_family,170318124001,1.0,False
170318124001007,812400,1,1007,9,32,12555,10.0,9.0,9.0,9.0,9.0,0.0,0.0,0.0,0.0,0.0,0.0,9.0,1.0,0.0,0.0,single_family,single_family,single_family,single_family,170318124001,0.0,False
170318124001008,812400,1,1008,10,31,12462,11.0,10.0,10.0,10.0,10.0,0.0,0.0,0.0,0.0,0.0,0.0,10.0,1.0,0.0,0.0,single_family,single_family,single_family,single_family,170318124001,0.0,False
170318124001009,812400,1,1009,26,84,25077,26.0,26.0,25.0,24.0,24.0,2.0,1.0,0.0,0.0,0.0,0.0,26.0,0.9231,0.0769,0.0,mixed,mixed,single_family,mixed,170318124001,0.0,False
170318124001010,812400,1,1010,11,21,13686,11.0,11.0,10.0,9.0,9.0,2.0,1.0,0.0,0.0,0.0,0.0,11.0,0.8182,0.1818,0.0,mixed,mixed,mixed,mixed,170318124001,0.0,False
170318124001011,812400,1,1011,11,30,13679,11.0,11.0,11.0,11.0,11.0,0.0,0.0,0.0,0.0,0.0,0.0,11.0,1.0,0.0,0.0,single_family,single_family,single_family,single_family,170318124001,0.0,False
170318124001012,812400,1,1012,12,32,13754,12.0,12.0,12.0,12.0,12.0,0.0,0.0,0.0,0.0,0.0,0.0,12.0,1.0,0.0,0.0,single_family,single_family,single_family,single_family,170318124001,0.0,False
170318124001013,812400,1,1013,12,49,13656,12.0,12.0,12.0,12.0,12.0,0.0,0.0,0.0,0.0,0.0,0.0,12.0,1.0,0.0,0.0,single_family,single_family,single_family,single_family,170318124001,0.0,False
170318124001014,812400,1,1014,10,19,13742,11.0,10.0,10.0,10.0,10.0,0.0,0.0,0.0,0.0,0.0,0.0,10.0,1.0,0.0,0.0,single_family,single_family,single_family,single_family,170318124001,0.0,False
170318124001015,812400,1,1015,12,29,13691,12.0,12.0,12.0,12.0,12.0,0.0,0.0,0.0,0.0,0.0,0.0,12.0,1.0,0.0,0.0,single_family,single_family,single_family,single_family,170318124001,0.0,False
170318124001016,812400,1,1016,11,31,13669,13.0,11.0,10.0,9.0,9.0,2.0,1.0,0.0,0.0,0.0,0.0,11.0,0.8182,0.1818,0.0,mixed,mixed,mixed,mixed,170318124001,0.0,False
170318124001017,812400,1,1017,12,39,13788,12.0,12.0,12.0,12.0,12.0,0.0,0.0,0.0,0.0,0.0,0.0,12.0,1.0,0.0,0.0,single_family,single_family,single_family,single_family,170318124001,0.0,False
170318124001018,812400,1,1018,15,42,13666,12.0,13.0,12.0,11.0,11.0,2.0,1.0,0.0,0.0,0.0,0.0,13.0,0.8462,0.1538,0.0,mixed,mixed,mixed,mixed,170318124001,2.0,False
170318124001019,812400,1,1019,11,39,13798,12.0,12.0,12.0,12.0,12.0,0.0,0.0,0.0,0.0,0.0,0.0,12.0,1.0,0.0,0.0,single_family,single_family,single_family,single_family,170318124001,-1.0,False
170318124001020,812400,1,1020,10,38,13820,11.0,10.0,10.0,10.0,10.0,0.0,0.0,0.0,0.0,0.0,0.0,10.0,1.0,0.0,0.0,single_family,single_family,single_family,single_family,170318124001,0.0,False
170318124001021,812400,1,1021,8,20,13796,10.0,7.0,7.0,7.0,7.0,0.0,0.0,0.0,0.0,0.0,0.0,7.0,1.0,0.0,0.0,single_family,single_family,single_family,single_family,170318124001,1.0,False
170318124001022,812400,1,1022,4,20,11228,5.0,4.0,4.0,4.0,4.0,0.0,0.0,0.0,0.0,0.0,0.0,4.0,1.0,0.0,0.0,single_family,single_family,single_family,single_family,170318124001,0.0,False
170318124001023,812400,1,1023,9,27,11110,10.0,8.0,8.0,8.0,8.0,0.0,0.0,0.0,0.0,0.0,0.0,8.0,1.0,0.0,0.0,single_family,single_family,single_family,single_family,170318124001,1.0,False
170318124001024,812400,1,1024,10,37,11109,10.0,10.0,10.0,10.0,10.0,0.0,0.0,0.0,0.0,0.0,0.0,10.0,1.0,0.0,0.0,single_family,single_family,single_family,single_family,170318124001,0.0,False
170318124001025,812400,1,1025,9,35,11035,9.0,9.0,9.0,9.0,9.0,0.0,0.0,0.0,0.0,0.0,0.0,9.0,1.0,0.0,0.0,single_family,single_family,single_family,single_family,170318124001,0.0,False
170318124001026,812400,1,1026,9,25,11148,9.0,9.0,9.0,9.0,9.0,0.0,0.0,0.0,0.0,0.0,0.0,9.0,1.0,0.0,0.0,single_family,single_family,single_family,single_family,170318124001,0.0,False
170318124001027,812400,1,1027,20,42,11035,11.0,21.0,9.0,7.0,7.0,2.0,1.0,12.0,1.0,0.0,12.0,21.0,0.3333,0.0952,0.5714,large_mf_7plus,large_mf_7plus,large_mf_7plus,large_mf_7plus,170318124001,-1.0,False
170318124001028,812400,1,1028,13,40,10263,10.0,12.0,10.0,9.0,9.0,3.0,1.0,0.0,0.0,0.0,0.0,12.0,0.75,0.25,0.0,mixed,mixed,mixed,mixed,170318124001,1.0,False
170318124001029,812400,1,1029,9,25,10436,9.0,9.0,9.0,9.0,9.0,0.0,0.0,0.0,0.0,0.0,0.0,9.0,1.0,0.0,0.0,single_family,single_family,single_family,single_family,170318124001,0.0,False
170318124001030,812400,1,1030,9,30,10293,9.0,10.0,9.0,8.0,8.0,2.0,1.0,0.0,0.0,0.0,0.0,10.0,0.8,0.2,0.0,mixed,mixed,mixed,mixed,170318124001,-1.0,False
170318124001031,812400,1,1031,9,36,10396,9.0,10.0,9.0,8.0,8.0,2.0,1.0,0.0,0.0,0.0,0.0,10.0,0.8,0.2,0.0,mixed,mixed,mixed,mixed,170318124001,-1.0,False
170318124001032,812400,1,1032,7,29,10392,8.0,7.0,7.0,7.0,7.0,0.0,0.0,0.0,0.0,0.0,0.0,7.0,1.0,0.0,0.0,single_family,single_family,single_family,single_family,170318124001,0.0,False
170318124001033,812400,1,1033,10,31,10453,9.0,9.0,8.0,7.0,7.0,2.0,1.0,0.0,0.0,0.0,0.0,9.0,0.7778,0.2222,0.0,mixed,mixed,mixed,mixed,170318124001,1.0,False
170318124001034,812400,1,1034,0,0,92904,3.0,0.0,0.0,0.0,0.0,0.0,0.0,0.0,0.0,0.0,0.0,0.0,0.0,0.0,0.0,no_housing,no_housing,no_housing,no_housing,170318124001,0.0,False
170318124001035,812400,1,1035,8,33,10154,8.0,8.0,8.0,8.0,8.0,0.0,0.0,0.0,0.0,0.0,0.0,8.0,1.0,0.0,0.0,single_family,single_family,single_family,single_family,170318124001,0.0,False
170318124001036,812400,1,1036,10,22,10226,8.0,9.0,8.0,7.0,7.0,2.0,1.0,0.0,0.0,0.0,0.0,9.0,0.7778,0.2222,0.0,mixed,mixed,mixed,mixed,170318124001,1.0,False
170318124001037,812400,1,1037,11,31,9793,9.0,9.0,9.0,9.0,9.0,0.0,0.0,0.0,0.0,0.0,0.0,9.0,1.0,0.0,0.0,single_family,single_family,single_family,single_family,170318124001,2.0,False
170318124001038,812400,1,1038,11,42,18981,14.0,11.0,8.0,7.0,7.0,4.0,1.0,0.0,0.0,0.0,0.0,11.0,0.6364,0.3636,0.0,mixed,mixed,mixed,mixed,170318124001,0.0,False
170318124002000,812400,2,2000,12,31,26180,12.0,11.0,11.0,11.0,11.0,0.0,0.0,0.0,0.0,0.0,0.0,11.0,1.0,0.0,0.0,single_family,single_family,single_family,single_family,170318124002,1.0,False
170318124002001,812400,2,2001,16,34,25878,15.0,13.0,13.0,13.0,13.0,0.0,0.0,0.0,0.0,0.0,0.0,13.0,1.0,0.0,0.0,single_family,single_family,single_family,single_family,170318124002,3.0,False
170318124002002,812400,2,2002,21,57,30871,20.0,18.0,17.0,16.0,16.0,2.0,1.0,0.0,0.0,0.0,0.0,18.0,0.8889,0.1111,0.0,mixed,mixed,mixed,mixed,170318124002,3.0,False
170318124002003,812400,2,2003,21,54,25110,19.0,21.0,19.0,17.0,17.0,4.0,2.0,0.0,0.0,0.0,0.0,21.0,0.8095,0.1905,0.0,mixed,mixed,mixed,mixed,170318124002,0.0,False
170318124002004,812400,2,2004,18,42,25336,17.0,17.0,16.0,15.0,15.0,2.0,1.0,0.0,0.0,0.0,0.0,17.0,0.8824,0.1176,0.0,mixed,mixed,mixed,mixed,170318124002,1.0,False
170318124002005,812400,2,2005,45,132,42475,42.0,41.0,38.0,35.0,35.0,6.0,3.0,0.0,0.0,0.0,0.0,41.0,0.8537,0.1463,0.0,mixed,mixed,mixed,mixed,170318124002,4.0,False
170318124002006,812400,2,2006,136,244,42497,67.0,138.0,35.0,21.0,21.0,22.0,11.0,95.0,3.0,0.0,95.0,138.0,0.1522,0.1594,0.6884,large_mf_7plus,large_mf_7plus,large_mf_7plus,large_mf_7plus,170318124002,-2.0,False
170318124002007,812400,2,2007,21,40,24735,20.0,20.0,13.0,6.0,6.0,14.0,7.0,0.0,0.0,0.0,0.0,20.0,0.3,0.7,0.0,small_mf_2_6,small_mf_2_6,small_mf_2_6,small_mf_2_6,170318124002,1.0,False
170318124002008,812400,2,2008,6,26,20848,9.0,7.0,7.0,7.0,7.0,0.0,0.0,0.0,0.0,0.0,0.0,7.0,1.0,0.0,0.0,single_family,single_family,single_family,single_family,170318124002,-1.0,False
170318124002009,812400,2,2009,10,27,21108,15.0,10.0,10.0,10.0,10.0,0.0,0.0,0.0,0.0,0.0,0.0,10.0,1.0,0.0,0.0,single_family,single_family,single_family,single_family,170318124002,0.0,False
170318124002010,812400,2,2010,10,24,9667,8.0,7.0,7.0,7.0,7.0,0.0,0.0,0.0,0.0,0.0,0.0,7.0,1.0,0.0,0.0,single_family,single_family,single_family,single_family,170318124002,3.0,False
170318124002011,812400,2,2011,7,21,9711,10.0,7.0,7.0,7.0,7.0,0.0,0.0,0.0,0.0,0.0,0.0,7.0,1.0,0.0,0.0,single_family,single_family,single_family,single_family,170318124002,0.0,False
170318124002012,812400,2,2012,7,34,9770,5.0,6.0,5.0,4.0,4.0,2.0,1.0,0.0,0.0,0.0,0.0,6.0,0.6667,0.3333,0.0,mixed,mixed,mixed,mixed,170318124002,1.0,False
170318124002013,812400,2,2013,8,32,11586,8.0,8.0,8.0,8.0,8.0,0.0,0.0,0.0,0.0,0.0,0.0,8.0,1.0,0.0,0.0,single_family,single_family,single_family,single_family,170318124002,0.0,False
170318124002014,812400,2,2014,29,40,11507,29.0,31.0,4.0,1.0,1.0,5.0,2.0,25.0,1.0,0.0,25.0,31.0,0.0323,0.1613,0.8065,large_mf_7plus,large_mf_7plus,large_mf_7plus,large_mf_7plus,170318124002,-2.0,False
170318124002015,812400,2,2015,1,3,9659,5.0,0.0,0.0,0.0,0.0,0.0,0.0,0.0,0.0,0.0,0.0,0.0,0.0,0.0,0.0,no_housing,no_housing,no_housing,no_housing,170318124002,1.0,False
170318124002016,812400,2,2016,8,31,9537,7.0,8.0,7.0,6.0,6.0,2.0,1.0,0.0,0.0,0.0,0.0,8.0,0.75,0.25,0.0,mixed,mixed,mixed,mixed,170318124002,0.0,False
170318124002017,812400,2,2017,26,46,10251,34.0,34.0,9.0,8.0,8.0,0.0,0.0,26.0,1.0,0.0,26.0,34.0,0.2353,0.0,0.7647,large_mf_7plus,large_mf_7plus,large_mf_7plus,large_mf_7plus,170318124002,-8.0,False
170318124002018,812400,2,2018,53,63,13506,49.0,49.0,9.0,5.0,5.0,4.0,2.0,40.0,2.0,0.0,40.0,49.0,0.102,0.0816,0.8163,large_mf_7plus,large_mf_7plus,large_mf_7plus,large_mf_7plus,170318124002,4.0,False
170318124002019,812400,2,2019,9,43,10056,8.0,8.0,8.0,8.0,8.0,0.0,0.0,0.0,0.0,0.0,0.0,8.0,1.0,0.0,0.0,single_family,single_family,single_family,single_family,170318124002,1.0,False
170318124003000,812400,3,3000,12,40,11175,13.0,12.0,12.0,12.0,12.0,0.0,0.0,0.0,0.0,0.0,0.0,12.0,1.0,0.0,0.0,single_family,single_family,single_family,single_family,170318124003,0.0,False
170318124003001,812400,3,3001,13,38,11107,13.0,13.0,13.0,13.0,13.0,0.0,0.0,0.0,0.0,0.0,0.0,13.0,1.0,0.0,0.0,single_family,single_family,single_family,single_family,170318124003,0.0,False
170318124003002,812400,3,3002,13,49,11063,13.0,13.0,13.0,13.0,13.0,0.0,0.0,0.0,0.0,0.0,0.0,13.0,1.0,0.0,0.0,single_family,single_family,single_family,single_family,170318124003,0.0,False
170318124003003,812400,3,3003,13,40,11089,13.0,13.0,13.0,13.0,13.0,0.0,0.0,0.0,0.0,0.0,0.0,13.0,1.0,0.0,0.0,single_family,single_family,single_family,single_family,170318124003,0.0,False
170318124003004,812400,3,3004,13,42,11048,13.0,13.0,13.0,13.0,13.0,0.0,0.0,0.0,0.0,0.0,0.0,13.0,1.0,0.0,0.0,single_family,single_family,single_family,single_family,170318124003,0.0,False
170318124003005,812400,3,3005,13,38,11074,13.0,13.0,13.0,13.0,13.0,0.0,0.0,0.0,0.0,0.0,0.0,13.0,1.0,0.0,0.0,single_family,single_family,single_family,single_family,170318124003,0.0,False
170318124003006,812400,3,3006,13,42,11027,13.0,13.0,13.0,13.0,13.0,0.0,0.0,0.0,0.0,0.0,0.0,13.0,1.0,0.0,0.0,single_family,single_family,single_family,single_family,170318124003,0.0,False
170318124003007,812400,3,3007,13,47,11133,13.0,13.0,13.0,13.0,13.0,0.0,0.0,0.0,0.0,0.0,0.0,13.0,1.0,0.0,0.0,single_family,single_family,single_family,single_family,170318124003,0.0,False
170318124003008,812400,3,3008,12,28,12598,12.0,12.0,12.0,12.0,12.0,0.0,0.0,0.0,0.0,0.0,0.0,12.0,1.0,0.0,0.0,single_family,single_family,single_family,single_family,170318124003,0.0,False
170318124003009,812400,3,3009,13,48,12573,13.0,13.0,13.0,13.0,13.0,0.0,0.0,0.0,0.0,0.0,0.0,13.0,1.0,0.0,0.0,single_family,single_family,single_family,single_family,170318124003,0.0,False
170318124003010,812400,3,3010,14,39,12927,14.0,14.0,14.0,14.0,14.0,0.0,0.0,0.0,0.0,0.0,0.0,14.0,1.0,0.0,0.0,single_family,single_family,single_family,single_family,170318124003,0.0,False
170318124003011,812400,3,3011,12,34,12894,12.0,12.0,12.0,12.0,12.0,0.0,0.0,0.0,0.0,0.0,0.0,12.0,1.0,0.0,0.0,single_family,single_family,single_family,single_family,170318124003,0.0,False
170318124003012,812400,3,3012,14,61,12766,15.0,15.0,15.0,15.0,15.0,0.0,0.0,0.0,0.0,0.0,0.0,15.0,1.0,0.0,0.0,single_family,single_family,single_family,single_family,170318124003,-1.0,False
170318124003013,812400,3,3013,14,30,12741,13.0,14.0,13.0,12.0,12.0,2.0,1.0,0.0,0.0,0.0,0.0,14.0,0.8571,0.1429,0.0,mixed,mixed,mixed,mixed,170318124003,0.0,False
170318124003014,812400,3,3014,19,56,12490,18.0,19.0,17.0,15.0,15.0,4.0,2.0,0.0,0.0,0.0,0.0,19.0,0.7895,0.2105,0.0,mixed,mixed,mixed,mixed,170318124003,0.0,False
170318124003015,812400,3,3015,11,33,12518,16.0,12.0,12.0,12.0,12.0,0.0,0.0,0.0,0.0,0.0,0.0,12.0,1.0,0.0,0.0,single_family,single_family,single_family,single_family,170318124003,-1.0,False
170318124003016,812400,3,3016,25,59,37362,31.0,25.0,25.0,25.0,25.0,0.0,0.0,0.0,0.0,0.0,0.0,25.0,1.0,0.0,0.0,single_family,single_family,single_family,single_family,170318124003,0.0,False
170318124003017,812400,3,3017,6,18,6707,7.0,6.0,6.0,6.0,6.0,0.0,0.0,0.0,0.0,0.0,0.0,6.0,1.0,0.0,0.0,single_family,single_family,single_family,single_family,170318124003,0.0,False
170318124003018,812400,3,3018,10,28,11940,10.0,10.0,10.0,10.0,10.0,0.0,0.0,0.0,0.0,0.0,0.0,10.0,1.0,0.0,0.0,single_family,single_family,single_family,single_family,170318124003,0.0,False
170318124003019,812400,3,3019,9,31,9330,9.0,9.0,9.0,9.0,9.0,0.0,0.0,0.0,0.0,0.0,0.0,9.0,1.0,0.0,0.0,single_family,single_family,single_family,single_family,170318124003,0.0,False
170318124003020,812400,3,3020,10,26,9494,10.0,10.0,10.0,10.0,10.0,0.0,0.0,0.0,0.0,0.0,0.0,10.0,1.0,0.0,0.0,single_family,single_family,single_family,single_family,170318124003,0.0,False
170318124003021,812400,3,3021,13,35,25886,14.0,13.0,13.0,13.0,13.0,0.0,0.0,0.0,0.0,0.0,0.0,13.0,1.0,0.0,0.0,single_family,single_family,single_family,single_family,170318124003,0.0,False
170318124003022,812400,3,3022,13,18,25701,13.0,12.0,12.0,12.0,12.0,0.0,0.0,0.0,0.0,0.0,0.0,12.0,1.0,0.0,0.0,single_family,single_family,single_family,single_family,170318124003,1.0,False
170318124003023,812400,3,3023,18,52,30633,18.0,17.0,17.0,17.0,17.0,0.0,0.0,0.0,0.0,0.0,0.0,17.0,1.0,0.0,0.0,single_family,single_family,single_family,single_family,170318124003,1.0,False
170318124003024,812400,3,3024,26,79,25525,28.0,28.0,27.0,26.0,26.0,2.0,1.0,0.0,0.0,0.0,0.0,28.0,0.9286,0.0714,0.0,mixed,mixed,single_family,mixed,170318124003,-2.0,False
170318124003025,812400,3,3025,24,77,25609,26.0,26.0,24.0,23.0,23.0,3.0,1.0,0.0,0.0,0.0,0.0,26.0,0.8846,0.1154,0.0,mixed,mixed,mixed,mixed,170318124003,-2.0,False
170318125001000,812500,1,1000,50,106,9651,39.0,41.0,11.0,5.0,5.0,6.0,3.0,30.0,3.0,0.0,30.0,41.0,0.122,0.1463,0.7317,large_mf_7plus,large_mf_7plus,large_mf_7plus,large_mf_7plus,170318125001,9.0,False
170318125001001,812500,1,1001,49,94,19173,22.0,43.0,22.0,14.0,14.0,14.0,7.0,15.0,1.0,0.0,15.0,43.0,0.3256,0.3256,0.3488,mixed,mixed,mixed,mixed,170318125001,6.0,False
170318125001002,812500,1,1002,20,54,9583,10.0,16.0,10.0,5.0,5.0,11.0,5.0,0.0,0.0,0.0,0.0,16.0,0.3125,0.6875,0.0,small_mf_2_6,small_mf_2_6,small_mf_2_6,small_mf_2_6,170318125001,4.0,False
170318125001003,812500,1,1003,10,23,9566,10.0,10.0,10.0,10.0,10.0,0.0,0.0,0.0,0.0,0.0,0.0,10.0,1.0,0.0,0.0,single_family,single_family,single_family,single_family,170318125001,0.0,False
170318125001004,812500,1,1004,18,40,9634,12.0,15.0,12.0,9.0,9.0,6.0,3.0,0.0,0.0,0.0,0.0,15.0,0.6,0.4,0.0,mixed,mixed,mixed,mixed,170318125001,3.0,False
170318125001005,812500,1,1005,24,42,8071,15.0,29.0,9.0,1.0,1.0,28.0,8.0,0.0,0.0,0.0,0.0,29.0,0.0345,0.9655,0.0,small_mf_2_6,small_mf_2_6,small_mf_2_6,small_mf_2_6,170318125001,-5.0,False
170318125001006,812500,1,1006,24,36,8148,13.0,30.0,4.0,0.0,0.0,8.0,2.0,22.0,2.0,0.0,22.0,30.0,0.0,0.2667,0.7333,large_mf_7plus,large_mf_7plus,large_mf_7plus,large_mf_7plus,170318125001,-6.0,False
170318125001007,812500,1,1007,8,18,8195,6.0,13.0,2.0,0.0,0.0,5.0,1.0,8.0,1.0,0.0,8.0,13.0,0.0,0.3846,0.6154,large_mf_7plus,large_mf_7plus,large_mf_7plus,large_mf_7plus,170318125001,-5.0,False
170318125001008,812500,1,1008,31,84,15141,15.0,17.0,10.0,9.0,9.0,0.0,0.0,8.0,1.0,0.0,8.0,17.0,0.5294,0.0,0.4706,mixed,mixed,mixed,mixed,170318125001,14.0,True
170318125001009,812500,1,1009,69,99,8089,10.0,63.0,10.0,1.0,1.0,14.0,7.0,48.0,2.0,0.0,48.0,63.0,0.0159,0.2222,0.7619,large_mf_7plus,large_mf_7plus,large_mf_7plus,large_mf_7plus,170318125001,6.0,False
170318125001010,812500,1,1010,12,34,11067,13.0,12.0,12.0,12.0,12.0,0.0,0.0,0.0,0.0,0.0,0.0,12.0,1.0,0.0,0.0,single_family,single_family,single_family,single_family,170318125001,0.0,False
170318125001011,812500,1,1011,12,39,11085,12.0,12.0,12.0,12.0,12.0,0.0,0.0,0.0,0.0,0.0,0.0,12.0,1.0,0.0,0.0,single_family,single_family,single_family,single_family,170318125001,0.0,False
170318125001012,812500,1,1012,11,24,10293,10.0,11.0,10.0,9.0,9.0,2.0,1.0,0.0,0.0,0.0,0.0,11.0,0.8182,0.1818,0.0,mixed,mixed,mixed,mixed,170318125001,0.0,False
170318125001013,812500,1,1013,11,35,10323,11.0,11.0,11.0,11.0,11.0,0.0,0.0,0.0,0.0,0.0,0.0,11.0,1.0,0.0,0.0,single_family,single_family,single_family,single_family,170318125001,0.0,False
170318125001014,812500,1,1014,13,32,10507,13.0,13.0,13.0,13.0,13.0,0.0,0.0,0.0,0.0,0.0,0.0,13.0,1.0,0.0,0.0,single_family,single_family,single_family,single_family,170318125001,0.0,False
170318125001015,812500,1,1015,53,69,7023,4.0,53.0,4.0,1.0,1.0,2.0,1.0,50.0,2.0,0.0,50.0,53.0,0.0189,0.0377,0.9434,large_mf_7plus,large_mf_7plus,large_mf_7plus,large_mf_7plus,170318125001,0.0,False
170318125001016,812500,1,1016,16,32,6990,11.0,16.0,11.0,6.0,6.0,10.0,5.0,0.0,0.0,0.0,0.0,16.0,0.375,0.625,0.0,small_mf_2_6,small_mf_2_6,small_mf_2_6,small_mf_2_6,170318125001,0.0,False
170318125001017,812500,1,1017,3,12,9913,10.0,3.0,3.0,3.0,3.0,0.0,0.0,0.0,0.0,0.0,0.0,3.0,1.0,0.0,0.0,single_family,single_family,single_family,single_family,170318125001,0.0,False
170318125001018,812500,1,1018,17,29,20274,17.0,17.0,6.0,5.0,5.0,0.0,0.0,12.0,1.0,0.0,12.0,17.0,0.2941,0.0,0.7059,large_mf_7plus,large_mf_7plus,large_mf_7plus,large_mf_7plus,170318125001,0.0,False
170318125001019,812500,1,1019,84,127,6889,23.0,85.0,5.0,0.0,0.0,0.0,0.0,85.0,5.0,0.0,85.0,85.0,0.0,0.0,1.0,large_mf_7plus,large_mf_7plus,large_mf_7plus,large_mf_7plus,170318125001,-1.0,False
170318125002000,812500,2,2000,0,12,31025,25.0,0.0,0.0,0.0,0.0,0.0,0.0,0.0,0.0,0.0,0.0,0.0,0.0,0.0,0.0,no_housing,no_housing,no_housing,no_housing,170318125002,0.0,False
170318125002001,812500,2,2001,11,32,10307,11.0,11.0,11.0,11.0,11.0,0.0,0.0,0.0,0.0,0.0,0.0,11.0,1.0,0.0,0.0,single_family,single_family,single_family,single_family,170318125002,0.0,False
170318125002002,812500,2,2002,10,30,10219,8.0,9.0,7.0,5.0,5.0,4.0,2.0,0.0,0.0,0.0,0.0,9.0,0.5556,0.4444,0.0,mixed,mixed,mixed,mixed,170318125002,1.0,False
170318125002003,812500,2,2003,14,38,10170,10.0,15.0,10.0,5.0,5.0,10.0,5.0,0.0,0.0,0.0,0.0,15.0,0.3333,0.6667,0.0,small_mf_2_6,small_mf_2_6,small_mf_2_6,small_mf_2_6,170318125002,-1.0,False
170318125002004,812500,2,2004,15,33,12825,13.0,15.0,13.0,12.0,12.0,3.0,1.0,0.0,0.0,0.0,0.0,15.0,0.8,0.2,0.0,mixed,mixed,mixed,mixed,170318125002,0.0,False
170318125002005,812500,2,2005,16,53,12837,12.0,16.0,12.0,10.0,10.0,6.0,2.0,0.0,0.0,0.0,0.0,16.0,0.625,0.375,0.0,mixed,mixed,mixed,mixed,170318125002,0.0,False
170318125002006,812500,2,2006,12,52,13443,12.0,12.0,12.0,12.0,12.0,0.0,0.0,0.0,0.0,0.0,0.0,12.0,1.0,0.0,0.0,single_family,single_family,single_family,single_family,170318125002,0.0,False
170318125002007,812500,2,2007,17,61,13368,13.0,16.0,13.0,10.0,10.0,6.0,3.0,0.0,0.0,0.0,0.0,16.0,0.625,0.375,0.0,mixed,mixed,mixed,mixed,170318125002,1.0,False
170318125002008,812500,2,2008,100,140,13956,24.0,106.0,8.0,3.0,3.0,3.0,1.0,100.0,4.0,0.0,100.0,106.0,0.0283,0.0283,0.9434,large_mf_7plus,large_mf_7plus,large_mf_7plus,large_mf_7plus,170318125002,-6.0,False
170318125002009,812500,2,2009,172,252,13908,6.0,171.0,5.0,0.0,0.0,0.0,0.0,171.0,5.0,0.0,171.0,171.0,0.0,0.0,1.0,large_mf_7plus,large_mf_7plus,large_mf_7plus,large_mf_7plus,170318125002,1.0,False
170318125002010,812500,2,2010,1,6,8733,6.0,4.0,1.0,0.0,0.0,4.0,1.0,0.0,0.0,0.0,0.0,4.0,0.0,1.0,0.0,small_mf_2_6,small_mf_2_6,small_mf_2_6,small_mf_2_6,170318125002,-3.0,False
170318125002011,812500,2,2011,49,64,8636,16.0,57.0,6.0,0.0,0.0,8.0,4.0,49.0,2.0,0.0,49.0,57.0,0.0,0.1404,0.8596,large_mf_7plus,large_mf_7plus,large_mf_7plus,large_mf_7plus,170318125002,-8.0,False
170318125002012,812500,2,2012,20,53,8706,14.0,20.0,11.0,8.0,8.0,12.0,3.0,0.0,0.0,0.0,0.0,20.0,0.4,0.6,0.0,small_mf_2_6,small_mf_2_6,small_mf_2_6,small_mf_2_6,170318125002,0.0,False
170318125002013,812500,2,2013,0,0,22595,1.0,0.0,0.0,0.0,0.0,0.0,0.0,0.0,0.0,0.0,0.0,0.0,0.0,0.0,0.0,no_housing,no_housing,no_housing,no_housing,170318125002,0.0,False
170318125002014,812500,2,2014,0,0,7163,7.0,0.0,0.0,0.0,0.0,0.0,0.0,0.0,0.0,0.0,0.0,0.0,0.0,0.0,0.0,no_housing,no_housing,no_housing,no_housing,170318125002,0.0,False
170318125002015,812500,2,2015,0,0,2545,0.0,0.0,0.0,0.0,0.0,0.0,0.0,0.0,0.0,0.0,0.0,0.0,0.0,0.0,0.0,no_housing,no_housing,no_housing,no_housing,170318125002,0.0,False
170318125002016,812500,2,2016,0,0,5072,0.0,0.0,0.0,0.0,0.0,0.0,0.0,0.0,0.0,0.0,0.0,0.0,0.0,0.0,0.0,no_housing,no_housing,no_housing,no_housing,170318125002,0.0,False
170318125002017,812500,2,2017,0,0,8826,0.0,0.0,0.0,0.0,0.0,0.0,0.0,0.0,0.0,0.0,0.0,0.0,0.0,0.0,0.0,no_housing,no_housing,no_housing,no_housing,170318125002,0.0,False
170318125003000,812500,3,3000,9,34,10157,9.0,8.0,8.0,8.0,8.0,0.0,0.0,0.0,0.0,0.0,0.0,8.0,1.0,0.0,0.0,single_family,single_family,single_family,single_family,170318125003,1.0,False
170318125003001,812500,3,3001,10,35,10235,9.0,10.0,9.0,8.0,8.0,2.0,1.0,0.0,0.0,0.0,0.0,10.0,0.8,0.2,0.0,mixed,mixed,mixed,mixed,170318125003,0.0,False
170318125003002,812500,3,3002,3,16,20367,4.0,3.0,3.0,3.0,3.0,0.0,0.0,0.0,0.0,0.0,0.0,3.0,1.0,0.0,0.0,single_family,single_family,single_family,single_family,170318125003,0.0,False
170318125003003,812500,3,3003,13,39,10174,9.0,10.0,8.0,7.0,7.0,3.0,1.0,0.0,0.0,0.0,0.0,10.0,0.7,0.3,0.0,mixed,mixed,mixed,mixed,170318125003,3.0,False
170318125003004,812500,3,3004,11,43,10169,9.0,10.0,9.0,8.0,8.0,2.0,1.0,0.0,0.0,0.0,0.0,10.0,0.8,0.2,0.0,mixed,mixed,mixed,mixed,170318125003,1.0,False
170318125003005,812500,3,3005,7,29,10217,9.0,9.0,8.0,7.0,7.0,2.0,1.0,0.0,0.0,0.0,0.0,9.0,0.7778,0.2222,0.0,mixed,mixed,mixed,mixed,170318125003,-2.0,False
170318125003006,812500,3,3006,11,28,10182,8.0,13.0,8.0,4.0,4.0,9.0,4.0,0.0,0.0,0.0,0.0,13.0,0.3077,0.6923,0.0,small_mf_2_6,small_mf_2_6,small_mf_2_6,small_mf_2_6,170318125003,-2.0,False
170318125003007,812500,3,3007,12,40,11216,10.0,12.0,10.0,8.0,8.0,4.0,2.0,0.0,0.0,0.0,0.0,12.0,0.6667,0.3333,0.0,mixed,mixed,mixed,mixed,170318125003,0.0,False
170318125003008,812500,3,3008,16,40,9851,18.0,20.0,9.0,7.0,7.0,3.0,1.0,10.0,1.0,0.0,10.0,20.0,0.35,0.15,0.5,large_mf_7plus,large_mf_7plus,large_mf_7plus,large_mf_7plus,170318125003,-4.0,False
170318125003009,812500,3,3009,17,52,11287,17.0,17.0,10.0,9.0,9.0,0.0,0.0,8.0,1.0,0.0,8.0,17.0,0.5294,0.0,0.4706,mixed,mixed,mixed,mixed,170318125003,0.0,False
170318125003010,812500,3,3010,9,33,11153,8.0,7.0,7.0,7.0,7.0,0.0,0.0,0.0,0.0,0.0,0.0,7.0,1.0,0.0,0.0,single_family,single_family,single_family,single_family,170318125003,2.0,False
170318125003011,812500,3,3011,11,33,11837,12.0,11.0,10.0,9.0,9.0,2.0,1.0,0.0,0.0,0.0,0.0,11.0,0.8182,0.1818,0.0,mixed,mixed,mixed,mixed,170318125003,0.0,False
170318125003012,812500,3,3012,12,36,11718,11.0,11.0,11.0,11.0,11.0,0.0,0.0,0.0,0.0,0.0,0.0,11.0,1.0,0.0,0.0,single_family,single_family,single_family,single_family,170318125003,1.0,False
170318125003013,812500,3,3013,11,21,12334,11.0,11.0,11.0,11.0,11.0,0.0,0.0,0.0,0.0,0.0,0.0,11.0,1.0,0.0,0.0,single_family,single_family,single_family,single_family,170318125003,0.0,False
170318125003014,812500,3,3014,17,34,12275,13.0,14.0,13.0,12.0,12.0,2.0,1.0,0.0,0.0,0.0,0.0,14.0,0.8571,0.1429,0.0,mixed,mixed,mixed,mixed,170318125003,3.0,False
170318125003015,812500,3,3015,6,11,8676,11.0,6.0,3.0,0.0,0.0,6.0,3.0,0.0,0.0,0.0,0.0,6.0,0.0,1.0,0.0,small_mf_2_6,small_mf_2_6,small_mf_2_6,small_mf_2_6,170318125003,0.0,False
170318125003016,812500,3,3016,21,55,8666,13.0,22.0,10.0,6.0,6.0,16.0,4.0,0.0,0.0,0.0,0.0,22.0,0.2727,0.7273,0.0,small_mf_2_6,small_mf_2_6,small_mf_2_6,small_mf_2_6,170318125003,-1.0,False
170318125003017,812500,3,3017,28,53,8663,6.0,18.0,2.0,0.0,0.0,0.0,0.0,18.0,2.0,0.0,18.0,18.0,0.0,0.0,1.0,large_mf_7plus,large_mf_7plus,large_mf_7plus,large_mf_7plus,170318125003,10.0,True
170318125003018,812500,3,3018,52,87,8940,13.0,58.0,3.0,0.0,0.0,6.0,1.0,52.0,2.0,0.0,52.0,58.0,0.0,0.1034,0.8966,large_mf_7plus,large_mf_7plus,large_mf_7plus,large_mf_7plus,170318125003,-6.0,False
170318125003019,812500,3,3019,0,0,42714,2.0,0.0,0.0,0.0,0.0,0.0,0.0,0.0,0.0,0.0,0.0,0.0,0.0,0.0,0.0,no_housing,no_housing,no_housing,no_housing,170318125003,0.0,False
170318125003020,812500,3,3020,0,0,22759,1.0,0.0,0.0,0.0,0.0,0.0,0.0,0.0,0.0,0.0,0.0,0.0,0.0,0.0,0.0,no_housing,no_housing,no_housing,no_housing,170318125003,0.0,False
170318125003021,812500,3,3021,200,236,10298,3.0,199.99999999999997,1.0,0.0,0.0,0.0,0.0,199.99999999999997,1.0,0.0,199.99999999999997,199.99999999999997,0.0,0.0,1.0,large_mf_7plus,large_mf_7plus,large_mf_7plus,large_mf_7plus,170318125003,2.842170943040401e-14,False
170318125003022,812500,3,3022,0,0,16440,5.0,0.0,0.0,0.0,0.0,0.0,0.0,0.0,0.0,0.0,0.0,0.0,0.0,0.0,0.0,no_housing,no_housing,no_housing,no_housing,170318125003,0.0,False
170318125003023,812500,3,3023,0,0,12637,5.0,0.0,0.0,0.0,0.0,0.0,0.0,0.0,0.0,0.0,0.0,0.0,0.0,0.0,0.0,no_housing,no_housing,no_housing,no_housing,170318125003,0.0,False
170318125003024,812500,3,3024,0,0,12158,0.0,0.0,0.0,0.0,0.0,0.0,0.0,0.0,0.0,0.0,0.0,0.0,0.0,0.0,0.0,no_housing,no_housing,no_housing,no_housing,170318125003,0.0,False
170318125003025,812500,3,3025,0,0,4486,1.0,0.0,0.0,0.0,0.0,0.0,0.0,0.0,0.0,0.0,0.0,0.0,0.0,0.0,0.0,no_housing,no_housing,no_housing,no_housing,170318125003,0.0,False
170318125004000,812500,4,4000,10,27,9611,9.0,11.0,9.0,7.0,7.0,4.0,2.0,0.0,0.0,0.0,0.0,11.0,0.6364,0.3636,0.0,mixed,mixed,mixed,mixed,170318125004,-1.0,False
170318125004001,812500,4,4001,12,24,9602,9.0,10.0,9.0,8.0,8.0,2.0,1.0,0.0,0.0,0.0,0.0,10.0,0.8,0.2,0.0,mixed,mixed,mixed,mixed,170318125004,2.0,False
170318125004002,812500,4,4002,12,39,9596,9.0,11.0,9.0,7.0,7.0,4.0,2.0,0.0,0.0,0.0,0.0,11.0,0.6364,0.3636,0.0,mixed,mixed,mixed,mixed,170318125004,1.0,False
170318125004003,812500,4,4003,12,36,9611,9.0,10.0,9.0,8.0,8.0,2.0,1.0,0.0,0.0,0.0,0.0,10.0,0.8,0.2,0.0,mixed,mixed,mixed,mixed,170318125004,2.0,False
170318125004004,812500,4,4004,6,27,7702,7.0,6.0,6.0,6.0,6.0,0.0,0.0,0.0,0.0,0.0,0.0,6.0,1.0,0.0,0.0,single_family,single_family,single_family,single_family,170318125004,0.0,False
170318125004005,812500,4,4005,7,34,7717,7.0,7.0,7.0,7.0,7.0,0.0,0.0,0.0,0.0,0.0,0.0,7.0,1.0,0.0,0.0,single_family,single_family,single_family,single_family,170318125004,0.0,False
170318125004006,812500,4,4006,70,92,11849,24.0,47.0,9.0,4.0,4.0,11.0,3.0,32.0,3.0,0.0,39.0,54.0,0.0851,0.234,0.6809,large_mf_7plus,large_mf_7plus,large_mf_7plus,large_mf_7plus,170318125004,23.0,True
170318125004007,812500,4,4007,18,23,8117,13.0,17.0,3.0,1.0,1.0,5.0,1.0,11.0,1.0,0.0,11.0,17.0,0.0588,0.2941,0.6471,large_mf_7plus,large_mf_7plus,large_mf_7plus,large_mf_7plus,170318125004,1.0,False
170318125004008,812500,4,4008,18,31,8112,7.0,19.0,4.0,1.0,1.0,6.0,2.0,12.0,1.0,0.0,12.0,19.0,0.0526,0.3158,0.6316,large_mf_7plus,large_mf_7plus,large_mf_7plus,large_mf_7plus,170318125004,-1.0,False
170318125004009,812500,4,4009,13,42,11073,11.0,12.0,11.0,10.0,10.0,2.0,1.0,0.0,0.0,0.0,0.0,12.0,0.8333,0.1667,0.0,mixed,mixed,mixed,mixed,170318125004,1.0,False
170318125004010,812500,4,4010,22,39,8058,23.0,23.0,4.0,1.0,1.0,4.0,2.0,18.0,1.0,0.0,18.0,23.0,0.0435,0.1739,0.7826,large_mf_7plus,large_mf_7plus,large_mf_7plus,large_mf_7plus,170318125004,-1.0,False
170318125004011,812500,4,4011,7,24,7067,7.0,7.0,7.0,7.0,7.0,0.0,0.0,0.0,0.0,0.0,0.0,7.0,1.0,0.0,0.0,single_family,single_family,single_family,single_family,170318125004,0.0,False
170318125004012,812500,4,4012,6,21,6961,6.0,6.0,6.0,6.0,6.0,0.0,0.0,0.0,0.0,0.0,0.0,6.0,1.0,0.0,0.0,single_family,single_family,single_family,single_family,170318125004,0.0,False
170318125004013,812500,4,4013,10,37,10181,10.0,10.0,10.0,10.0,10.0,0.0,0.0,0.0,0.0,0.0,0.0,10.0,1.0,0.0,0.0,single_family,single_family,single_family,single_family,170318125004,0.0,False
170318125004014,812500,4,4014,18,26,10324,9.0,15.0,9.0,7.0,7.0,8.0,2.0,0.0,0.0,0.0,0.0,15.0,0.4667,0.5333,0.0,small_mf_2_6,small_mf_2_6,small_mf_2_6,small_mf_2_6,170318125004,3.0,False
170318125004015,812500,4,4015,12,42,10265,10.0,11.0,10.0,9.0,9.0,2.0,1.0,0.0,0.0,0.0,0.0,11.0,0.8182,0.1818,0.0,mixed,mixed,mixed,mixed,170318125004,1.0,False
170318125004016,812500,4,4016,12,38,11036,10.0,11.0,10.0,9.0,9.0,2.0,1.0,0.0,0.0,0.0,0.0,11.0,0.8182,0.1818,0.0,mixed,mixed,mixed,mixed,170318125004,1.0,False
170318125004017,812500,4,4017,38,63,11102,40.0,39.0,10.0,8.0,8.0,0.0,0.0,31.0,2.0,0.0,31.0,39.0,0.2051,0.0,0.7949,large_mf_7plus,large_mf_7plus,large_mf_7plus,large_mf_7plus,170318125004,-1.0,False
170318125004018,812500,4,4018,61,111,11057,58.0,60.0,8.0,5.0,5.0,4.0,2.0,51.0,1.0,0.0,51.0,60.0,0.0833,0.0667,0.85,large_mf_7plus,large_mf_7plus,large_mf_7plus,large_mf_7plus,170318125004,1.0,False
170318125004019,812500,4,4019,11,30,10294,7.0,9.0,7.0,5.0,5.0,4.0,2.0,0.0,0.0,0.0,0.0,9.0,0.5556,0.4444,0.0,mixed,mixed,mixed,mixed,170318125004,2.0,False
170318125004020,812500,4,4020,9,38,10336,9.0,9.0,9.0,9.0,9.0,0.0,0.0,0.0,0.0,0.0,0.0,9.0,1.0,0.0,0.0,single_family,single_family,single_family,single_family,170318125004,0.0,False
170318125004021,812500,4,4021,9,26,10412,10.0,9.0,9.0,9.0,9.0,0.0,0.0,0.0,0.0,0.0,0.0,9.0,1.0,0.0,0.0,single_family,single_family,single_family,single_family,170318125004,0.0,False
170318126001000,812600,1,1000,248,307,35014,61.0,140.0,21.0,8.0,8.0,17.0,7.0,115.0,6.0,0.0,115.0,140.0,0.0571,0.1214,0.8214,large_mf_7plus,large_mf_7plus,large_mf_7plus,large_mf_7plus,170318126001,108.0,True
170318126001001,812600,1,1001,53,65,4104,2.0,50.00000000000001,1.0,0.0,0.0,0.0,0.0,50.00000000000001,1.0,0.0,50.00000000000001,50.00000000000001,0.0,0.0,1.0,large_mf_7plus,large_mf_7plus,large_mf_7plus,large_mf_7plus,170318126001,2.999999999999993,False
170318126001002,812600,1,1002,13,38,4092,4.0,11.0,4.0,1.0,1.0,10.0,3.0,0.0,0.0,0.0,0.0,11.0,0.0909,0.9091,0.0,small_mf_2_6,small_mf_2_6,small_mf_2_6,small_mf_2_6,170318126001,2.0,False
170318126001003,812600,1,1003,16,43,13013,13.0,17.0,13.0,12.0,12.0,5.0,1.0,0.0,0.0,0.0,0.0,17.0,0.7059,0.2941,0.0,mixed,mixed,mixed,mixed,170318126001,-1.0,False
170318126001004,812600,1,1004,4,8,4336,3.0,19.0,1.0,0.0,0.0,0.0,0.0,19.0,1.0,0.0,19.0,19.0,0.0,0.0,1.0,large_mf_7plus,large_mf_7plus,large_mf_7plus,large_mf_7plus,170318126001,-15.0,False
170318126001005,812600,1,1005,14,55,9131,11.0,15.0,11.0,7.0,7.0,8.0,4.0,0.0,0.0,0.0,0.0,15.0,0.4667,0.5333,0.0,small_mf_2_6,small_mf_2_6,small_mf_2_6,small_mf_2_6,170318126001,-1.0,False
170318126001006,812600,1,1006,32,42,9830,42.0,44.0,7.0,4.0,4.0,4.0,2.0,36.0,1.0,0.0,36.0,44.0,0.0909,0.0909,0.8182,large_mf_7plus,large_mf_7plus,large_mf_7plus,large_mf_7plus,170318126001,-12.0,False
170318126001007,812600,1,1007,15,37,9892,9.0,12.0,9.0,6.0,6.0,6.0,3.0,0.0,0.0,0.0,0.0,12.0,0.5,0.5,0.0,small_mf_2_6,small_mf_2_6,small_mf_2_6,small_mf_2_6,170318126001,3.0,False
170318126001008,812600,1,1008,13,44,9895,11.0,13.0,10.0,7.0,7.0,6.0,3.0,0.0,0.0,0.0,0.0,13.0,0.5385,0.4615,0.0,mixed,mixed,mixed,mixed,170318126001,0.0,False
170318126001009,812600,1,1009,17,71,8904,10.0,13.0,10.0,7.0,7.0,6.0,3.0,0.0,0.0,0.0,0.0,13.0,0.5385,0.4615,0.0,mixed,mixed,mixed,mixed,170318126001,4.0,False
170318126001010,812600,1,1010,9,33,9098,9.0,9.0,9.0,9.0,9.0,0.0,0.0,0.0,0.0,0.0,0.0,9.0,1.0,0.0,0.0,single_family,single_family,single_family,single_family,170318126001,0.0,False
170318126001011,812600,1,1011,8,24,9952,9.0,8.0,8.0,8.0,8.0,0.0,0.0,0.0,0.0,0.0,0.0,8.0,1.0,0.0,0.0,single_family,single_family,single_family,single_family,170318126001,0.0,False
170318126001012,812600,1,1012,9,42,10310,9.0,7.0,7.0,7.0,7.0,0.0,0.0,0.0,0.0,0.0,0.0,7.0,1.0,0.0,0.0,single_family,single_family,single_family,single_family,170318126001,2.0,False
170318126002000,812600,2,2000,61,122,10735,58.0,59.0,7.0,3.0,3.0,3.0,1.0,53.0,3.0,0.0,53.0,59.0,0.0508,0.0508,0.8983,large_mf_7plus,large_mf_7plus,large_mf_7plus,large_mf_7plus,170318126002,2.0,False
170318126002001,812600,2,2001,11,43,10658,10.0,10.0,10.0,10.0,10.0,0.0,0.0,0.0,0.0,0.0,0.0,10.0,1.0,0.0,0.0,single_family,single_family,single_family,single_family,170318126002,1.0,False
170318126002002,812600,2,2002,10,30,10616,10.0,10.0,10.0,10.0,10.0,0.0,0.0,0.0,0.0,0.0,0.0,10.0,1.0,0.0,0.0,single_family,single_family,single_family,single_family,170318126002,0.0,False
170318126002003,812600,2,2003,30,91,21061,28.0,30.0,23.0,20.0,20.0,10.0,3.0,0.0,0.0,0.0,0.0,30.0,0.6667,0.3333,0.0,mixed,mixed,mixed,mixed,170318126002,0.0,False
170318126002004,812600,2,2004,13,38,10561,12.0,13.0,11.0,10.0,10.0,3.0,1.0,0.0,0.0,0.0,0.0,13.0,0.7692,0.2308,0.0,mixed,mixed,mixed,mixed,170318126002,0.0,False
170318126002005,812600,2,2005,51,85,8297,7.0,49.0,7.0,1.0,1.0,8.0,4.0,40.0,2.0,0.0,40.0,49.0,0.0204,0.1633,0.8163,large_mf_7plus,large_mf_7plus,large_mf_7plus,large_mf_7plus,170318126002,2.0,False
170318126002006,812600,2,2006,54,83,8142,26.0,41.0,8.0,3.0,3.0,9.0,3.0,29.0,2.0,0.0,29.0,41.0,0.0732,0.2195,0.7073,large_mf_7plus,large_mf_7plus,large_mf_7plus,large_mf_7plus,170318126002,13.0,False
170318126002007,812600,2,2007,86,121,8129,4.0,85.0,2.0,0.0,0.0,0.0,0.0,85.0,2.0,0.0,85.0,85.0,0.0,0.0,1.0,large_mf_7plus,large_mf_7plus,large_mf_7plus,large_mf_7plus,170318126002,1.0,False
170318126002008,812600,2,2008,106,185,37689,52.0,82.0,22.0,13.0,13.0,20.0,7.0,49.0,2.0,0.0,49.0,82.0,0.1585,0.2439,0.5976,large_mf_7plus,large_mf_7plus,large_mf_7plus,large_mf_7plus,170318126002,24.0,False
170318126002009,812600,2,2009,54,108,8024,33.0,44.0,6.0,1.0,1.0,10.0,3.0,33.0,2.0,0.0,33.0,44.0,0.0227,0.2273,0.75,large_mf_7plus,large_mf_7plus,large_mf_7plus,large_mf_7plus,170318126002,10.0,False
170318126002010,812600,2,2010,2,19,7047,10.0,9.0,2.0,0.0,0.0,9.0,2.0,0.0,0.0,0.0,0.0,9.0,0.0,1.0,0.0,small_mf_2_6,small_mf_2_6,small_mf_2_6,small_mf_2_6,170318126002,-7.0,False
170318126002011,812600,2,2011,35,75,7074,8.0,38.0,7.0,6.0,6.0,0.0,0.0,32.0,1.0,0.0,32.0,38.0,0.1579,0.0,0.8421,large_mf_7plus,large_mf_7plus,large_mf_7plus,large_mf_7plus,170318126002,-3.0,False
170318126002012,812600,2,2012,60,101,7150,10.0,60.0,5.0,3.0,3.0,6.0,1.0,51.0,1.0,0.0,51.0,60.0,0.05,0.1,0.85,large_mf_7plus,large_mf_7plus,large_mf_7plus,large_mf_7plus,170318126002,0.0,False
170318126002013,812600,2,2013,49,64,7053,38.0,42.0,6.0,1.0,1.0,7.0,3.0,34.0,2.0,0.0,34.0,42.0,0.0238,0.1667,0.8095,large_mf_7plus,large_mf_7plus,large_mf_7plus,large_mf_7plus,170318126002,7.0,False
170318126002014,812600,2,2014,12,33,7330,18.0,28.0,3.0,0.0,0.0,2.0,1.0,26.0,2.0,0.0,26.0,28.0,0.0,0.0714,0.9286,large_mf_7plus,large_mf_7plus,large_mf_7plus,large_mf_7plus,170318126002,-16.0,False
170318126002015,812600,2,2015,6,19,7000,10.0,15.0,5.0,0.0,0.0,15.0,5.0,0.0,0.0,0.0,0.0,15.0,0.0,1.0,0.0,small_mf_2_6,small_mf_2_6,small_mf_2_6,small_mf_2_6,170318126002,-9.0,False
170318126003000,812600,3,3000,10,34,9433,10.0,10.0,10.0,10.0,10.0,0.0,0.0,0.0,0.0,0.0,0.0,10.0,1.0,0.0,0.0,single_family,single_family,single_family,single_family,170318126003,0.0,False
170318126003001,812600,3,3001,15,49,11598,16.0,15.0,15.0,15.0,15.0,0.0,0.0,0.0,0.0,0.0,0.0,15.0,1.0,0.0,0.0,single_family,single_family,single_family,single_family,170318126003,0.0,False
170318126003002,812600,3,3002,45,80,11705,58.0,71.0,10.0,7.0,7.0,2.0,1.0,62.0,2.0,0.0,62.0,71.0,0.0986,0.0282,0.8732,large_mf_7plus,large_mf_7plus,large_mf_7plus,large_mf_7plus,170318126003,-26.0,False
170318126003003,812600,3,3003,20,52,12315,15.0,17.0,14.0,11.0,11.0,6.0,3.0,0.0,0.0,0.0,0.0,17.0,0.6471,0.3529,0.0,mixed,mixed,mixed,mixed,170318126003,3.0,False
170318126003004,812600,3,3004,12,45,10618,10.0,11.0,10.0,9.0,9.0,2.0,1.0,0.0,0.0,0.0,0.0,11.0,0.8182,0.1818,0.0,mixed,mixed,mixed,mixed,170318126003,1.0,False
170318126003005,812600,3,3005,8,30,9645,9.0,8.0,8.0,8.0,8.0,0.0,0.0,0.0,0.0,0.0,0.0,8.0,1.0,0.0,0.0,single_family,single_family,single_family,single_family,170318126003,0.0,False
170318126003006,812600,3,3006,30,64,9608,21.0,24.0,9.0,5.0,5.0,6.0,3.0,13.0,1.0,0.0,13.0,24.0,0.2083,0.25,0.5417,large_mf_7plus,large_mf_7plus,large_mf_7plus,large_mf_7plus,170318126003,6.0,False
170318126003007,812600,3,3007,84,115,7082,3.0,84.0,3.0,0.0,0.0,6.0,1.0,78.0,2.0,0.0,78.0,84.0,0.0,0.0714,0.9286,large_mf_7plus,large_mf_7plus,large_mf_7plus,large_mf_7plus,170318126003,0.0,False
170318126003008,812600,3,3008,68,93,7269,6.0,66.0,6.0,0.0,0.0,16.0,5.0,50.0,1.0,0.0,50.0,66.0,0.0,0.2424,0.7576,large_mf_7plus,large_mf_7plus,large_mf_7plus,large_mf_7plus,170318126003,2.0,False
170318126003009,812600,3,3009,122,186,37561,106.0,170.0,15.0,9.0,9.0,0.0,0.0,161.0,6.0,32.0,136.0,145.0,0.0529,0.0,0.9471,large_mf_7plus,large_mf_7plus,large_mf_7plus,large_mf_7plus,170318126003,-48.0,False
170318126003010,812600,3,3010,109,148,7717,37.0,103.0,3.0,0.0,0.0,0.0,0.0,103.0,3.0,0.0,103.0,103.0,0.0,0.0,1.0,large_mf_7plus,large_mf_7plus,large_mf_7plus,large_mf_7plus,170318126003,6.0,False
170318126003011,812600,3,3011,0,0,7186,9.0,0.0,0.0,0.0,0.0,0.0,0.0,0.0,0.0,0.0,0.0,0.0,0.0,0.0,0.0,no_housing,no_housing,no_housing,no_housing,170318126003,0.0,False
170318126003012,812600,3,3012,29,52,7247,7.0,38.0,4.0,0.0,0.0,9.0,2.0,29.0,2.0,0.0,29.0,38.0,0.0,0.2368,0.7632,large_mf_7plus,large_mf_7plus,large_mf_7plus,large_mf_7plus,170318126003,-9.0,False
170318126003013,812600,3,3013,0,0,7058,6.0,0.0,0.0,0.0,0.0,0.0,0.0,0.0,0.0,0.0,0.0,0.0,0.0,0.0,0.0,no_housing,no_housing,no_housing,no_housing,170318126003,0.0,False
170318126003014,812600,3,3014,60,102,5699,44.0,53.0,3.0,0.0,0.0,0.0,0.0,53.0,3.0,0.0,53.0,53.0,0.0,0.0,1.0,large_mf_7plus,large_mf_7plus,large_mf_7plus,large_mf_7plus,170318126003,7.0,False
170318126003015,812600,3,3015,10,28,5618,6.0,8.0,6.0,4.0,4.0,4.0,2.0,0.0,0.0,0.0,0.0,8.0,0.5,0.5,0.0,small_mf_2_6,small_mf_2_6,small_mf_2_6,small_mf_2_6,170318126003,2.0,False
170318126004000,812600,4,4000,86,126,17414,16.0,59.0,11.0,9.0,9.0,4.0,1.0,46.0,1.0,0.0,46.0,59.0,0.1525,0.0678,0.7797,large_mf_7plus,large_mf_7plus,large_mf_7plus,large_mf_7plus,170318126004,27.0,True
170318126004001,812600,4,4001,68,113,8115,24.0,79.0,23.0,22.0,22.0,0.0,0.0,57.0,1.0,0.0,57.0,79.0,0.2785,0.0,0.7215,large_mf_7plus,large_mf_7plus,large_mf_7plus,large_mf_7plus,170318126004,-11.0,False
170318126004002,812600,4,4002,65,119,16862,132.0,129.0,13.0,11.0,11.0,2.0,1.0,116.0,1.0,0.0,116.0,129.0,0.0853,0.0155,0.8992,large_mf_7plus,large_mf_7plus,large_mf_7plus,large_mf_7plus,170318126004,-64.0,False
170318126004003,812600,4,4003,29,57,9222,26.0,26.0,11.0,10.0,10.0,0.0,0.0,16.0,1.0,0.0,16.0,26.0,0.3846,0.0,0.6154,large_mf_7plus,large_mf_7plus,large_mf_7plus,large_mf_7plus,170318126004,3.0,False
170318126004004,812600,4,4004,27,47,9423,9.0,19.0,7.0,6.0,6.0,0.0,0.0,13.0,1.0,0.0,13.0,19.0,0.3158,0.0,0.6842,large_mf_7plus,large_mf_7plus,large_mf_7plus,large_mf_7plus,170318126004,8.0,False
170318126004005,812600,4,4005,19,34,8950,8.0,37.0,7.0,6.0,6.0,0.0,0.0,31.0,1.0,0.0,31.0,37.0,0.1622,0.0,0.8378,large_mf_7plus,large_mf_7plus,large_mf_7plus,large_mf_7plus,170318126004,-18.0,False
170318126004006,812600,4,4006,9,32,9754,9.0,9.0,9.0,9.0,9.0,0.0,0.0,0.0,0.0,0.0,0.0,9.0,1.0,0.0,0.0,single_family,single_family,single_family,single_family,170318126004,0.0,False
170318126004007,812600,4,4007,36,72,9836,10.0,33.0,9.0,8.0,8.0,0.0,0.0,25.0,1.0,0.0,25.0,33.0,0.2424,0.0,0.7576,large_mf_7plus,large_mf_7plus,large_mf_7plus,large_mf_7plus,170318126004,3.0,False
170318126004008,812600,4,4008,12,41,13143,12.0,12.0,12.0,12.0,12.0,0.0,0.0,0.0,0.0,0.0,0.0,12.0,1.0,0.0,0.0,single_family,single_family,single_family,single_family,170318126004,0.0,False
170318126004009,812600,4,4009,15,45,13158,15.0,15.0,15.0,15.0,15.0,0.0,0.0,0.0,0.0,0.0,0.0,15.0,1.0,0.0,0.0,single_family,single_family,single_family,single_family,170318126004,0.0,False
170318126004010,812600,4,4010,10,38,9353,10.0,10.0,10.0,10.0,10.0,0.0,0.0,0.0,0.0,0.0,0.0,10.0,1.0,0.0,0.0,single_family,single_family,single_family,single_family,170318126004,0.0,False
170318126004011,812600,4,4011,9,32,10455,9.0,9.0,9.0,9.0,9.0,0.0,0.0,0.0,0.0,0.0,0.0,9.0,1.0,0.0,0.0,single_family,single_family,single_family,single_family,170318126004,0.0,False
170318126004012,812600,4,4012,14,38,12010,15.0,14.0,14.0,14.0,14.0,0.0,0.0,0.0,0.0,0.0,0.0,14.0,1.0,0.0,0.0,single_family,single_family,single_family,single_family,170318126004,0.0,False
170318127001000,812700,1,1000,39,58,7488,16.0,38.0,15.0,11.0,11.0,4.0,2.0,23.0,3.0,0.0,30.0,45.0,0.2895,0.1053,0.6053,large_mf_7plus,large_mf_7plus,large_mf_7plus,large_mf_7plus,170318127001,1.0,False
170318127001001,812700,1,1001,67,77,17540,59.0,63.0,13.0,9.0,9.0,2.0,1.0,52.0,3.0,0.0,52.0,63.0,0.1429,0.0317,0.8254,large_mf_7plus,large_mf_7plus,large_mf_7plus,large_mf_7plus,170318127001,4.0,False
170318127001002,812700,1,1002,9,22,9462,9.0,9.0,9.0,9.0,9.0,0.0,0.0,0.0,0.0,0.0,0.0,9.0,1.0,0.0,0.0,single_family,single_family,single_family,single_family,170318127001,0.0,False
170318127001003,812700,1,1003,12,31,13298,13.0,12.0,12.0,12.0,12.0,0.0,0.0,0.0,0.0,0.0,0.0,12.0,1.0,0.0,0.0,single_family,single_family,single_family,single_family,170318127001,0.0,False
170318127001004,812700,1,1004,14,50,13294,12.0,14.0,12.0,10.0,10.0,4.0,2.0,0.0,0.0,0.0,0.0,14.0,0.7143,0.2857,0.0,mixed,mixed,mixed,mixed,170318127001,0.0,False
170318127001005,812700,1,1005,11,31,13411,11.0,11.0,11.0,11.0,11.0,0.0,0.0,0.0,0.0,0.0,0.0,11.0,1.0,0.0,0.0,single_family,single_family,single_family,single_family,170318127001,0.0,False
170318127001006,812700,1,1006,9,30,9495,9.0,9.0,9.0,9.0,9.0,0.0,0.0,0.0,0.0,0.0,0.0,9.0,1.0,0.0,0.0,single_family,single_family,single_family,single_family,170318127001,0.0,False
170318127001007,812700,1,1007,10,33,9423,10.0,10.0,10.0,10.0,10.0,0.0,0.0,0.0,0.0,0.0,0.0,10.0,1.0,0.0,0.0,single_family,single_family,single_family,single_family,170318127001,0.0,False
170318127001008,812700,1,1008,16,67,13220,13.0,16.0,13.0,12.0,12.0,4.0,1.0,0.0,0.0,0.0,0.0,16.0,0.75,0.25,0.0,mixed,mixed,mixed,mixed,170318127001,0.0,False
170318127001009,812700,1,1009,7,27,8842,8.0,7.0,7.0,7.0,7.0,0.0,0.0,0.0,0.0,0.0,0.0,7.0,1.0,0.0,0.0,single_family,single_family,single_family,single_family,170318127001,0.0,False
170318127001010,812700,1,1010,8,41,8852,9.0,8.0,8.0,8.0,8.0,0.0,0.0,0.0,0.0,0.0,0.0,8.0,1.0,0.0,0.0,single_family,single_family,single_family,single_family,170318127001,0.0,False
170318127001011,812700,1,1011,7,27,8821,7.0,7.0,7.0,7.0,7.0,0.0,0.0,0.0,0.0,0.0,0.0,7.0,1.0,0.0,0.0,single_family,single_family,single_family,single_family,170318127001,0.0,False
170318127001012,812700,1,1012,9,30,8719,7.0,8.0,7.0,6.0,6.0,2.0,1.0,0.0,0.0,0.0,0.0,8.0,0.75,0.25,0.0,mixed,mixed,mixed,mixed,170318127001,1.0,False
170318127001013,812700,1,1013,73,99,8223,37.0,67.0,4.0,1.0,1.0,0.0,0.0,66.0,3.0,0.0,66.0,67.0,0.0149,0.0,0.9851,large_mf_7plus,large_mf_7plus,large_mf_7plus,large_mf_7plus,170318127001,6.0,False
170318127001014,812700,1,1014,25,37,8139,21.0,30.0,6.0,1.0,1.0,10.0,3.0,19.0,2.0,0.0,19.0,30.0,0.0333,0.3333,0.6333,large_mf_7plus,large_mf_7plus,large_mf_7plus,large_mf_7plus,170318127001,-5.0,False
170318127001015,812700,1,1015,48,83,8150,21.0,49.0,8.0,1.0,1.0,15.0,4.0,33.0,3.0,0.0,33.0,49.0,0.0204,0.3061,0.6735,large_mf_7plus,large_mf_7plus,large_mf_7plus,large_mf_7plus,170318127001,-1.0,False
170318127001016,812700,1,1016,105,180,18944,32.0,78.0,14.0,3.0,3.0,16.0,7.0,59.0,4.0,0.0,59.0,78.0,0.0385,0.2051,0.7564,large_mf_7plus,large_mf_7plus,large_mf_7plus,large_mf_7plus,170318127001,27.0,False
170318127001017,812700,1,1017,35,75,19903,35.0,37.0,4.0,0.0,0.0,4.0,2.0,33.0,2.0,0.0,33.0,37.0,0.0,0.1081,0.8919,large_mf_7plus,large_mf_7plus,large_mf_7plus,large_mf_7plus,170318127001,-2.0,False
170318127001018,812700,1,1018,25,65,5420,24.0,25.0,15.0,12.0,12.0,6.0,2.0,7.0,1.0,0.0,7.0,25.0,0.48,0.24,0.28,mixed,mixed,mixed,mixed,170318127001,0.0,False
170318127002000,812700,2,2000,22,21,8405,11.0,14.0,11.0,10.0,10.0,4.0,1.0,0.0,0.0,0.0,0.0,14.0,0.7143,0.2857,0.0,mixed,mixed,mixed,mixed,170318127002,8.0,True
170318127002001,812700,2,2001,37,70,8423,59.0,36.0,23.0,20.0,20.0,4.0,2.0,12.0,1.0,0.0,12.0,36.0,0.5556,0.1111,0.3333,mixed,mixed,mixed,mixed,170318127002,1.0,False
170318127002002,812700,2,2002,15,56,9448,21.0,21.0,8.0,6.0,6.0,2.0,1.0,13.0,1.0,0.0,13.0,21.0,0.2857,0.0952,0.619,large_mf_7plus,large_mf_7plus,large_mf_7plus,large_mf_7plus,170318127002,-6.0,False
170318127002003,812700,2,2003,26,49,9545,67.0,65.0,6.0,4.0,4.0,0.0,0.0,61.0,2.0,0.0,61.0,65.0,0.0615,0.0,0.9385,large_mf_7plus,large_mf_7plus,large_mf_7plus,large_mf_7plus,170318127002,-39.0,False
170318127002004,812700,2,2004,8,52,9407,8.0,8.0,8.0,8.0,8.0,0.0,0.0,0.0,0.0,0.0,0.0,8.0,1.0,0.0,0.0,single_family,single_family,single_family,single_family,170318127002,0.0,False
170318127002005,812700,2,2005,7,20,9508,8.0,7.0,7.0,7.0,7.0,0.0,0.0,0.0,0.0,0.0,0.0,7.0,1.0,0.0,0.0,single_family,single_family,single_family,single_family,170318127002,0.0,False
170318127002006,812700,2,2006,13,40,13378,13.0,13.0,12.0,11.0,11.0,2.0,1.0,0.0,0.0,0.0,0.0,13.0,0.8462,0.1538,0.0,mixed,mixed,mixed,mixed,170318127002,0.0,False
170318127002007,812700,2,2007,22,45,13347,22.0,23.0,11.0,9.0,9.0,2.0,1.0,12.0,1.0,0.0,12.0,23.0,0.3913,0.087,0.5217,large_mf_7plus,large_mf_7plus,large_mf_7plus,large_mf_7plus,170318127002,-1.0,False
170318127002008,812700,2,2008,12,51,13492,12.0,12.0,12.0,12.0,12.0,0.0,0.0,0.0,0.0,0.0,0.0,12.0,1.0,0.0,0.0,single_family,single_family,single_family,single_family,170318127002,0.0,False
170318127002009,812700,2,2009,14,41,13319,12.0,14.0,12.0,10.0,10.0,4.0,2.0,0.0,0.0,0.0,0.0,14.0,0.7143,0.2857,0.0,mixed,mixed,mixed,mixed,170318127002,0.0,False
170318127002010,812700,2,2010,10,30,8873,8.0,10.0,7.0,6.0,6.0,4.0,1.0,0.0,0.0,0.0,0.0,10.0,0.6,0.4,0.0,mixed,mixed,mixed,mixed,170318127002,0.0,False
170318127002011,812700,2,2011,7,19,8982,9.0,7.0,7.0,7.0,7.0,0.0,0.0,0.0,0.0,0.0,0.0,7.0,1.0,0.0,0.0,single_family,single_family,single_family,single_family,170318127002,0.0,False
170318127002012,812700,2,2012,43,84,12847,44.0,42.0,6.0,4.0,4.0,2.0,1.0,36.0,1.0,0.0,36.0,42.0,0.0952,0.0476,0.8571,large_mf_7plus,large_mf_7plus,large_mf_7plus,large_mf_7plus,170318127002,1.0,False
170318127002013,812700,2,2013,21,40,12983,18.0,23.0,11.0,8.0,8.0,7.0,2.0,8.0,1.0,0.0,8.0,23.0,0.3478,0.3043,0.3478,mixed,mixed,mixed,mixed,170318127002,-2.0,False
170318127002014,812700,2,2014,68,99,9582,59.0,69.0,5.0,1.0,1.0,2.0,1.0,66.0,3.0,0.0,66.0,69.0,0.0145,0.029,0.9565,large_mf_7plus,large_mf_7plus,large_mf_7plus,large_mf_7plus,170318127002,-1.0,False
170318127002015,812700,2,2015,47,64,3944,47.0,47.0,1.0,0.0,0.0,0.0,0.0,47.0,1.0,0.0,47.0,47.0,0.0,0.0,1.0,large_mf_7plus,large_mf_7plus,large_mf_7plus,large_mf_7plus,170318127002,0.0,False
170318127002016,812700,2,2016,0,0,19064,11.0,0.0,0.0,0.0,0.0,0.0,0.0,0.0,0.0,0.0,0.0,0.0,0.0,0.0,0.0,no_housing,no_housing,no_housing,no_housing,170318127002,0.0,False
170318127002017,812700,2,2017,43,76,8180,44.0,46.0,5.0,2.0,2.0,3.0,1.0,41.0,2.0,0.0,41.0,46.0,0.0435,0.0652,0.8913,large_mf_7plus,large_mf_7plus,large_mf_7plus,large_mf_7plus,170318127002,-3.0,False
170318127002018,812700,2,2018,37,52,7687,31.0,39.0,2.0,0.0,0.0,0.0,0.0,39.0,2.0,0.0,39.0,39.0,0.0,0.0,1.0,large_mf_7plus,large_mf_7plus,large_mf_7plus,large_mf_7plus,170318127002,-2.0,False
170318127002019,812700,2,2019,0,0,7860,4.0,0.0,0.0,0.0,0.0,0.0,0.0,0.0,0.0,0.0,0.0,0.0,0.0,0.0,0.0,no_housing,no_housing,no_housing,no_housing,170318127002,0.0,False
170318127002020,812700,2,2020,21,33,5552,22.0,22.0,10.0,8.0,8.0,4.0,1.0,10.0,1.0,0.0,10.0,22.0,0.3636,0.1818,0.4545,mixed,mixed,mixed,mixed,170318127002,-1.0,False
170318127003000,812700,3,3000,30,42,8503,24.0,29.0,8.0,1.0,1.0,11.0,5.0,17.0,2.0,0.0,17.0,29.0,0.0345,0.3793,0.5862,large_mf_7plus,large_mf_7plus,large_mf_7plus,large_mf_7plus,170318127003,1.0,False
170318127003001,812700,3,3001,14,32,8967,17.0,20.0,15.0,14.0,14.0,6.0,1.0,0.0,0.0,0.0,0.0,20.0,0.7,0.3,0.0,mixed,mixed,mixed,mixed,170318127003,-6.0,False
170318127003002,812700,3,3002,8,32,9464,8.0,7.0,7.0,7.0,7.0,0.0,0.0,0.0,0.0,0.0,0.0,7.0,1.0,0.0,0.0,single_family,single_family,single_family,single_family,170318127003,1.0,False
170318127003003,812700,3,3003,8,37,9447,9.0,8.0,8.0,8.0,8.0,0.0,0.0,0.0,0.0,0.0,0.0,8.0,1.0,0.0,0.0,single_family,single_family,single_family,single_family,170318127003,0.0,False
170318127003004,812700,3,3004,11,36,13356,10.0,10.0,10.0,10.0,10.0,0.0,0.0,0.0,0.0,0.0,0.0,10.0,1.0,0.0,0.0,single_family,single_family,single_family,single_family,170318127003,1.0,False
170318127003005,812700,3,3005,10,31,13266,9.0,9.0,9.0,9.0,9.0,0.0,0.0,0.0,0.0,0.0,0.0,9.0,1.0,0.0,0.0,single_family,single_family,single_family,single_family,170318127003,1.0,False
170318127003006,812700,3,3006,10,40,13166,12.0,10.0,10.0,10.0,10.0,0.0,0.0,0.0,0.0,0.0,0.0,10.0,1.0,0.0,0.0,single_family,single_family,single_family,single_family,170318127003,0.0,False
170318127003007,812700,3,3007,12,38,9500,8.0,9.0,6.0,3.0,3.0,6.0,3.0,0.0,0.0,0.0,0.0,9.0,0.3333,0.6667,0.0,small_mf_2_6,small_mf_2_6,small_mf_2_6,small_mf_2_6,170318127003,3.0,False
170318127003008,812700,3,3008,25,43,9576,30.0,24.0,1.0,0.0,0.0,0.0,0.0,24.0,1.0,0.0,24.0,24.0,0.0,0.0,1.0,large_mf_7plus,large_mf_7plus,large_mf_7plus,large_mf_7plus,170318127003,1.0,False
170318127003009,812700,3,3009,117,137,13303,77.0,130.0,6.0,0.0,0.0,8.0,2.0,122.0,4.0,0.0,122.0,130.0,0.0,0.0615,0.9385,large_mf_7plus,large_mf_7plus,large_mf_7plus,large_mf_7plus,170318127003,-13.0,False
170318127003010,812700,3,3010,85,165,25868,27.0,80.0,25.0,14.0,14.0,24.0,9.0,42.0,2.0,0.0,42.0,80.0,0.175,0.3,0.525,large_mf_7plus,large_mf_7plus,large_mf_7plus,large_mf_7plus,170318127003,5.0,False
170318127003011,812700,3,3011,33,66,12901,43.0,52.0,10.0,7.0,7.0,6.0,1.0,39.0,2.0,0.0,39.0,52.0,0.1346,0.1154,0.75,large_mf_7plus,large_mf_7plus,large_mf_7plus,large_mf_7plus,170318127003,-19.0,False
170318127003012,812700,3,3012,29,80,12867,26.0,29.0,26.0,24.0,24.0,5.0,2.0,0.0,0.0,0.0,0.0,29.0,0.8276,0.1724,0.0,mixed,mixed,mixed,mixed,170318127003,0.0,False
170318127003013,812700,3,3013,73,84,9463,71.0,74.0,4.0,1.0,1.0,5.0,2.0,68.0,1.0,0.0,68.0,74.0,0.0135,0.0676,0.9189,large_mf_7plus,large_mf_7plus,large_mf_7plus,large_mf_7plus,170318127003,-1.0,False
170318127003014,812700,3,3014,58,69,17349,51.0,55.0,6.0,2.0,2.0,5.0,2.0,48.0,2.0,0.0,48.0,55.0,0.0364,0.0909,0.8727,large_mf_7plus,large_mf_7plus,large_mf_7plus,large_mf_7plus,170318127003,3.0,False
170318127003015,812700,3,3015,193,176,21846,31.0,373.0,4.0,0.0,0.0,0.0,0.0,373.0,4.0,352.0,35.0,35.0,0.0,0.0,1.0,large_mf_7plus,large_mf_7plus,large_mf_7plus,large_mf_7plus,170318127003,-180.0,False
170318127003016,812700,3,3016,46,79,5621,23.0,45.0,4.0,1.0,1.0,0.0,0.0,44.0,3.0,0.0,44.0,45.0,0.0222,0.0,0.9778,large_mf_7plus,large_mf_7plus,large_mf_7plus,large_mf_7plus,170318127003,1.0,False
170318128011000,812801,1,1000,80,161,11990,23.0,63.0,14.0,8.0,8.0,9.0,4.0,46.0,2.0,0.0,46.0,63.0,0.127,0.1429,0.7302,large_mf_7plus,large_mf_7plus,large_mf_7plus,large_mf_7plus,170318128011,17.0,False
170318128011001,812801,1,1001,50,86,11077,77.0,67.0,12.0,10.0,10.0,0.0,0.0,57.0,2.0,0.0,57.0,67.0,0.1493,0.0,0.8507,large_mf_7plus,large_mf_7plus,large_mf_7plus,large_mf_7plus,170318128011,-17.0,False
170318128011002,812801,1,1002,62,86,11807,21.0,42.0,4.0,0.0,0.0,6.0,2.0,36.0,2.0,0.0,36.0,42.0,0.0,0.1429,0.8571,large_mf_7plus,large_mf_7plus,large_mf_7plus,large_mf_7plus,170318128011,20.0,True
170318128011003,812801,1,1003,297,304,10371,8.0,299.0,6.0,1.0,1.0,9.0,3.0,289.0,2.0,0.0,289.0,299.0,0.0033,0.0301,0.9666,large_mf_7plus,large_mf_7plus,large_mf_7plus,large_mf_7plus,170318128011,-2.0,False
170318128011004,812801,1,1004,327,375,47529,31.0,129.0,13.0,8.0,8.0,6.0,2.0,115.0,3.0,0.0,115.0,129.0,0.062,0.0465,0.8915,large_mf_7plus,large_mf_7plus,large_mf_7plus,large_mf_7plus,170318128011,198.0,True
170318128011005,812801,1,1005,10,27,6812,6.0,8.0,1.0,0.0,0.0,0.0,0.0,8.0,1.0,0.0,8.0,8.0,0.0,0.0,1.0,large_mf_7plus,large_mf_7plus,large_mf_7plus,large_mf_7plus,170318128011,2.0,False
170318128011006,812801,1,1006,53,85,7082,28.0,50.0,5.0,0.0,0.0,6.0,2.0,44.0,3.0,0.0,44.0,50.0,0.0,0.12,0.88,large_mf_7plus,large_mf_7plus,large_mf_7plus,large_mf_7plus,170318128011,3.0,False
170318128011007,812801,1,1007,151,177,13718,50.0,156.0,11.0,2.0,2.0,16.0,5.0,138.0,4.0,0.0,138.0,156.0,0.0128,0.1026,0.8846,large_mf_7plus,large_mf_7plus,large_mf_7plus,large_mf_7plus,170318128011,-5.0,False
170318128011008,812801,1,1008,43,66,4648,43.0,43.0,1.0,0.0,0.0,0.0,0.0,43.0,1.0,0.0,43.0,43.0,0.0,0.0,1.0,large_mf_7plus,large_mf_7plus,large_mf_7plus,large_mf_7plus,170318128011,0.0,False
170318128011009,812801,1,1009,44,84,13701,38.0,43.0,10.0,4.0,4.0,10.0,4.0,29.0,2.0,0.0,29.0,43.0,0.093,0.2326,0.6744,large_mf_7plus,large_mf_7plus,large_mf_7plus,large_mf_7plus,170318128011,1.0,False
170318128011010,812801,1,1010,22,65,4533,27.0,22.0,22.0,22.0,22.0,0.0,0.0,0.0,0.0,0.0,0.0,22.0,1.0,0.0,0.0,single_family,single_family,single_family,single_family,170318128011,0.0,False
170318128011011,812801,1,1011,43,73,4522,22.0,49.0,4.0,0.0,0.0,0.0,0.0,49.0,4.0,0.0,49.0,49.0,0.0,0.0,1.0,large_mf_7plus,large_mf_7plus,large_mf_7plus,large_mf_7plus,170318128011,-6.0,False
170318128011012,812801,1,1012,38,73,4542,37.0,37.0,1.0,0.0,0.0,0.0,0.0,37.0,1.0,0.0,37.0,37.0,0.0,0.0,1.0,large_mf_7plus,large_mf_7plus,large_mf_7plus,large_mf_7plus,170318128011,1.0,False
170318128011013,812801,1,1013,96,157,18187,100.0,100.0,30.0,24.0,24.0,15.0,3.0,61.0,3.0,0.0,61.0,100.0,0.24,0.15,0.61,large_mf_7plus,large_mf_7plus,large_mf_7plus,large_mf_7plus,170318128011,-4.0,False
170318128011014,812801,1,1014,26,69,4456,27.0,26.0,26.0,26.0,26.0,0.0,0.0,0.0,0.0,0.0,0.0,26.0,1.0,0.0,0.0,single_family,single_family,single_family,single_family,170318128011,0.0,False
170318128011015,812801,1,1015,89,166,13466,75.0,93.0,16.0,10.0,10.0,6.0,1.0,77.0,5.0,0.0,77.0,93.0,0.1075,0.0645,0.828,large_mf_7plus,large_mf_7plus,large_mf_7plus,large_mf_7plus,170318128011,-4.0,False
170318128011016,812801,1,1016,71,124,9748,85.0,84.0,18.0,13.0,13.0,11.0,3.0,60.0,2.0,0.0,60.0,84.0,0.1548,0.131,0.7143,large_mf_7plus,large_mf_7plus,large_mf_7plus,large_mf_7plus,170318128011,-13.0,False
170318128011017,812801,1,1017,97,163,9717,28.0,103.0,6.0,0.0,0.0,3.0,1.0,100.0,5.0,0.0,100.0,103.0,0.0,0.0291,0.9709,large_mf_7plus,large_mf_7plus,large_mf_7plus,large_mf_7plus,170318128011,-6.0,False
170318128011018,812801,1,1018,10,34,6431,16.0,16.0,4.0,0.0,0.0,9.0,3.0,7.0,1.0,0.0,7.0,16.0,0.0,0.5625,0.4375,small_mf_2_6,small_mf_2_6,small_mf_2_6,small_mf_2_6,170318128011,-6.0,False
170318128012000,812801,2,2000,316,295,31441,116.0,376.0,33.0,24.0,24.0,4.0,1.0,348.0,8.0,192.0,177.0,205.0,0.0638,0.0106,0.9255,large_mf_7plus,large_mf_7plus,large_mf_7plus,large_mf_7plus,170318128012,-60.0,False
170318128012001,812801,2,2001,107,194,17431,89.0,87.0,29.0,24.0,24.0,13.0,3.0,50.0,3.0,0.0,57.0,94.0,0.2759,0.1494,0.5747,large_mf_7plus,large_mf_7plus,large_mf_7plus,large_mf_7plus,170318128012,20.0,False
170318128012002,812801,2,2002,67,100,14215,67.0,79.0,10.0,2.0,2.0,13.0,5.0,64.0,3.0,0.0,64.0,79.0,0.0253,0.1646,0.8101,large_mf_7plus,large_mf_7plus,large_mf_7plus,large_mf_7plus,170318128012,-12.0,False
170318128012003,812801,2,2003,127,228,13140,73.0,127.0,12.0,7.0,7.0,6.0,2.0,114.0,3.0,0.0,114.0,127.0,0.0551,0.0472,0.8976,large_mf_7plus,large_mf_7plus,large_mf_7plus,large_mf_7plus,170318128012,0.0,False
170318128012004,812801,2,2004,104,119,12968,39.0,99.0,11.0,2.0,2.0,17.0,5.0,80.0,4.0,0.0,80.0,99.0,0.0202,0.1717,0.8081,large_mf_7plus,large_mf_7plus,large_mf_7plus,large_mf_7plus,170318128012,5.0,False
170318128012005,812801,2,2005,43,76,13843,36.0,49.0,5.0,1.0,1.0,2.0,1.0,46.0,3.0,16.0,37.0,40.0,0.0204,0.0408,0.9388,large_mf_7plus,large_mf_7plus,large_mf_7plus,large_mf_7plus,170318128012,-6.0,False
170318128021000,812802,1,1000,73,85,11276,18.0,78.0,12.0,5.0,5.0,18.0,5.0,55.0,2.0,0.0,55.0,78.0,0.0641,0.2308,0.7051,large_mf_7plus,large_mf_7plus,large_mf_7plus,large_mf_7plus,170318128021,-5.0,False
170318128021001,812802,1,1001,42,30,7887,0.0,0.0,0.0,0.0,0.0,0.0,0.0,0.0,0.0,0.0,0.0,0.0,0.0,0.0,0.0,no_housing,no_housing,no_housing,no_housing,170318128021,42.0,True
170318128021002,812802,1,1002,73,170,28637,53.0,58.0,24.0,16.0,16.0,16.0,6.0,26.0,2.0,0.0,26.0,58.0,0.2759,0.2759,0.4483,mixed,mixed,mixed,mixed,170318128021,15.0,False
170318128021003,812802,1,1003,51,86,12643,48.0,48.0,11.0,9.0,9.0,0.0,0.0,39.0,2.0,0.0,39.0,48.0,0.1875,0.0,0.8125,large_mf_7plus,large_mf_7plus,large_mf_7plus,large_mf_7plus,170318128021,3.0,False
170318128021004,812802,1,1004,47,71,12538,38.0,46.0,11.0,5.0,5.0,13.0,5.0,28.0,1.0,0.0,28.0,46.0,0.1087,0.2826,0.6087,large_mf_7plus,large_mf_7plus,large_mf_7plus,large_mf_7plus,170318128021,1.0,False
170318128021005,812802,1,1005,63,91,12232,78.0,76.0,18.0,17.0,17.0,0.0,0.0,59.0,1.0,0.0,59.0,76.0,0.2237,0.0,0.7763,large_mf_7plus,large_mf_7plus,large_mf_7plus,large_mf_7plus,170318128021,-13.0,False
170318128021006,812802,1,1006,60,117,12523,17.0,64.0,14.0,11.0,11.0,2.0,1.0,51.00000000000001,2.0,0.0,51.00000000000001,64.0,0.1719,0.0312,0.7969,large_mf_7plus,large_mf_7plus,large_mf_7plus,large_mf_7plus,170318128021,-4.0,False
170318128022000,812802,2,2000,51,69,10542,7.0,61.0,3.0,0.0,0.0,0.0,0.0,61.0,3.0,0.0,61.0,61.0,0.0,0.0,1.0,large_mf_7plus,large_mf_7plus,large_mf_7plus,large_mf_7plus,170318128022,-10.0,False
170318128022001,812802,2,2001,27,50,10603,16.0,24.0,12.0,6.0,6.0,18.0,6.0,0.0,0.0,0.0,0.0,24.0,0.25,0.75,0.0,small_mf_2_6,small_mf_2_6,small_mf_2_6,small_mf_2_6,170318128022,3.0,False
170318128022002,812802,2,2002,22,33,10597,15.0,18.0,10.0,5.0,5.0,13.0,5.0,0.0,0.0,0.0,0.0,18.0,0.2778,0.7222,0.0,small_mf_2_6,small_mf_2_6,small_mf_2_6,small_mf_2_6,170318128022,4.0,False
170318128022003,812802,2,2003,22,52,10555,11.0,23.0,10.0,4.0,4.0,19.0,6.0,0.0,0.0,0.0,0.0,23.0,0.1739,0.8261,0.0,small_mf_2_6,small_mf_2_6,small_mf_2_6,small_mf_2_6,170318128022,-1.0,False
170318128022004,812802,2,2004,67,121,19221,46.0,68.0,23.0,10.0,10.0,20.0,10.0,38.0,3.0,0.0,38.0,68.0,0.1471,0.2941,0.5588,large_mf_7plus,large_mf_7plus,large_mf_7plus,large_mf_7plus,170318128022,-1.0,False
170318128022005,812802,2,2005,107,181,28537,37.0,102.0,33.0,19.0,19.0,33.0,13.0,50.0,1.0,0.0,50.0,102.0,0.1863,0.3235,0.4902,mixed,mixed,mixed,mixed,170318128022,5.0,False
170318128022006,812802,2,2006,37,78,10681,31.0,35.0,12.0,7.0,7.0,8.0,4.0,20.0,1.0,0.0,20.0,35.0,0.2,0.2286,0.5714,large_mf_7plus,large_mf_7plus,large_mf_7plus,large_mf_7plus,170318128022,2.0,False
170318128022007,812802,2,2007,14,43,10752,11.0,14.0,11.0,8.0,8.0,6.0,3.0,0.0,0.0,0.0,0.0,14.0,0.5714,0.4286,0.0,mixed,mixed,mixed,mixed,170318128022,0.0,False
170318128022008,812802,2,2008,15,34,10702,11.0,13.0,11.0,9.0,9.0,4.0,2.0,0.0,0.0,0.0,0.0,13.0,0.6923,0.3077,0.0,mixed,mixed,mixed,mixed,170318128022,2.0,False
170318128022009,812802,2,2009,55,96,10729,16.0,53.0,11.0,1.0,1.0,22.0,9.0,30.0,1.0,0.0,30.0,53.0,0.0189,0.4151,0.566,large_mf_7plus,large_mf_7plus,large_mf_7plus,large_mf_7plus,170318128022,2.0,False
170318128023000,812802,3,3000,130,161,11275,49.0,134.0,7.0,0.0,0.0,11.0,3.0,123.0,4.0,0.0,123.0,134.0,0.0,0.0821,0.9179,large_mf_7plus,large_mf_7plus,large_mf_7plus,large_mf_7plus,170318128023,-4.0,False
170318128023001,812802,3,3001,33,63,11207,31.0,32.0,10.0,7.0,7.0,4.0,2.0,21.0,1.0,0.0,21.0,32.0,0.2188,0.125,0.6562,large_mf_7plus,large_mf_7plus,large_mf_7plus,large_mf_7plus,170318128023,1.0,False
170318128023002,812802,3,3002,52,112,11251,11.0,50.0,11.0,8.0,8.0,4.0,2.0,38.0,1.0,0.0,38.0,50.0,0.16,0.08,0.76,large_mf_7plus,large_mf_7plus,large_mf_7plus,large_mf_7plus,170318128023,2.0,False
170318128023003,812802,3,3003,67,123,11183,56.0,63.0,12.0,8.0,8.0,6.0,2.0,49.0,2.0,0.0,49.0,63.0,0.127,0.0952,0.7778,large_mf_7plus,large_mf_7plus,large_mf_7plus,large_mf_7plus,170318128023,4.0,False
170318128023004,812802,3,3004,4,21,25303,5.0,6.0,4.0,2.0,2.0,4.0,2.0,0.0,0.0,0.0,0.0,6.0,0.3333,0.6667,0.0,small_mf_2_6,small_mf_2_6,small_mf_2_6,small_mf_2_6,170318128023,-2.0,False
170318128023005,812802,3,3005,77,123,11354,32.0,81.94239750908147,9.0,6.0,6.0,2.0,1.0,73.94239750908147,2.0,0.0,73.94239750908147,81.94239750908147,0.0732,0.0244,0.9024,large_mf_7plus,large_mf_7plus,large_mf_7plus,large_mf_7plus,170318128023,-4.942397509081474,False
170318128023006,812802,3,3006,75,99,11406,44.0,67.0,15.0,10.0,10.0,4.0,2.0,53.0,3.0,0.0,53.0,67.0,0.1493,0.0597,0.791,large_mf_7plus,large_mf_7plus,large_mf_7plus,large_mf_7plus,170318128023,8.0,False
170318128023007,812802,3,3007,11,17,6060,19.0,19.057602490918526,5.0,0.0,0.0,8.0,3.0,11.057602490918526,2.0,0.0,11.057602490918526,19.057602490918526,0.0,0.4198,0.5802,large_mf_7plus,large_mf_7plus,large_mf_7plus,large_mf_7plus,170318128023,-8.057602490918526,False
170318128023008,812802,3,3008,77,119,8222,23.0,75.0,6.0,3.0,3.0,6.0,1.0,66.0,2.0,0.0,66.0,75.0,0.04,0.08,0.88,large_mf_7plus,large_mf_7plus,large_mf_7plus,large_mf_7plus,170318128023,2.0,False
170318128023009,812802,3,3009,68,120,9221,36.0,71.0,16.0,10.0,10.0,10.0,2.0,51.0,4.0,0.0,51.0,71.0,0.1408,0.1408,0.7183,large_mf_7plus,large_mf_7plus,large_mf_7plus,large_mf_7plus,170318128023,-3.0,False
170318128023010,812802,3,3010,8,44,8950,8.0,16.0,7.0,6.0,6.0,0.0,0.0,10.0,1.0,0.0,10.0,16.0,0.375,0.0,0.625,large_mf_7plus,large_mf_7plus,large_mf_7plus,large_mf_7plus,170318128023,-8.0,False
170318128023011,812802,3,3011,40,60,6394,5.0,38.0,1.0,0.0,0.0,0.0,0.0,38.0,1.0,0.0,38.0,38.0,0.0,0.0,1.0,large_mf_7plus,large_mf_7plus,large_mf_7plus,large_mf_7plus,170318128023,2.0,False
170318128023012,812802,3,3012,38,52,8263,31.0,37.0,7.0,4.0,4.0,8.0,2.0,25.0,1.0,0.0,25.0,37.0,0.1081,0.2162,0.6757,large_mf_7plus,large_mf_7plus,large_mf_7plus,large_mf_7plus,170318128023,1.0,False
170318129001000,812900,1,1000,6,17,6198,6.0,12.0,3.0,0.0,0.0,12.0,3.0,0.0,0.0,0.0,0.0,12.0,0.0,1.0,0.0,small_mf_2_6,small_mf_2_6,small_mf_2_6,small_mf_2_6,170318129001,-6.0,False
170318129001001,812900,1,1001,3,10,6169,4.0,3.0,1.0,0.0,0.0,3.0,1.0,0.0,0.0,0.0,0.0,3.0,0.0,1.0,0.0,small_mf_2_6,small_mf_2_6,small_mf_2_6,small_mf_2_6,170318129001,0.0,False
170318129001002,812900,1,1002,7,22,5951,9.0,8.0,2.0,0.0,0.0,8.0,2.0,0.0,0.0,0.0,0.0,8.0,0.0,1.0,0.0,small_mf_2_6,small_mf_2_6,small_mf_2_6,small_mf_2_6,170318129001,-1.0,False
170318129001003,812900,1,1003,16,19,5984,8.0,21.0,4.0,1.0,1.0,4.0,2.0,16.0,1.0,0.0,16.0,21.0,0.0476,0.1905,0.7619,large_mf_7plus,large_mf_7plus,large_mf_7plus,large_mf_7plus,170318129001,-5.0,False
170318129001004,812900,1,1004,11,35,13299,12.0,170.2999765198739,12.0,11.0,11.0,0.0,0.0,159.2999765198739,1.0,0.0,159.2999765198739,170.2999765198739,0.0646,0.0,0.9354,large_mf_7plus,large_mf_7plus,large_mf_7plus,large_mf_7plus,170318129001,-159.2999765198739,False
170318129001005,812900,1,1005,11,51,7271,11.0,11.0,11.0,11.0,11.0,0.0,0.0,0.0,0.0,0.0,0.0,11.0,1.0,0.0,0.0,single_family,single_family,single_family,single_family,170318129001,0.0,False
170318129001006,812900,1,1006,20,41,7323,23.0,22.0,12.0,11.0,11.0,0.0,0.0,11.0,1.0,0.0,11.0,22.0,0.5,0.0,0.5,large_mf_7plus,large_mf_7plus,large_mf_7plus,large_mf_7plus,170318129001,-2.0,False
170318129001007,812900,1,1007,12,50,7298,12.0,12.0,12.0,12.0,12.0,0.0,0.0,0.0,0.0,0.0,0.0,12.0,1.0,0.0,0.0,single_family,single_family,single_family,single_family,170318129001,0.0,False
170318129001008,812900,1,1008,12,38,7352,12.0,12.0,12.0,12.0,12.0,0.0,0.0,0.0,0.0,0.0,0.0,12.0,1.0,0.0,0.0,single_family,single_family,single_family,single_family,170318129001,0.0,False
170318129001009,812900,1,1009,10,21,7270,10.0,10.0,9.0,8.0,8.0,2.0,1.0,0.0,0.0,0.0,0.0,10.0,0.8,0.2,0.0,mixed,mixed,mixed,mixed,170318129001,0.0,False
170318129001010,812900,1,1010,14,31,7357,13.0,14.0,13.0,12.0,12.0,2.0,1.0,0.0,0.0,0.0,0.0,14.0,0.8571,0.1429,0.0,mixed,mixed,mixed,mixed,170318129001,0.0,False
170318129001011,812900,1,1011,15,45,7314,15.0,14.0,13.0,12.0,12.0,2.0,1.0,0.0,0.0,0.0,0.0,14.0,0.8571,0.1429,0.0,mixed,mixed,mixed,mixed,170318129001,1.0,False
170318129001012,812900,1,1012,14,19,7370,12.0,15.0,10.0,9.0,9.0,6.0,1.0,0.0,0.0,0.0,0.0,15.0,0.6,0.4,0.0,mixed,mixed,mixed,mixed,170318129001,-1.0,False
170318129001013,812900,1,1013,19,51,7127,16.0,18.0,16.0,14.0,14.0,4.0,2.0,0.0,0.0,0.0,0.0,18.0,0.7778,0.2222,0.0,mixed,mixed,mixed,mixed,170318129001,1.0,False
170318129001014,812900,1,1014,16,32,10068,14.0,16.0,14.0,12.0,12.0,4.0,2.0,0.0,0.0,0.0,0.0,16.0,0.75,0.25,0.0,mixed,mixed,mixed,mixed,170318129001,0.0,False
170318129001015,812900,1,1015,14,53,10326,16.0,16.0,15.0,14.0,14.0,2.0,1.0,0.0,0.0,0.0,0.0,16.0,0.875,0.125,0.0,mixed,mixed,mixed,mixed,170318129001,-2.0,False
170318129001016,812900,1,1016,13,43,10293,14.0,13.0,13.0,13.0,13.0,0.0,0.0,0.0,0.0,0.0,0.0,13.0,1.0,0.0,0.0,single_family,single_family,single_family,single_family,170318129001,0.0,False
170318129001017,812900,1,1017,21,66,10337,16.0,19.0,16.0,15.0,15.0,4.0,1.0,0.0,0.0,0.0,0.0,19.0,0.7895,0.2105,0.0,mixed,mixed,mixed,mixed,170318129001,2.0,False
170318129001018,812900,1,1018,20,63,10273,17.0,20.0,17.0,16.0,16.0,4.0,1.0,0.0,0.0,0.0,0.0,20.0,0.8,0.2,0.0,mixed,mixed,mixed,mixed,170318129001,0.0,False
170318129001019,812900,1,1019,17,52,10320,18.0,17.0,17.0,17.0,17.0,0.0,0.0,0.0,0.0,0.0,0.0,17.0,1.0,0.0,0.0,single_family,single_family,single_family,single_family,170318129001,0.0,False
170318129001020,812900,1,1020,17,50,10327,17.0,17.0,17.0,17.0,17.0,0.0,0.0,0.0,0.0,0.0,0.0,17.0,1.0,0.0,0.0,single_family,single_family,single_family,single_family,170318129001,0.0,False
170318129001021,812900,1,1021,15,47,10256,17.0,15.0,15.0,15.0,15.0,0.0,0.0,0.0,0.0,0.0,0.0,15.0,1.0,0.0,0.0,single_family,single_family,single_family,single_family,170318129001,0.0,False
170318129001022,812900,1,1022,12,36,10310,12.0,12.0,12.0,12.0,12.0,0.0,0.0,0.0,0.0,0.0,0.0,12.0,1.0,0.0,0.0,single_family,single_family,single_family,single_family,170318129001,0.0,False
170318129001023,812900,1,1023,17,50,10327,15.0,17.0,15.0,13.0,13.0,4.0,2.0,0.0,0.0,0.0,0.0,17.0,0.7647,0.2353,0.0,mixed,mixed,mixed,mixed,170318129001,0.0,False
170318129002000,812900,2,2000,21,49,10075,16.0,19.0,16.0,13.0,13.0,6.0,3.0,0.0,0.0,0.0,0.0,19.0,0.6842,0.3158,0.0,mixed,mixed,mixed,mixed,170318129002,2.0,False
170318129002001,812900,2,2001,16,59,10327,16.0,16.0,16.0,16.0,16.0,0.0,0.0,0.0,0.0,0.0,0.0,16.0,1.0,0.0,0.0,single_family,single_family,single_family,single_family,170318129002,0.0,False
170318129002002,812900,2,2002,17,43,10326,15.0,17.0,15.0,14.0,14.0,3.0,1.0,0.0,0.0,0.0,0.0,17.0,0.8235,0.1765,0.0,mixed,mixed,mixed,mixed,170318129002,0.0,False
170318129002003,812900,2,2003,15,41,10315,15.0,14.0,14.0,14.0,14.0,0.0,0.0,0.0,0.0,0.0,0.0,14.0,1.0,0.0,0.0,single_family,single_family,single_family,single_family,170318129002,1.0,False
170318129002004,812900,2,2004,14,35,10289,15.0,14.0,13.0,12.0,12.0,2.0,1.0,0.0,0.0,0.0,0.0,14.0,0.8571,0.1429,0.0,mixed,mixed,mixed,mixed,170318129002,0.0,False
170318129002005,812900,2,2005,18,56,10302,18.0,18.0,18.0,18.0,18.0,0.0,0.0,0.0,0.0,0.0,0.0,18.0,1.0,0.0,0.0,single_family,single_family,single_family,single_family,170318129002,0.0,False
170318129002006,812900,2,2006,44,68,10283,15.0,39.0,15.0,12.0,12.0,6.0,2.0,21.0,1.0,0.0,21.0,39.0,0.3077,0.1538,0.5385,large_mf_7plus,large_mf_7plus,large_mf_7plus,large_mf_7plus,170318129002,5.0,False
170318129002007,812900,2,2007,22,71,10276,28.0,28.0,17.0,16.0,16.0,0.0,0.0,12.0,1.0,0.0,12.0,28.0,0.5714,0.0,0.4286,mixed,mixed,mixed,mixed,170318129002,-6.0,False
170318129002008,812900,2,2008,13,43,10280,14.0,13.0,13.0,13.0,13.0,0.0,0.0,0.0,0.0,0.0,0.0,13.0,1.0,0.0,0.0,single_family,single_family,single_family,single_family,170318129002,0.0,False
170318129002009,812900,2,2009,15,44,10301,13.0,14.0,13.0,12.0,12.0,2.0,1.0,0.0,0.0,0.0,0.0,14.0,0.8571,0.1429,0.0,mixed,mixed,mixed,mixed,170318129002,1.0,False
170318129002010,812900,2,2010,16,37,7523,14.0,15.0,13.0,11.0,11.0,4.0,2.0,0.0,0.0,0.0,0.0,15.0,0.7333,0.2667,0.0,mixed,mixed,mixed,mixed,170318129002,1.0,False
170318129002011,812900,2,2011,16,45,11636,20.0,15.0,14.0,13.0,13.0,2.0,1.0,0.0,0.0,0.0,0.0,15.0,0.8667,0.1333,0.0,mixed,mixed,mixed,mixed,170318129002,1.0,False
170318129002012,812900,2,2012,18,56,7740,16.0,15.0,15.0,15.0,15.0,0.0,0.0,0.0,0.0,0.0,0.0,15.0,1.0,0.0,0.0,single_family,single_family,single_family,single_family,170318129002,3.0,False
170318129002013,812900,2,2013,75,104,12468,42.0,85.0,17.0,14.0,14.0,0.0,0.0,71.0,3.0,0.0,71.0,85.0,0.1647,0.0,0.8353,large_mf_7plus,large_mf_7plus,large_mf_7plus,large_mf_7plus,170318129002,-10.0,False
170318129002014,812900,2,2014,15,38,15406,18.0,9.0,9.0,9.0,9.0,0.0,0.0,0.0,0.0,0.0,0.0,9.0,1.0,0.0,0.0,single_family,single_family,single_family,single_family,170318129002,6.0,False
170318129002015,812900,2,2015,11,34,7753,14.0,11.0,11.0,11.0,11.0,0.0,0.0,0.0,0.0,0.0,0.0,11.0,1.0,0.0,0.0,single_family,single_family,single_family,single_family,170318129002,0.0,False
170318129002016,812900,2,2016,9,40,7724,9.0,9.0,9.0,9.0,9.0,0.0,0.0,0.0,0.0,0.0,0.0,9.0,1.0,0.0,0.0,single_family,single_family,single_family,single_family,170318129002,0.0,False
170318129002017,812900,2,2017,42,82,10180,36.0,43.25003253749042,17.0,14.0,14.0,0.0,0.0,29.25003253749042,3.0,0.0,29.25003253749042,43.25003253749042,0.3237,0.0,0.6763,large_mf_7plus,large_mf_7plus,large_mf_7plus,large_mf_7plus,170318129002,-1.2500325374904193,False
170318129002018,812900,2,2018,23,42,10191,13.0,20.74996746250958,12.0,8.0,8.0,6.0,3.0,6.74996746250958,1.0,0.0,6.74996746250958,20.74996746250958,0.3855,0.2892,0.3253,mixed,mixed,mixed,mixed,170318129002,2.2500325374904193,False
170318129002019,812900,2,2019,10,38,5092,9.0,10.0,9.0,8.0,8.0,2.0,1.0,0.0,0.0,0.0,0.0,10.0,0.8,0.2,0.0,mixed,mixed,mixed,mixed,170318129002,0.0,False
170318129002020,812900,2,2020,33,61,4943,4.0,38.0,2.0,0.0,0.0,4.0,1.0,34.0,1.0,0.0,34.0,38.0,0.0,0.1053,0.8947,large_mf_7plus,large_mf_7plus,large_mf_7plus,large_mf_7plus,170318129002,-5.0,False
170318129002021,812900,2,2021,0,0,5971,1.0,0.0,0.0,0.0,0.0,0.0,0.0,0.0,0.0,0.0,0.0,0.0,0.0,0.0,0.0,no_housing,no_housing,no_housing,no_housing,170318129002,0.0,False
170318129003000,812900,3,3000,0,0,5998,5.0,17.700023480126127,1.0,0.0,0.0,0.0,0.0,17.700023480126127,1.0,0.0,17.700023480126127,17.700023480126127,0.0,0.0,1.0,large_mf_7plus,large_mf_7plus,large_mf_7plus,large_mf_7plus,170318129003,-17.700023480126127,False
170318129003001,812900,3,3001,0,0,5396,4.0,0.0,0.0,0.0,0.0,0.0,0.0,0.0,0.0,0.0,0.0,0.0,0.0,0.0,0.0,no_housing,no_housing,no_housing,no_housing,170318129003,0.0,False
170318129003002,812900,3,3002,13,36,10908,15.0,13.0,13.0,13.0,13.0,0.0,0.0,0.0,0.0,0.0,0.0,13.0,1.0,0.0,0.0,single_family,single_family,single_family,single_family,170318129003,0.0,False
170318129003003,812900,3,3003,8,26,5087,7.0,7.0,6.0,5.0,5.0,2.0,1.0,0.0,0.0,0.0,0.0,7.0,0.7143,0.2857,0.0,mixed,mixed,mixed,mixed,170318129003,1.0,False
170318129003004,812900,3,3004,17,61,18870,20.0,17.0,17.0,17.0,17.0,0.0,0.0,0.0,0.0,0.0,0.0,17.0,1.0,0.0,0.0,single_family,single_family,single_family,single_family,170318129003,0.0,False
170318129003005,812900,3,3005,20,46,9430,11.0,21.0,11.0,10.0,10.0,0.0,0.0,11.0,1.0,0.0,11.0,21.0,0.4762,0.0,0.5238,large_mf_7plus,large_mf_7plus,large_mf_7plus,large_mf_7plus,170318129003,-1.0,False
170318129003006,812900,3,3006,9,27,9356,9.0,9.0,9.0,9.0,9.0,0.0,0.0,0.0,0.0,0.0,0.0,9.0,1.0,0.0,0.0,single_family,single_family,single_family,single_family,170318129003,0.0,False
170318129003007,812900,3,3007,10,33,9398,10.0,10.0,10.0,10.0,10.0,0.0,0.0,0.0,0.0,0.0,0.0,10.0,1.0,0.0,0.0,single_family,single_family,single_family,single_family,170318129003,0.0,False
170318129003008,812900,3,3008,10,33,9367,12.0,10.0,10.0,10.0,10.0,0.0,0.0,0.0,0.0,0.0,0.0,10.0,1.0,0.0,0.0,single_family,single_family,single_family,single_family,170318129003,0.0,False
170318129003009,812900,3,3009,9,30,5077,9.0,9.0,9.0,9.0,9.0,0.0,0.0,0.0,0.0,0.0,0.0,9.0,1.0,0.0,0.0,single_family,single_family,single_family,single_family,170318129003,0.0,False
170318129003010,812900,3,3010,19,63,10839,19.0,19.0,19.0,19.0,19.0,0.0,0.0,0.0,0.0,0.0,0.0,19.0,1.0,0.0,0.0,single_family,single_family,single_family,single_family,170318129003,0.0,False
170318129003011,812900,3,3011,13,44,7290,13.0,13.0,13.0,13.0,13.0,0.0,0.0,0.0,0.0,0.0,0.0,13.0,1.0,0.0,0.0,single_family,single_family,single_family,single_family,170318129003,0.0,False
170318129003012,812900,3,3012,12,20,7541,10.0,12.0,10.0,8.0,8.0,4.0,2.0,0.0,0.0,0.0,0.0,12.0,0.6667,0.3333,0.0,mixed,mixed,mixed,mixed,170318129003,0.0,False
170318129003013,812900,3,3013,21,57,7278,14.0,16.0,11.0,8.0,8.0,8.0,3.0,0.0,0.0,0.0,0.0,16.0,0.5,0.5,0.0,small_mf_2_6,small_mf_2_6,small_mf_2_6,small_mf_2_6,170318129003,5.0,False
170318129003014,812900,3,3014,13,20,7358,12.0,14.0,12.0,10.0,10.0,4.0,2.0,0.0,0.0,0.0,0.0,14.0,0.7143,0.2857,0.0,mixed,mixed,mixed,mixed,170318129003,-1.0,False
170318129003015,812900,3,3015,18,38,20628,15.0,16.0,13.0,11.0,11.0,5.0,2.0,0.0,0.0,0.0,0.0,16.0,0.6875,0.3125,0.0,mixed,mixed,mixed,mixed,170318129003,2.0,False
170318129003016,812900,3,3016,12,36,10196,11.0,11.0,10.0,9.0,9.0,2.0,1.0,0.0,0.0,0.0,0.0,11.0,0.8182,0.1818,0.0,mixed,mixed,mixed,mixed,170318129003,1.0,False
170318129003017,812900,3,3017,16,38,10026,13.0,15.0,13.0,12.0,12.0,3.0,1.0,0.0,0.0,0.0,0.0,15.0,0.8,0.2,0.0,mixed,mixed,mixed,mixed,170318129003,1.0,False
170318129003018,812900,3,3018,22,50,10204,12.0,17.0,12.0,7.0,7.0,10.0,5.0,0.0,0.0,0.0,0.0,17.0,0.4118,0.5882,0.0,small_mf_2_6,small_mf_2_6,small_mf_2_6,small_mf_2_6,170318129003,5.0,False
170318129003019,812900,3,3019,19,47,10291,19.0,19.0,17.0,15.0,15.0,4.0,2.0,0.0,0.0,0.0,0.0,19.0,0.7895,0.2105,0.0,mixed,mixed,mixed,mixed,170318129003,0.0,False
170318129003020,812900,3,3020,17,39,10337,16.0,19.0,16.0,15.0,15.0,4.0,1.0,0.0,0.0,0.0,0.0,19.0,0.7895,0.2105,0.0,mixed,mixed,mixed,mixed,170318129003,-2.0,False
170318129003021,812900,3,3021,58,88,9089,9.0,54.0,8.0,0.0,0.0,18.0,7.0,36.0,1.0,0.0,36.0,54.0,0.0,0.3333,0.6667,large_mf_7plus,large_mf_7plus,large_mf_7plus,large_mf_7plus,170318129003,4.0,False
170318129003022,812900,3,3022,12,24,8739,19.0,11.0,3.0,0.0,0.0,11.0,3.0,0.0,0.0,0.0,0.0,11.0,0.0,1.0,0.0,small_mf_2_6,small_mf_2_6,small_mf_2_6,small_mf_2_6,170318129003,1.0,False
170318129003023,812900,3,3023,32,31,8032,7.0,70.0,4.0,0.0,0.0,6.0,1.0,64.0,3.0,31.0,40.0,46.0,0.0,0.0857,0.9143,large_mf_7plus,large_mf_7plus,large_mf_7plus,large_mf_7plus,170318129003,-38.0,False
170318129003024,812900,3,3024,10,34,7444,12.0,19.0,11.0,10.0,10.0,0.0,0.0,9.0,1.0,9.0,7.0,17.0,0.5263,0.0,0.4737,mixed,mixed,mixed,mixed,170318129003,-9.0,False
170318129003025,812900,3,3025,18,52,9899,13.0,16.0,13.0,10.0,10.0,6.0,3.0,0.0,0.0,0.0,0.0,16.0,0.625,0.375,0.0,mixed,mixed,mixed,mixed,170318129003,2.0,False
170318129003026,812900,3,3026,33,67,10762,22.0,33.0,22.0,21.0,21.0,0.0,0.0,12.0,1.0,0.0,12.0,33.0,0.6364,0.0,0.3636,mixed,mixed,mixed,mixed,170318129003,0.0,False
170318129003027,812900,3,3027,10,22,5069,10.0,10.0,10.0,10.0,10.0,0.0,0.0,0.0,0.0,0.0,0.0,10.0,1.0,0.0,0.0,single_family,single_family,single_family,single_family,170318129003,0.0,False
170318129003028,812900,3,3028,10,49,9374,11.0,10.0,10.0,10.0,10.0,0.0,0.0,0.0,0.0,0.0,0.0,10.0,1.0,0.0,0.0,single_family,single_family,single_family,single_family,170318129003,0.0,False
170318129003029,812900,3,3029,26,63,18677,33.0,26.0,26.0,26.0,26.0,0.0,0.0,0.0,0.0,0.0,0.0,26.0,1.0,0.0,0.0,single_family,single_family,single_family,single_family,170318129003,0.0,False
170318129003030,812900,3,3030,16,41,5108,10.0,14.0,10.0,6.0,6.0,8.0,4.0,0.0,0.0,0.0,0.0,14.0,0.4286,0.5714,0.0,small_mf_2_6,small_mf_2_6,small_mf_2_6,small_mf_2_6,170318129003,2.0,False
170318129003031,812900,3,3031,41,79,10906,23.0,33.0,22.0,19.0,19.0,14.0,3.0,0.0,0.0,0.0,0.0,33.0,0.5758,0.4242,0.0,mixed,mixed,mixed,mixed,170318129003,8.0,False
170318129003032,812900,3,3032,21,43,8222,21.0,20.0,19.0,18.0,18.0,2.0,1.0,0.0,0.0,0.0,0.0,20.0,0.9,0.1,0.0,mixed,mixed,single_family,mixed,170318129003,1.0,False
170318129004000,812900,4,4000,8,26,9440,9.0,8.0,8.0,8.0,8.0,0.0,0.0,0.0,0.0,0.0,0.0,8.0,1.0,0.0,0.0,single_family,single_family,single_family,single_family,170318129004,0.0,False
170318129004001,812900,4,4001,5,18,4230,6.0,5.0,5.0,5.0,5.0,0.0,0.0,0.0,0.0,0.0,0.0,5.0,1.0,0.0,0.0,single_family,single_family,single_family,single_family,170318129004,0.0,False
170318129004002,812900,4,4002,4,10,5231,7.0,12.0,3.0,0.0,0.0,12.0,3.0,0.0,0.0,0.0,0.0,12.0,0.0,1.0,0.0,small_mf_2_6,small_mf_2_6,small_mf_2_6,small_mf_2_6,170318129004,-8.0,False
170318129004003,812900,4,4003,99,131,5342,2.0,110.0,2.0,0.0,0.0,0.0,0.0,110.0,2.0,89.0,28.0,28.0,0.0,0.0,1.0,large_mf_7plus,large_mf_7plus,large_mf_7plus,large_mf_7plus,170318129004,-11.0,False
170318129004004,812900,4,4004,0,0,5420,7.0,0.0,0.0,0.0,0.0,0.0,0.0,0.0,0.0,0.0,0.0,0.0,0.0,0.0,0.0,no_housing,no_housing,no_housing,no_housing,170318129004,0.0,False
170318129004005,812900,4,4005,12,24,5413,11.0,11.0,6.0,5.0,5.0,6.0,1.0,0.0,0.0,0.0,0.0,11.0,0.4545,0.5455,0.0,small_mf_2_6,small_mf_2_6,small_mf_2_6,small_mf_2_6,170318129004,1.0,False
170318129004006,812900,4,4006,7,15,5417,7.0,7.0,7.0,7.0,7.0,0.0,0.0,0.0,0.0,0.0,0.0,7.0,1.0,0.0,0.0,single_family,single_family,single_family,single_family,170318129004,0.0,False
170318129004007,812900,4,4007,12,51,7972,13.0,13.0,13.0,13.0,13.0,0.0,0.0,0.0,0.0,0.0,0.0,13.0,1.0,0.0,0.0,single_family,single_family,single_family,single_family,170318129004,-1.0,False
170318129004008,812900,4,4008,6,15,4214,6.0,6.0,6.0,6.0,6.0,0.0,0.0,0.0,0.0,0.0,0.0,6.0,1.0,0.0,0.0,single_family,single_family,single_family,single_family,170318129004,0.0,False
170318129004009,812900,4,4009,10,29,9362,10.0,10.0,10.0,10.0,10.0,0.0,0.0,0.0,0.0,0.0,0.0,10.0,1.0,0.0,0.0,single_family,single_family,single_family,single_family,170318129004,0.0,False
170318129004010,812900,4,4010,8,33,9392,8.0,8.0,8.0,8.0,8.0,0.0,0.0,0.0,0.0,0.0,0.0,8.0,1.0,0.0,0.0,single_family,single_family,single_family,single_family,170318129004,0.0,False
170318129004011,812900,4,4011,10,36,9360,11.0,11.0,11.0,11.0,11.0,0.0,0.0,0.0,0.0,0.0,0.0,11.0,1.0,0.0,0.0,single_family,single_family,single_family,single_family,170318129004,-1.0,False
170318129004012,812900,4,4012,9,38,9415,9.0,9.0,9.0,9.0,9.0,0.0,0.0,0.0,0.0,0.0,0.0,9.0,1.0,0.0,0.0,single_family,single_family,single_family,single_family,170318129004,0.0,False
170318129004013,812900,4,4013,15,42,14299,16.0,15.0,15.0,15.0,15.0,0.0,0.0,0.0,0.0,0.0,0.0,15.0,1.0,0.0,0.0,single_family,single_family,single_family,single_family,170318129004,0.0,False
170318129004014,812900,4,4014,16,66,13437,17.0,16.0,16.0,16.0,16.0,0.0,0.0,0.0,0.0,0.0,0.0,16.0,1.0,0.0,0.0,single_family,single_family,single_family,single_family,170318129004,0.0,False
170318129004015,812900,4,4015,16,54,12880,18.0,16.0,16.0,16.0,16.0,0.0,0.0,0.0,0.0,0.0,0.0,16.0,1.0,0.0,0.0,single_family,single_family,single_family,single_family,170318129004,0.0,False
170318129004016,812900,4,4016,9,13,5740,10.0,9.0,9.0,9.0,9.0,0.0,0.0,0.0,0.0,0.0,0.0,9.0,1.0,0.0,0.0,single_family,single_family,single_family,single_family,170318129004,0.0,False
170318129004017,812900,4,4017,38,65,23878,37.0,33.0,14.0,13.0,13.0,0.0,0.0,20.0,1.0,0.0,20.0,33.0,0.3939,0.0,0.6061,large_mf_7plus,large_mf_7plus,large_mf_7plus,large_mf_7plus,170318129004,5.0,False
170318129004018,812900,4,4018,16,45,10358,18.0,16.0,16.0,16.0,16.0,0.0,0.0,0.0,0.0,0.0,0.0,16.0,1.0,0.0,0.0,single_family,single_family,single_family,single_family,170318129004,0.0,False
170318129004019,812900,4,4019,13,45,9608,15.0,13.0,12.0,11.0,11.0,2.0,1.0,0.0,0.0,0.0,0.0,13.0,0.8462,0.1538,0.0,mixed,mixed,mixed,mixed,170318129004,0.0,False
170318129004020,812900,4,4020,45,69,11150,45.0,52.0,11.0,5.0,5.0,11.0,4.0,36.0,2.0,0.0,36.0,52.0,0.0962,0.2115,0.6923,large_mf_7plus,large_mf_7plus,large_mf_7plus,large_mf_7plus,170318129004,-7.0,False
170318129004021,812900,4,4021,14,41,9974,18.0,15.0,15.0,15.0,15.0,0.0,0.0,0.0,0.0,0.0,0.0,15.0,1.0,0.0,0.0,single_family,single_family,single_family,single_family,170318129004,-1.0,False
170318129004022,812900,4,4022,13,55,11755,14.0,13.0,13.0,13.0,13.0,0.0,0.0,0.0,0.0,0.0,0.0,13.0,1.0,0.0,0.0,single_family,single_family,single_family,single_family,170318129004,0.0,False
170318129004023,812900,4,4023,18,43,10811,18.0,18.0,17.0,16.0,16.0,2.0,1.0,0.0,0.0,0.0,0.0,18.0,0.8889,0.1111,0.0,mixed,mixed,mixed,mixed,170318129004,0.0,False
170318129004024,812900,4,4024,78,105,16906,50.0,59.0,21.0,17.0,17.0,2.0,1.0,40.0,3.0,0.0,40.0,59.0,0.2881,0.0339,0.678,large_mf_7plus,large_mf_7plus,large_mf_7plus,large_mf_7plus,170318129004,19.0,False
170318129004025,812900,4,4025,0,0,11608,11.0,2.0,1.0,0.0,0.0,2.0,1.0,0.0,0.0,0.0,0.0,2.0,0.0,1.0,0.0,small_mf_2_6,small_mf_2_6,small_mf_2_6,small_mf_2_6,170318129004,-2.0,False
170318129004026,812900,4,4026,20,50,39647,28.0,6.0,4.0,2.0,2.0,4.0,2.0,0.0,0.0,0.0,0.0,6.0,0.3333,0.6667,0.0,small_mf_2_6,small_mf_2_6,small_mf_2_6,small_mf_2_6,170318129004,14.0,True
170318129004027,812900,4,4027,11,32,7890,11.0,11.0,11.0,11.0,11.0,0.0,0.0,0.0,0.0,0.0,0.0,11.0,1.0,0.0,0.0,single_family,single_family,single_family,single_family,170318129004,0.0,False
170318129004028,812900,4,4028,12,38,8019,12.0,12.0,12.0,12.0,12.0,0.0,0.0,0.0,0.0,0.0,0.0,12.0,1.0,0.0,0.0,single_family,single_family,single_family,single_family,170318129004,0.0,False
170318129004029,812900,4,4029,18,46,7945,14.0,15.0,11.0,9.0,9.0,6.0,2.0,0.0,0.0,0.0,0.0,15.0,0.6,0.4,0.0,mixed,mixed,mixed,mixed,170318129004,3.0,False
170318129004030,812900,4,4030,10,35,7928,11.0,11.0,11.0,11.0,11.0,0.0,0.0,0.0,0.0,0.0,0.0,11.0,1.0,0.0,0.0,single_family,single_family,single_family,single_family,170318129004,-1.0,False
170318129004031,812900,4,4031,12,43,7980,12.0,12.0,12.0,12.0,12.0,0.0,0.0,0.0,0.0,0.0,0.0,12.0,1.0,0.0,0.0,single_family,single_family,single_family,single_family,170318129004,0.0,False
170318129004032,812900,4,4032,6,19,4152,6.0,6.0,6.0,6.0,6.0,0.0,0.0,0.0,0.0,0.0,0.0,6.0,1.0,0.0,0.0,single_family,single_family,single_family,single_family,170318129004,0.0,False
170318129004033,812900,4,4033,0,0,10614,2.0,0.0,0.0,0.0,0.0,0.0,0.0,0.0,0.0,0.0,0.0,0.0,0.0,0.0,0.0,no_housing,no_housing,no_housing,no_housing,170318129004,0.0,False
170318129004034,812900,4,4034,12,41,7990,11.0,12.0,11.0,10.0,10.0,2.0,1.0,0.0,0.0,0.0,0.0,12.0,0.8333,0.1667,0.0,mixed,mixed,mixed,mixed,170318129004,0.0,False
170318129004035,812900,4,4035,12,35,7932,11.0,12.0,11.0,10.0,10.0,2.0,1.0,0.0,0.0,0.0,0.0,12.0,0.8333,0.1667,0.0,mixed,mixed,mixed,mixed,170318129004,0.0,False
170318129004036,812900,4,4036,9,31,10208,9.0,9.0,9.0,9.0,9.0,0.0,0.0,0.0,0.0,0.0,0.0,9.0,1.0,0.0,0.0,single_family,single_family,single_family,single_family,170318129004,0.0,False
170318129004037,812900,4,4037,16,34,10154,9.0,15.0,9.0,8.0,8.0,0.0,0.0,7.0,1.0,0.0,7.0,15.0,0.5333,0.0,0.4667,mixed,mixed,mixed,mixed,170318129004,1.0,False
170318129004038,812900,4,4038,4,8,6561,6.0,4.0,4.0,4.0,4.0,0.0,0.0,0.0,0.0,0.0,0.0,4.0,1.0,0.0,0.0,single_family,single_family,single_family,single_family,170318129004,0.0,False
170318130001000,813000,1,1000,0,0,1319,0.0,0.0,0.0,0.0,0.0,0.0,0.0,0.0,0.0,0.0,0.0,0.0,0.0,0.0,0.0,no_housing,no_housing,no_housing,no_housing,170318130001,0.0,False
170318130001001,813000,1,1001,10,28,10644,13.0,11.0,11.0,11.0,11.0,0.0,0.0,0.0,0.0,0.0,0.0,11.0,1.0,0.0,0.0,single_family,single_family,single_family,single_family,170318130001,-1.0,False
170318130001002,813000,1,1002,4,15,5387,6.0,0.0,0.0,0.0,0.0,0.0,0.0,0.0,0.0,0.0,0.0,0.0,0.0,0.0,0.0,no_housing,no_housing,no_housing,no_housing,170318130001,4.0,False
170318130001003,813000,1,1003,14,30,10922,16.0,36.0,13.0,11.0,11.0,2.0,1.0,23.0,1.0,0.0,23.0,36.0,0.3056,0.0556,0.6389,large_mf_7plus,large_mf_7plus,large_mf_7plus,large_mf_7plus,170318130001,-22.0,False
170318130001004,813000,1,1004,13,26,10877,15.0,16.0,14.0,13.0,13.0,0.0,0.0,3.0,2.0,0.0,10.0,23.0,0.8125,0.0,0.1875,mixed,mixed,mixed,mixed,170318130001,-3.0,False
170318130001005,813000,1,1005,15,52,10655,15.0,15.0,15.0,15.0,15.0,0.0,0.0,0.0,0.0,0.0,0.0,15.0,1.0,0.0,0.0,single_family,single_family,single_family,single_family,170318130001,0.0,False
170318130001006,813000,1,1006,16,36,10156,16.0,16.0,16.0,16.0,16.0,0.0,0.0,0.0,0.0,0.0,0.0,16.0,1.0,0.0,0.0,single_family,single_family,single_family,single_family,170318130001,0.0,False
170318130001007,813000,1,1007,14,50,7358,13.0,13.0,13.0,13.0,13.0,0.0,0.0,0.0,0.0,0.0,0.0,13.0,1.0,0.0,0.0,single_family,single_family,single_family,single_family,170318130001,1.0,False
170318130001008,813000,1,1008,86,153,18320,37.0,82.0,26.0,4.0,4.0,56.0,20.0,22.0,2.0,0.0,22.0,82.0,0.0488,0.6829,0.2683,small_mf_2_6,small_mf_2_6,small_mf_2_6,small_mf_2_6,170318130001,4.0,False
170318130001009,813000,1,1009,15,66,9882,15.0,15.0,15.0,15.0,15.0,0.0,0.0,0.0,0.0,0.0,0.0,15.0,1.0,0.0,0.0,single_family,single_family,single_family,single_family,170318130001,0.0,False
170318130001010,813000,1,1010,15,28,10581,15.0,15.0,15.0,15.0,15.0,0.0,0.0,0.0,0.0,0.0,0.0,15.0,1.0,0.0,0.0,single_family,single_family,single_family,single_family,170318130001,0.0,False
170318130001011,813000,1,1011,21,51,9855,18.0,20.0,17.0,14.0,14.0,6.0,3.0,0.0,0.0,0.0,0.0,20.0,0.7,0.3,0.0,mixed,mixed,mixed,mixed,170318130001,1.0,False
170318130001012,813000,1,1012,13,23,10486,18.0,12.0,11.0,10.0,10.0,2.0,1.0,0.0,0.0,0.0,0.0,12.0,0.8333,0.1667,0.0,mixed,mixed,mixed,mixed,170318130001,1.0,False
170318130001013,813000,1,1013,0,0,1086,0.0,0.0,0.0,0.0,0.0,0.0,0.0,0.0,0.0,0.0,0.0,0.0,0.0,0.0,0.0,no_housing,no_housing,no_housing,no_housing,170318130001,0.0,False
170318130001014,813000,1,1014,0,0,20602,3.0,0.0,0.0,0.0,0.0,0.0,0.0,0.0,0.0,0.0,0.0,0.0,0.0,0.0,0.0,no_housing,no_housing,no_housing,no_housing,170318130001,0.0,False
170318130001015,813000,1,1015,17,72,9893,20.0,17.0,17.0,17.0,17.0,0.0,0.0,0.0,0.0,0.0,0.0,17.0,1.0,0.0,0.0,single_family,single_family,single_family,single_family,170318130001,0.0,False
170318130001016,813000,1,1016,19,54,11002,17.0,20.0,17.0,14.0,14.0,6.0,3.0,0.0,0.0,0.0,0.0,20.0,0.7,0.3,0.0,mixed,mixed,mixed,mixed,170318130001,-1.0,False
170318130002000,813000,2,2000,164,211,21034,41.0,164.0,16.0,1.0,1.0,31.0,7.0,132.0,8.0,0.0,132.0,164.0,0.0061,0.189,0.8049,large_mf_7plus,large_mf_7plus,large_mf_7plus,large_mf_7plus,170318130002,0.0,False
170318130002001,813000,2,2001,18,39,9961,17.0,18.0,17.0,16.0,16.0,2.0,1.0,0.0,0.0,0.0,0.0,18.0,0.8889,0.1111,0.0,mixed,mixed,mixed,mixed,170318130002,0.0,False
170318130002002,813000,2,2002,16,37,10181,16.0,16.0,16.0,16.0,16.0,0.0,0.0,0.0,0.0,0.0,0.0,16.0,1.0,0.0,0.0,single_family,single_family,single_family,single_family,170318130002,0.0,False
170318130002003,813000,2,2003,17,45,10132,17.0,18.0,17.0,16.0,16.0,2.0,1.0,0.0,0.0,0.0,0.0,18.0,0.8889,0.1111,0.0,mixed,mixed,mixed,mixed,170318130002,-1.0,False
170318130002004,813000,2,2004,16,68,9963,16.0,16.0,16.0,16.0,16.0,0.0,0.0,0.0,0.0,0.0,0.0,16.0,1.0,0.0,0.0,single_family,single_family,single_family,single_family,170318130002,0.0,False
170318130002005,813000,2,2005,22,84,10093,18.0,19.0,16.0,15.0,15.0,4.0,1.0,0.0,0.0,0.0,0.0,19.0,0.7895,0.2105,0.0,mixed,mixed,mixed,mixed,170318130002,3.0,False
170318130002006,813000,2,2006,16,62,10105,16.0,16.0,16.0,16.0,16.0,0.0,0.0,0.0,0.0,0.0,0.0,16.0,1.0,0.0,0.0,single_family,single_family,single_family,single_family,170318130002,0.0,False
170318130002007,813000,2,2007,17,33,10430,19.0,17.0,17.0,17.0,17.0,0.0,0.0,0.0,0.0,0.0,0.0,17.0,1.0,0.0,0.0,single_family,single_family,single_family,single_family,170318130002,0.0,False
170318130002008,813000,2,2008,25,43,10569,17.0,30.0,16.0,14.0,14.0,2.0,1.0,14.0,1.0,0.0,14.0,30.0,0.4667,0.0667,0.4667,mixed,mixed,mixed,mixed,170318130002,-5.0,False
170318130002009,813000,2,2009,20,52,10194,18.0,18.0,16.0,14.0,14.0,4.0,2.0,0.0,0.0,0.0,0.0,18.0,0.7778,0.2222,0.0,mixed,mixed,mixed,mixed,170318130002,2.0,False
170318130002010,813000,2,2010,17,60,10269,22.0,19.0,19.0,19.0,19.0,0.0,0.0,0.0,0.0,0.0,0.0,19.0,1.0,0.0,0.0,single_family,single_family,single_family,single_family,170318130002,-2.0,False
170318130002011,813000,2,2011,29,63,10147,16.0,27.0,16.0,12.0,12.0,8.0,3.0,7.0,1.0,0.0,7.0,27.0,0.4444,0.2963,0.2593,mixed,mixed,mixed,mixed,170318130002,2.0,False
170318130002012,813000,2,2012,22,47,10278,16.0,18.0,15.0,14.0,14.0,4.0,1.0,0.0,0.0,0.0,0.0,18.0,0.7778,0.2222,0.0,mixed,mixed,mixed,mixed,170318130002,4.0,False
170318130002013,813000,2,2013,24,45,10278,25.0,25.0,13.0,12.0,12.0,0.0,0.0,13.0,1.0,0.0,13.0,25.0,0.48,0.0,0.52,large_mf_7plus,large_mf_7plus,large_mf_7plus,large_mf_7plus,170318130002,-1.0,False
170318130002014,813000,2,2014,21,33,10063,12.0,22.0,12.0,11.0,11.0,0.0,0.0,11.0,1.0,0.0,11.0,22.0,0.5,0.0,0.5,large_mf_7plus,large_mf_7plus,large_mf_7plus,large_mf_7plus,170318130002,-1.0,False
170318130003000,813000,3,3000,16,41,10501,16.0,16.0,16.0,16.0,16.0,0.0,0.0,0.0,0.0,0.0,0.0,16.0,1.0,0.0,0.0,single_family,single_family,single_family,single_family,170318130003,0.0,False
170318130003001,813000,3,3001,17,60,10040,16.0,17.0,16.0,15.0,15.0,2.0,1.0,0.0,0.0,0.0,0.0,17.0,0.8824,0.1176,0.0,mixed,mixed,mixed,mixed,170318130003,0.0,False
170318130003002,813000,3,3002,20,50,10266,17.0,20.0,17.0,15.0,15.0,5.0,2.0,0.0,0.0,0.0,0.0,20.0,0.75,0.25,0.0,mixed,mixed,mixed,mixed,170318130003,0.0,False
170318130003003,813000,3,3003,21,54,10153,21.0,21.0,18.0,15.0,15.0,6.0,3.0,0.0,0.0,0.0,0.0,21.0,0.7143,0.2857,0.0,mixed,mixed,mixed,mixed,170318130003,0.0,False
170318130003004,813000,3,3004,20,47,26018,19.0,18.0,16.0,14.0,14.0,4.0,2.0,0.0,0.0,0.0,0.0,18.0,0.7778,0.2222,0.0,mixed,mixed,mixed,mixed,170318130003,2.0,False
170318130003005,813000,3,3005,10,40,5023,8.0,9.0,8.0,7.0,7.0,2.0,1.0,0.0,0.0,0.0,0.0,9.0,0.7778,0.2222,0.0,mixed,mixed,mixed,mixed,170318130003,1.0,False
170318130003006,813000,3,3006,16,58,10347,19.0,16.0,16.0,16.0,16.0,0.0,0.0,0.0,0.0,0.0,0.0,16.0,1.0,0.0,0.0,single_family,single_family,single_family,single_family,170318130003,0.0,False
170318130003007,813000,3,3007,18,50,7791,13.0,17.0,12.0,11.0,11.0,6.0,1.0,0.0,0.0,0.0,0.0,17.0,0.6471,0.3529,0.0,mixed,mixed,mixed,mixed,170318130003,1.0,False
170318130003008,813000,3,3008,14,31,7751,15.0,15.0,15.0,15.0,15.0,0.0,0.0,0.0,0.0,0.0,0.0,15.0,1.0,0.0,0.0,single_family,single_family,single_family,single_family,170318130003,-1.0,False
170318130003009,813000,3,3009,18,44,10331,17.0,18.0,17.0,16.0,16.0,2.0,1.0,0.0,0.0,0.0,0.0,18.0,0.8889,0.1111,0.0,mixed,mixed,mixed,mixed,170318130003,0.0,False
170318130003010,813000,3,3010,18,61,10368,17.0,18.0,17.0,16.0,16.0,2.0,1.0,0.0,0.0,0.0,0.0,18.0,0.8889,0.1111,0.0,mixed,mixed,mixed,mixed,170318130003,0.0,False
170318130003011,813000,3,3011,18,56,10184,19.0,20.0,19.0,18.0,18.0,2.0,1.0,0.0,0.0,0.0,0.0,20.0,0.9,0.1,0.0,mixed,mixed,single_family,mixed,170318130003,-2.0,False
170318130003012,813000,3,3012,16,58,10259,18.0,18.0,16.0,14.0,14.0,4.0,2.0,0.0,0.0,0.0,0.0,18.0,0.7778,0.2222,0.0,mixed,mixed,mixed,mixed,170318130003,-2.0,False
170318130003013,813000,3,3013,15,42,10221,16.0,21.0,15.0,13.0,13.0,8.0,2.0,0.0,0.0,0.0,0.0,21.0,0.619,0.381,0.0,mixed,mixed,mixed,mixed,170318130003,-6.0,False
170318130003014,813000,3,3014,26,63,10608,21.0,26.0,20.0,16.0,16.0,10.0,4.0,0.0,0.0,0.0,0.0,26.0,0.6154,0.3846,0.0,mixed,mixed,mixed,mixed,170318130003,0.0,False
170318130003015,813000,3,3015,5,16,5168,6.0,8.0,2.0,0.0,0.0,4.0,1.0,4.0,1.0,0.0,4.0,8.0,0.0,0.5,0.5,small_mf_2_6,small_mf_2_6,small_mf_2_6,small_mf_2_6,170318130003,-3.0,False
170318130004000,813000,4,4000,0,0,1404,0.0,0.0,0.0,0.0,0.0,0.0,0.0,0.0,0.0,0.0,0.0,0.0,0.0,0.0,0.0,no_housing,no_housing,no_housing,no_housing,170318130004,0.0,False
170318130004001,813000,4,4001,21,60,12990,16.0,19.0,14.0,11.0,11.0,8.0,3.0,0.0,0.0,0.0,0.0,19.0,0.5789,0.4211,0.0,mixed,mixed,mixed,mixed,170318130004,2.0,False
170318130004002,813000,4,4002,18,53,12868,21.0,18.0,15.0,14.0,14.0,4.0,1.0,0.0,0.0,0.0,0.0,18.0,0.7778,0.2222,0.0,mixed,mixed,mixed,mixed,170318130004,0.0,False
170318130004003,813000,4,4003,0,0,1886,0.0,0.0,0.0,0.0,0.0,0.0,0.0,0.0,0.0,0.0,0.0,0.0,0.0,0.0,0.0,no_housing,no_housing,no_housing,no_housing,170318130004,0.0,False
170318130004004,813000,4,4004,0,0,1842,0.0,0.0,0.0,0.0,0.0,0.0,0.0,0.0,0.0,0.0,0.0,0.0,0.0,0.0,0.0,no_housing,no_housing,no_housing,no_housing,170318130004,0.0,False
170318130004005,813000,4,4005,22,65,10953,15.0,21.0,15.0,13.0,13.0,8.0,2.0,0.0,0.0,0.0,0.0,21.0,0.619,0.381,0.0,mixed,mixed,mixed,mixed,170318130004,1.0,False
170318130004006,813000,4,4006,22,50,9896,19.0,21.0,18.0,17.0,17.0,4.0,1.0,0.0,0.0,0.0,0.0,21.0,0.8095,0.1905,0.0,mixed,mixed,mixed,mixed,170318130004,1.0,False
170318130004007,813000,4,4007,16,59,7573,17.0,16.0,16.0,16.0,16.0,0.0,0.0,0.0,0.0,0.0,0.0,16.0,1.0,0.0,0.0,single_family,single_family,single_family,single_family,170318130004,0.0,False
170318130004008,813000,4,4008,16,54,7647,14.0,15.0,13.0,11.0,11.0,4.0,2.0,0.0,0.0,0.0,0.0,15.0,0.7333,0.2667,0.0,mixed,mixed,mixed,mixed,170318130004,1.0,False
170318130004009,813000,4,4009,18,51,10086,19.0,18.0,18.0,18.0,18.0,0.0,0.0,0.0,0.0,0.0,0.0,18.0,1.0,0.0,0.0,single_family,single_family,single_family,single_family,170318130004,0.0,False
170318130004010,813000,4,4010,33,74,9957,22.0,32.0,17.0,10.0,10.0,22.0,7.0,0.0,0.0,0.0,0.0,32.0,0.3125,0.6875,0.0,small_mf_2_6,small_mf_2_6,small_mf_2_6,small_mf_2_6,170318130004,1.0,False
170318130004011,813000,4,4011,22,54,10222,18.0,21.0,18.0,15.0,15.0,6.0,3.0,0.0,0.0,0.0,0.0,21.0,0.7143,0.2857,0.0,mixed,mixed,mixed,mixed,170318130004,1.0,False
170318130004012,813000,4,4012,16,35,7768,15.0,16.0,15.0,14.0,14.0,2.0,1.0,0.0,0.0,0.0,0.0,16.0,0.875,0.125,0.0,mixed,mixed,mixed,mixed,170318130004,0.0,False
170318130004013,813000,4,4013,29,41,4780,6.0,37.0,2.0,0.0,0.0,4.0,1.0,33.0,1.0,0.0,33.0,37.0,0.0,0.1081,0.8919,large_mf_7plus,large_mf_7plus,large_mf_7plus,large_mf_7plus,170318130004,-8.0,False
170318130004014,813000,4,4014,59,83,12651,17.0,57.0,10.0,0.0,0.0,19.0,9.0,38.0,1.0,0.0,38.0,57.0,0.0,0.3333,0.6667,large_mf_7plus,large_mf_7plus,large_mf_7plus,large_mf_7plus,170318130004,2.0,False
170318130004015,813000,4,4015,31,64,7664,13.0,29.0,13.0,0.0,0.0,29.0,13.0,0.0,0.0,0.0,0.0,29.0,0.0,1.0,0.0,small_mf_2_6,small_mf_2_6,small_mf_2_6,small_mf_2_6,170318130004,2.0,False
170318130004016,813000,4,4016,0,0,20424,2.0,0.0,0.0,0.0,0.0,0.0,0.0,0.0,0.0,0.0,0.0,0.0,0.0,0.0,0.0,no_housing,no_housing,no_housing,no_housing,170318130004,0.0,False
170318130004017,813000,4,4017,21,60,10104,21.0,21.0,21.0,21.0,21.0,0.0,0.0,0.0,0.0,0.0,0.0,21.0,1.0,0.0,0.0,single_family,single_family,single_family,single_family,170318130004,0.0,False
170318130004018,813000,4,4018,17,45,7719,17.0,19.0,17.0,16.0,16.0,3.0,1.0,0.0,0.0,0.0,0.0,19.0,0.8421,0.1579,0.0,mixed,mixed,mixed,mixed,170318130004,-2.0,False
170318130005000,813000,5,5000,0,0,1214,0.0,0.0,0.0,0.0,0.0,0.0,0.0,0.0,0.0,0.0,0.0,0.0,0.0,0.0,0.0,no_housing,no_housing,no_housing,no_housing,170318130005,0.0,False
170318130005001,813000,5,5001,0,0,1210,0.0,0.0,0.0,0.0,0.0,0.0,0.0,0.0,0.0,0.0,0.0,0.0,0.0,0.0,0.0,no_housing,no_housing,no_housing,no_housing,170318130005,0.0,False
170318130005002,813000,5,5002,10,28,9998,11.0,10.0,10.0,10.0,10.0,0.0,0.0,0.0,0.0,0.0,0.0,10.0,1.0,0.0,0.0,single_family,single_family,single_family,single_family,170318130005,0.0,False
170318130005003,813000,5,5003,12,46,10081,12.0,12.0,12.0,12.0,12.0,0.0,0.0,0.0,0.0,0.0,0.0,12.0,1.0,0.0,0.0,single_family,single_family,single_family,single_family,170318130005,0.0,False
170318130005004,813000,5,5004,10,35,9768,13.0,10.0,10.0,10.0,10.0,0.0,0.0,0.0,0.0,0.0,0.0,10.0,1.0,0.0,0.0,single_family,single_family,single_family,single_family,170318130005,0.0,False
170318130005005,813000,5,5005,11,39,10364,13.0,53.0,12.0,11.0,11.0,0.0,0.0,42.0,1.0,0.0,42.0,53.0,0.2075,0.0,0.7925,large_mf_7plus,large_mf_7plus,large_mf_7plus,large_mf_7plus,170318130005,-42.0,False
170318130005006,813000,5,5006,15,46,10590,15.0,15.0,15.0,15.0,15.0,0.0,0.0,0.0,0.0,0.0,0.0,15.0,1.0,0.0,0.0,single_family,single_family,single_family,single_family,170318130005,0.0,False
170318130005007,813000,5,5007,12,43,10260,12.0,12.0,12.0,12.0,12.0,0.0,0.0,0.0,0.0,0.0,0.0,12.0,1.0,0.0,0.0,single_family,single_family,single_family,single_family,170318130005,0.0,False
170318130005008,813000,5,5008,13,41,10257,13.0,13.0,13.0,13.0,13.0,0.0,0.0,0.0,0.0,0.0,0.0,13.0,1.0,0.0,0.0,single_family,single_family,single_family,single_family,170318130005,0.0,False
170318130005009,813000,5,5009,15,45,10170,15.0,15.0,15.0,15.0,15.0,0.0,0.0,0.0,0.0,0.0,0.0,15.0,1.0,0.0,0.0,single_family,single_family,single_family,single_family,170318130005,0.0,False
170318130005010,813000,5,5010,14,48,10270,14.0,14.0,14.0,14.0,14.0,0.0,0.0,0.0,0.0,0.0,0.0,14.0,1.0,0.0,0.0,single_family,single_family,single_family,single_family,170318130005,0.0,False
170318130005011,813000,5,5011,14,51,10362,14.0,14.0,14.0,14.0,14.0,0.0,0.0,0.0,0.0,0.0,0.0,14.0,1.0,0.0,0.0,single_family,single_family,single_family,single_family,170318130005,0.0,False
170318130005012,813000,5,5012,13,56,10275,13.0,13.0,13.0,13.0,13.0,0.0,0.0,0.0,0.0,0.0,0.0,13.0,1.0,0.0,0.0,single_family,single_family,single_family,single_family,170318130005,0.0,False
170318130005013,813000,5,5013,14,31,10551,14.0,14.0,14.0,14.0,14.0,0.0,0.0,0.0,0.0,0.0,0.0,14.0,1.0,0.0,0.0,single_family,single_family,single_family,single_family,170318130005,0.0,False
170318130005014,813000,5,5014,14,33,10530,14.0,14.0,14.0,14.0,14.0,0.0,0.0,0.0,0.0,0.0,0.0,14.0,1.0,0.0,0.0,single_family,single_family,single_family,single_family,170318130005,0.0,False
170318130005015,813000,5,5015,27,55,10288,27.0,27.0,14.0,13.0,13.0,0.0,0.0,14.0,1.0,0.0,14.0,27.0,0.4815,0.0,0.5185,large_mf_7plus,large_mf_7plus,large_mf_7plus,large_mf_7plus,170318130005,0.0,False
170318130005016,813000,5,5016,13,50,10383,14.0,14.0,14.0,14.0,14.0,0.0,0.0,0.0,0.0,0.0,0.0,14.0,1.0,0.0,0.0,single_family,single_family,single_family,single_family,170318130005,-1.0,False
170318130005017,813000,5,5017,14,63,10269,14.0,14.0,14.0,14.0,14.0,0.0,0.0,0.0,0.0,0.0,0.0,14.0,1.0,0.0,0.0,single_family,single_family,single_family,single_family,170318130005,0.0,False
170318131001000,813100,1,1000,20,46,5134,5.0,22.0,3.0,0.0,0.0,7.0,2.0,15.0,1.0,0.0,15.0,22.0,0.0,0.3182,0.6818,large_mf_7plus,large_mf_7plus,large_mf_7plus,large_mf_7plus,170318131001,-2.0,False
170318131001001,813100,1,1001,101,129,5242,3.0,103.0,3.0,0.0,0.0,0.0,0.0,103.0,3.0,0.0,103.0,103.0,0.0,0.0,1.0,large_mf_7plus,large_mf_7plus,large_mf_7plus,large_mf_7plus,170318131001,-2.0,False
170318131001002,813100,1,1002,53,87,5145,5.0,53.0,5.0,0.0,0.0,12.0,2.0,41.0,3.0,0.0,41.0,53.0,0.0,0.2264,0.7736,large_mf_7plus,large_mf_7plus,large_mf_7plus,large_mf_7plus,170318131001,0.0,False
170318131001003,813100,1,1003,92,123,25507,45.0,95.0,16.0,9.0,9.0,22.0,5.0,64.0,2.0,0.0,64.0,95.0,0.0947,0.2316,0.6737,large_mf_7plus,large_mf_7plus,large_mf_7plus,large_mf_7plus,170318131001,-3.0,False
170318131001004,813100,1,1004,14,39,7535,18.0,14.0,14.0,14.0,14.0,0.0,0.0,0.0,0.0,0.0,0.0,14.0,1.0,0.0,0.0,single_family,single_family,single_family,single_family,170318131001,0.0,False
170318131001005,813100,1,1005,7,32,4143,9.0,8.0,8.0,8.0,8.0,0.0,0.0,0.0,0.0,0.0,0.0,8.0,1.0,0.0,0.0,single_family,single_family,single_family,single_family,170318131001,-1.0,False
170318131001006,813100,1,1006,5,30,4301,7.0,5.0,5.0,5.0,5.0,0.0,0.0,0.0,0.0,0.0,0.0,5.0,1.0,0.0,0.0,single_family,single_family,single_family,single_family,170318131001,0.0,False
170318131001007,813100,1,1007,6,11,4692,15.0,14.0,7.0,6.0,6.0,0.0,0.0,8.0,1.0,0.0,8.0,14.0,0.4286,0.0,0.5714,large_mf_7plus,large_mf_7plus,large_mf_7plus,large_mf_7plus,170318131001,-8.0,False
170318131001008,813100,1,1008,0,0,13203,11.0,0.0,0.0,0.0,0.0,0.0,0.0,0.0,0.0,0.0,0.0,0.0,0.0,0.0,0.0,no_housing,no_housing,no_housing,no_housing,170318131001,0.0,False
170318131001009,813100,1,1009,0,0,14102,1.0,0.0,0.0,0.0,0.0,0.0,0.0,0.0,0.0,0.0,0.0,0.0,0.0,0.0,0.0,no_housing,no_housing,no_housing,no_housing,170318131001,0.0,False
170318131001010,813100,1,1010,0,0,8758,0.0,0.0,0.0,0.0,0.0,0.0,0.0,0.0,0.0,0.0,0.0,0.0,0.0,0.0,0.0,no_housing,no_housing,no_housing,no_housing,170318131001,0.0,False
170318131001011,813100,1,1011,0,0,18934,1.0,0.0,0.0,0.0,0.0,0.0,0.0,0.0,0.0,0.0,0.0,0.0,0.0,0.0,0.0,no_housing,no_housing,no_housing,no_housing,170318131001,0.0,False
170318131001012,813100,1,1012,33,77,4717,24.0,31.0,15.0,13.0,13.0,6.0,1.0,12.0,1.0,0.0,12.0,31.0,0.4194,0.1935,0.3871,mixed,mixed,mixed,mixed,170318131001,2.0,False
170318131001013,813100,1,1013,32,44,4848,8.0,33.0,8.0,0.0,0.0,20.0,7.0,13.0,1.0,0.0,13.0,33.0,0.0,0.6061,0.3939,small_mf_2_6,small_mf_2_6,small_mf_2_6,small_mf_2_6,170318131001,-1.0,False
170318131001014,813100,1,1014,26,80,5193,6.0,20.0,6.0,1.0,1.0,19.0,5.0,0.0,0.0,0.0,0.0,20.0,0.05,0.95,0.0,small_mf_2_6,small_mf_2_6,small_mf_2_6,small_mf_2_6,170318131001,6.0,False
170318131001015,813100,1,1015,13,43,5544,8.0,12.0,8.0,6.0,6.0,6.0,2.0,0.0,0.0,0.0,0.0,12.0,0.5,0.5,0.0,small_mf_2_6,small_mf_2_6,small_mf_2_6,small_mf_2_6,170318131001,1.0,False
170318131001016,813100,1,1016,11,33,5906,10.0,9.0,9.0,9.0,9.0,0.0,0.0,0.0,0.0,0.0,0.0,9.0,1.0,0.0,0.0,single_family,single_family,single_family,single_family,170318131001,2.0,False
170318131001017,813100,1,1017,10,22,6235,13.0,11.0,11.0,11.0,11.0,0.0,0.0,0.0,0.0,0.0,0.0,11.0,1.0,0.0,0.0,single_family,single_family,single_family,single_family,170318131001,-1.0,False
170318131001018,813100,1,1018,11,32,6647,11.0,11.0,11.0,11.0,11.0,0.0,0.0,0.0,0.0,0.0,0.0,11.0,1.0,0.0,0.0,single_family,single_family,single_family,single_family,170318131001,0.0,False
170318131001019,813100,1,1019,8,25,5157,10.0,11.0,10.0,9.0,9.0,2.0,1.0,0.0,0.0,0.0,0.0,11.0,0.8182,0.1818,0.0,mixed,mixed,mixed,mixed,170318131001,-3.0,False
170318131001020,813100,1,1020,94,128,4929,3.0,87.0,2.0,0.0,0.0,0.0,0.0,87.0,2.0,0.0,87.0,87.0,0.0,0.0,1.0,large_mf_7plus,large_mf_7plus,large_mf_7plus,large_mf_7plus,170318131001,7.0,False
170318131002000,813100,2,2000,131,242,18197,46.0,121.93896552859448,25.0,12.0,12.0,24.0,8.0,85.93896552859448,5.0,0.0,85.93896552859448,121.93896552859448,0.0984,0.1968,0.7048,large_mf_7plus,large_mf_7plus,large_mf_7plus,large_mf_7plus,170318131002,9.06103447140552,False
170318131002001,813100,2,2001,18,36,10326,20.0,18.0,17.0,16.0,16.0,2.0,1.0,0.0,0.0,0.0,0.0,18.0,0.8889,0.1111,0.0,mixed,mixed,mixed,mixed,170318131002,0.0,False
170318131002002,813100,2,2002,18,53,10342,17.0,18.0,17.0,16.0,16.0,2.0,1.0,0.0,0.0,0.0,0.0,18.0,0.8889,0.1111,0.0,mixed,mixed,mixed,mixed,170318131002,0.0,False
170318131002003,813100,2,2003,18,39,10368,18.0,18.0,18.0,18.0,18.0,0.0,0.0,0.0,0.0,0.0,0.0,18.0,1.0,0.0,0.0,single_family,single_family,single_family,single_family,170318131002,0.0,False
170318131002004,813100,2,2004,20,58,10352,21.0,21.0,20.0,19.0,19.0,2.0,1.0,0.0,0.0,0.0,0.0,21.0,0.9048,0.0952,0.0,mixed,mixed,single_family,mixed,170318131002,-1.0,False
170318131002005,813100,2,2005,19,60,10398,19.0,19.0,19.0,19.0,19.0,0.0,0.0,0.0,0.0,0.0,0.0,19.0,1.0,0.0,0.0,single_family,single_family,single_family,single_family,170318131002,0.0,False
170318131002006,813100,2,2006,14,42,10144,17.0,16.0,13.0,11.0,11.0,5.0,2.0,0.0,0.0,0.0,0.0,16.0,0.6875,0.3125,0.0,mixed,mixed,mixed,mixed,170318131002,-2.0,False
170318131002007,813100,2,2007,30,65,10556,21.0,30.0,21.0,13.0,13.0,17.0,8.0,0.0,0.0,0.0,0.0,30.0,0.4333,0.5667,0.0,small_mf_2_6,small_mf_2_6,small_mf_2_6,small_mf_2_6,170318131002,0.0,False
170318131002008,813100,2,2008,14,38,7939,15.0,15.0,15.0,15.0,15.0,0.0,0.0,0.0,0.0,0.0,0.0,15.0,1.0,0.0,0.0,single_family,single_family,single_family,single_family,170318131002,-1.0,False
170318131002009,813100,2,2009,13,40,7606,14.0,13.0,13.0,13.0,13.0,0.0,0.0,0.0,0.0,0.0,0.0,13.0,1.0,0.0,0.0,single_family,single_family,single_family,single_family,170318131002,0.0,False
170318131002010,813100,2,2010,15,43,7750,15.0,15.0,15.0,15.0,15.0,0.0,0.0,0.0,0.0,0.0,0.0,15.0,1.0,0.0,0.0,single_family,single_family,single_family,single_family,170318131002,0.0,False
170318131002011,813100,2,2011,16,47,7788,14.0,16.0,14.0,12.0,12.0,4.0,2.0,0.0,0.0,0.0,0.0,16.0,0.75,0.25,0.0,mixed,mixed,mixed,mixed,170318131002,0.0,False
170318131002012,813100,2,2012,15,35,7796,14.0,15.0,13.0,12.0,12.0,3.0,1.0,0.0,0.0,0.0,0.0,15.0,0.8,0.2,0.0,mixed,mixed,mixed,mixed,170318131002,0.0,False
170318131002013,813100,2,2013,23,65,7747,14.0,19.0,14.0,10.0,10.0,9.0,4.0,0.0,0.0,0.0,0.0,19.0,0.5263,0.4737,0.0,mixed,mixed,mixed,mixed,170318131002,4.0,False
170318131002014,813100,2,2014,11,21,7788,13.0,11.061034471405524,12.0,11.0,11.0,0.0,0.0,0.06103447140552461,1.0,0.0,0.06103447140552461,11.061034471405524,0.9945,0.0,0.0055,single_family,mixed,single_family,single_family,170318131002,-0.06103447140552376,False
170318131002015,813100,2,2015,0,0,5144,5.0,0.0,0.0,0.0,0.0,0.0,0.0,0.0,0.0,0.0,0.0,0.0,0.0,0.0,0.0,no_housing,no_housing,no_housing,no_housing,170318131002,0.0,False
170318131002016,813100,2,2016,8,12,5160,9.0,12.0,4.0,0.0,0.0,12.0,4.0,0.0,0.0,0.0,0.0,12.0,0.0,1.0,0.0,small_mf_2_6,small_mf_2_6,small_mf_2_6,small_mf_2_6,170318131002,-4.0,False
170318131002017,813100,2,2017,13,31,5167,6.0,16.0,5.0,0.0,0.0,12.0,4.0,4.0,1.0,0.0,4.0,16.0,0.0,0.75,0.25,small_mf_2_6,small_mf_2_6,small_mf_2_6,small_mf_2_6,170318131002,-3.0,False
170318131002018,813100,2,2018,29,39,5148,5.0,38.0,2.0,0.0,0.0,2.0,1.0,36.0,1.0,0.0,36.0,38.0,0.0,0.0526,0.9474,large_mf_7plus,large_mf_7plus,large_mf_7plus,large_mf_7plus,170318131002,-9.0,False
170318131003000,813100,3,3000,18,61,10712,18.0,18.0,18.0,18.0,18.0,0.0,0.0,0.0,0.0,0.0,0.0,18.0,1.0,0.0,0.0,single_family,single_family,single_family,single_family,170318131003,0.0,False
170318131003001,813100,3,3001,19,52,9940,19.0,19.0,19.0,19.0,19.0,0.0,0.0,0.0,0.0,0.0,0.0,19.0,1.0,0.0,0.0,single_family,single_family,single_family,single_family,170318131003,0.0,False
170318131003002,813100,3,3002,21,65,10409,21.0,20.0,19.0,18.0,18.0,2.0,1.0,0.0,0.0,0.0,0.0,20.0,0.9,0.1,0.0,mixed,mixed,single_family,mixed,170318131003,1.0,False
170318131003003,813100,3,3003,19,37,10290,19.0,19.0,18.0,17.0,17.0,2.0,1.0,0.0,0.0,0.0,0.0,19.0,0.8947,0.1053,0.0,mixed,mixed,mixed,mixed,170318131003,0.0,False
170318131003004,813100,3,3004,21,47,10349,19.0,21.0,19.0,17.0,17.0,4.0,2.0,0.0,0.0,0.0,0.0,21.0,0.8095,0.1905,0.0,mixed,mixed,mixed,mixed,170318131003,0.0,False
170318131003005,813100,3,3005,17,55,10323,20.0,18.0,18.0,18.0,18.0,0.0,0.0,0.0,0.0,0.0,0.0,18.0,1.0,0.0,0.0,single_family,single_family,single_family,single_family,170318131003,-1.0,False
170318131003006,813100,3,3006,6,29,20714,9.0,6.0,6.0,6.0,6.0,0.0,0.0,0.0,0.0,0.0,0.0,6.0,1.0,0.0,0.0,single_family,single_family,single_family,single_family,170318131003,0.0,False
170318131003007,813100,3,3007,16,44,7995,15.0,16.0,15.0,14.0,14.0,2.0,1.0,0.0,0.0,0.0,0.0,16.0,0.875,0.125,0.0,mixed,mixed,mixed,mixed,170318131003,0.0,False
170318131003008,813100,3,3008,18,31,7512,18.0,18.0,17.0,16.0,16.0,2.0,1.0,0.0,0.0,0.0,0.0,18.0,0.8889,0.1111,0.0,mixed,mixed,mixed,mixed,170318131003,0.0,False
170318131003009,813100,3,3009,18,60,7798,18.0,18.0,18.0,18.0,18.0,0.0,0.0,0.0,0.0,0.0,0.0,18.0,1.0,0.0,0.0,single_family,single_family,single_family,single_family,170318131003,0.0,False
170318131003010,813100,3,3010,17,36,7762,16.0,16.0,16.0,16.0,16.0,0.0,0.0,0.0,0.0,0.0,0.0,16.0,1.0,0.0,0.0,single_family,single_family,single_family,single_family,170318131003,1.0,False
170318131003011,813100,3,3011,16,40,7782,16.0,16.0,16.0,16.0,16.0,0.0,0.0,0.0,0.0,0.0,0.0,16.0,1.0,0.0,0.0,single_family,single_family,single_family,single_family,170318131003,0.0,False
170318131003012,813100,3,3012,17,51,7753,16.0,17.0,16.0,15.0,15.0,2.0,1.0,0.0,0.0,0.0,0.0,17.0,0.8824,0.1176,0.0,mixed,mixed,mixed,mixed,170318131003,0.0,False
170318131003013,813100,3,3013,14,45,7799,14.0,14.0,14.0,14.0,14.0,0.0,0.0,0.0,0.0,0.0,0.0,14.0,1.0,0.0,0.0,single_family,single_family,single_family,single_family,170318131003,0.0,False
170318131003014,813100,3,3014,18,68,7740,18.0,18.0,18.0,18.0,18.0,0.0,0.0,0.0,0.0,0.0,0.0,18.0,1.0,0.0,0.0,single_family,single_family,single_family,single_family,170318131003,0.0,False
170318131003015,813100,3,3015,1,10,5096,5.0,6.0,2.0,0.0,0.0,6.0,2.0,0.0,0.0,0.0,0.0,6.0,0.0,1.0,0.0,small_mf_2_6,small_mf_2_6,small_mf_2_6,small_mf_2_6,170318131003,-5.0,False
170318131003016,813100,3,3016,2,7,5060,7.0,1.0,1.0,1.0,1.0,0.0,0.0,0.0,0.0,0.0,0.0,1.0,1.0,0.0,0.0,single_family,single_family,single_family,single_family,170318131003,1.0,False
170318131003017,813100,3,3017,0,0,5128,1.0,0.0,0.0,0.0,0.0,0.0,0.0,0.0,0.0,0.0,0.0,0.0,0.0,0.0,0.0,no_housing,no_housing,no_housing,no_housing,170318131003,0.0,False
170318131003018,813100,3,3018,4,10,5166,6.0,12.0,3.0,0.0,0.0,12.0,3.0,0.0,0.0,0.0,0.0,12.0,0.0,1.0,0.0,small_mf_2_6,small_mf_2_6,small_mf_2_6,small_mf_2_6,170318131003,-8.0,False
170318131004000,813100,4,4000,7,19,5311,7.0,7.0,5.0,3.0,3.0,4.0,2.0,0.0,0.0,0.0,0.0,7.0,0.4286,0.5714,0.0,small_mf_2_6,small_mf_2_6,small_mf_2_6,small_mf_2_6,170318131004,0.0,False
170318131004001,813100,4,4001,24,49,7695,13.0,26.0,6.0,3.0,3.0,2.0,1.0,21.0,2.0,0.0,21.0,26.0,0.1154,0.0769,0.8077,large_mf_7plus,large_mf_7plus,large_mf_7plus,large_mf_7plus,170318131004,-2.0,False
170318131004002,813100,4,4002,44,47,5227,6.0,59.0,5.0,1.0,1.0,6.0,1.0,52.0,3.0,0.0,52.0,59.0,0.0169,0.1017,0.8814,large_mf_7plus,large_mf_7plus,large_mf_7plus,large_mf_7plus,170318131004,-15.0,False
170318131004003,813100,4,4003,16,28,5325,6.0,27.0,5.0,0.0,0.0,9.0,4.0,18.0,1.0,0.0,18.0,27.0,0.0,0.3333,0.6667,large_mf_7plus,large_mf_7plus,large_mf_7plus,large_mf_7plus,170318131004,-11.0,False
170318131004004,813100,4,4004,8,21,4629,21.0,20.0,4.0,0.0,0.0,8.0,3.0,12.0,1.0,0.0,12.0,20.0,0.0,0.4,0.6,large_mf_7plus,large_mf_7plus,large_mf_7plus,large_mf_7plus,170318131004,-12.0,False
170318131004005,813100,4,4005,2,8,15290,17.0,0.0,0.0,0.0,0.0,0.0,0.0,0.0,0.0,0.0,0.0,0.0,0.0,0.0,0.0,no_housing,no_housing,no_housing,no_housing,170318131004,2.0,False
170318131004006,813100,4,4006,0,0,12560,12.0,0.0,0.0,0.0,0.0,0.0,0.0,0.0,0.0,0.0,0.0,0.0,0.0,0.0,0.0,no_housing,no_housing,no_housing,no_housing,170318131004,0.0,False
170318131004007,813100,4,4007,17,47,7095,15.0,16.0,13.0,10.0,10.0,6.0,3.0,0.0,0.0,0.0,0.0,16.0,0.625,0.375,0.0,mixed,mixed,mixed,mixed,170318131004,1.0,False
170318131004008,813100,4,4008,3,13,12227,22.0,3.0,3.0,3.0,3.0,0.0,0.0,0.0,0.0,0.0,0.0,3.0,1.0,0.0,0.0,single_family,single_family,single_family,single_family,170318131004,0.0,False
170318131004009,813100,4,4009,0,0,11678,6.0,0.0,0.0,0.0,0.0,0.0,0.0,0.0,0.0,0.0,0.0,0.0,0.0,0.0,0.0,no_housing,no_housing,no_housing,no_housing,170318131004,0.0,False
170318131004010,813100,4,4010,0,0,14327,0.0,0.0,0.0,0.0,0.0,0.0,0.0,0.0,0.0,0.0,0.0,0.0,0.0,0.0,0.0,no_housing,no_housing,no_housing,no_housing,170318131004,0.0,False
170318131004011,813100,4,4011,0,0,14146,0.0,0.0,0.0,0.0,0.0,0.0,0.0,0.0,0.0,0.0,0.0,0.0,0.0,0.0,0.0,no_housing,no_housing,no_housing,no_housing,170318131004,0.0,False
170318131004012,813100,4,4012,0,0,7261,0.0,0.0,0.0,0.0,0.0,0.0,0.0,0.0,0.0,0.0,0.0,0.0,0.0,0.0,0.0,no_housing,no_housing,no_housing,no_housing,170318131004,0.0,False
170318131004013,813100,4,4013,0,0,14366,19.0,0.0,0.0,0.0,0.0,0.0,0.0,0.0,0.0,0.0,0.0,0.0,0.0,0.0,0.0,no_housing,no_housing,no_housing,no_housing,170318131004,0.0,False
170318131004014,813100,4,4014,18,55,10213,18.0,18.0,18.0,18.0,18.0,0.0,0.0,0.0,0.0,0.0,0.0,18.0,1.0,0.0,0.0,single_family,single_family,single_family,single_family,170318131004,0.0,False
170318131004015,813100,4,4015,31,80,20064,30.0,29.0,28.0,27.0,27.0,2.0,1.0,0.0,0.0,0.0,0.0,29.0,0.931,0.069,0.0,mixed,mixed,single_family,mixed,170318131004,2.0,False
170318131004016,813100,4,4016,40,80,20676,40.0,39.0,39.0,39.0,39.0,0.0,0.0,0.0,0.0,0.0,0.0,39.0,1.0,0.0,0.0,single_family,single_family,single_family,single_family,170318131004,1.0,False
170318131004017,813100,4,4017,20,47,10301,20.0,20.0,20.0,20.0,20.0,0.0,0.0,0.0,0.0,0.0,0.0,20.0,1.0,0.0,0.0,single_family,single_family,single_family,single_family,170318131004,0.0,False
170318131004018,813100,4,4018,20,58,10906,20.0,20.0,20.0,20.0,20.0,0.0,0.0,0.0,0.0,0.0,0.0,20.0,1.0,0.0,0.0,single_family,single_family,single_family,single_family,170318131004,0.0,False
170318131004019,813100,4,4019,20,55,10080,20.0,20.0,20.0,20.0,20.0,0.0,0.0,0.0,0.0,0.0,0.0,20.0,1.0,0.0,0.0,single_family,single_family,single_family,single_family,170318131004,0.0,False
170318131005000,813100,5,5000,20,54,12394,24.0,22.0,21.0,20.0,20.0,2.0,1.0,0.0,0.0,0.0,0.0,22.0,0.9091,0.0909,0.0,mixed,mixed,single_family,mixed,170318131005,-2.0,False
170318131005001,813100,5,5001,35,89,13018,27.0,30.0,27.0,26.0,26.0,4.0,1.0,0.0,0.0,0.0,0.0,30.0,0.8667,0.1333,0.0,mixed,mixed,mixed,mixed,170318131005,5.0,False
170318131005002,813100,5,5002,40,87,13412,26.0,40.0,26.0,25.0,25.0,0.0,0.0,15.0,1.0,0.0,15.0,40.0,0.625,0.0,0.375,mixed,mixed,mixed,mixed,170318131005,0.0,False
170318131005003,813100,5,5003,24,59,13820,27.0,26.0,26.0,26.0,26.0,0.0,0.0,0.0,0.0,0.0,0.0,26.0,1.0,0.0,0.0,single_family,single_family,single_family,single_family,170318131005,-2.0,False
170318131005004,813100,5,5004,57,154,58645,57.0,55.0,49.0,44.0,44.0,11.0,5.0,0.0,0.0,0.0,0.0,55.0,0.8,0.2,0.0,mixed,mixed,mixed,mixed,170318131005,2.0,False
170318131005005,813100,5,5005,19,54,10375,20.0,20.0,19.0,18.0,18.0,2.0,1.0,0.0,0.0,0.0,0.0,20.0,0.9,0.1,0.0,mixed,mixed,single_family,mixed,170318131005,-1.0,False
170318131005006,813100,5,5006,19,52,10276,20.0,19.0,19.0,19.0,19.0,0.0,0.0,0.0,0.0,0.0,0.0,19.0,1.0,0.0,0.0,single_family,single_family,single_family,single_family,170318131005,0.0,False
170318131005007,813100,5,5007,14,47,7697,15.0,14.0,14.0,14.0,14.0,0.0,0.0,0.0,0.0,0.0,0.0,14.0,1.0,0.0,0.0,single_family,single_family,single_family,single_family,170318131005,0.0,False
170318131005008,813100,5,5008,16,39,7787,15.0,15.0,15.0,15.0,15.0,0.0,0.0,0.0,0.0,0.0,0.0,15.0,1.0,0.0,0.0,single_family,single_family,single_family,single_family,170318131005,1.0,False
170318131005009,813100,5,5009,14,44,7742,14.0,14.0,14.0,14.0,14.0,0.0,0.0,0.0,0.0,0.0,0.0,14.0,1.0,0.0,0.0,single_family,single_family,single_family,single_family,170318131005,0.0,False
170318131005010,813100,5,5010,17,73,10308,18.0,17.0,17.0,17.0,17.0,0.0,0.0,0.0,0.0,0.0,0.0,17.0,1.0,0.0,0.0,single_family,single_family,single_family,single_family,170318131005,0.0,False
170318131005011,813100,5,5011,18,55,10332,20.0,18.0,18.0,18.0,18.0,0.0,0.0,0.0,0.0,0.0,0.0,18.0,1.0,0.0,0.0,single_family,single_family,single_family,single_family,170318131005,0.0,False
170318131005012,813100,5,5012,18,64,10298,19.0,18.0,17.0,16.0,16.0,2.0,1.0,0.0,0.0,0.0,0.0,18.0,0.8889,0.1111,0.0,mixed,mixed,mixed,mixed,170318131005,0.0,False
170318131005013,813100,5,5013,18,61,10363,18.0,18.0,18.0,18.0,18.0,0.0,0.0,0.0,0.0,0.0,0.0,18.0,1.0,0.0,0.0,single_family,single_family,single_family,single_family,170318131005,0.0,False
170318131005014,813100,5,5014,19,40,10310,20.0,19.0,19.0,19.0,19.0,0.0,0.0,0.0,0.0,0.0,0.0,19.0,1.0,0.0,0.0,single_family,single_family,single_family,single_family,170318131005,0.0,False
170318131005015,813100,5,5015,20,59,10355,16.0,19.0,15.0,11.0,11.0,8.0,4.0,0.0,0.0,0.0,0.0,19.0,0.5789,0.4211,0.0,mixed,mixed,mixed,mixed,170318131005,1.0,False
170318131005016,813100,5,5016,16,54,7798,16.0,16.0,16.0,16.0,16.0,0.0,0.0,0.0,0.0,0.0,0.0,16.0,1.0,0.0,0.0,single_family,single_family,single_family,single_family,170318131005,0.0,False
170318131005017,813100,5,5017,18,53,7705,16.0,17.0,16.0,15.0,15.0,2.0,1.0,0.0,0.0,0.0,0.0,17.0,0.8824,0.1176,0.0,mixed,mixed,mixed,mixed,170318131005,1.0,False
170318131005018,813100,5,5018,18,52,7722,18.0,18.0,18.0,18.0,18.0,0.0,0.0,0.0,0.0,0.0,0.0,18.0,1.0,0.0,0.0,single_family,single_family,single_family,single_family,170318131005,0.0,False
170318131005019,813100,5,5019,21,55,12871,26.0,19.0,17.0,16.0,16.0,3.0,1.0,0.0,0.0,0.0,0.0,19.0,0.8421,0.1579,0.0,mixed,mixed,mixed,mixed,170318131005,2.0,False
170318131005020,813100,5,5020,14,52,7781,14.0,14.0,14.0,14.0,14.0,0.0,0.0,0.0,0.0,0.0,0.0,14.0,1.0,0.0,0.0,single_family,single_family,single_family,single_family,170318131005,0.0,False
170318131005021,813100,5,5021,54,79,5120,126.0,126.0,1.0,0.0,0.0,0.0,0.0,126.0,1.0,0.0,126.0,126.0,0.0,0.0,1.0,large_mf_7plus,large_mf_7plus,large_mf_7plus,large_mf_7plus,170318131005,-72.0,False
170318131005022,813100,5,5022,0,0,5087,2.0,0.0,0.0,0.0,0.0,0.0,0.0,0.0,0.0,0.0,0.0,0.0,0.0,0.0,0.0,no_housing,no_housing,no_housing,no_housing,170318131005,0.0,False
170318131005023,813100,5,5023,0,0,5083,8.0,0.0,0.0,0.0,0.0,0.0,0.0,0.0,0.0,0.0,0.0,0.0,0.0,0.0,0.0,no_housing,no_housing,no_housing,no_housing,170318131005,0.0,False
170318132001000,813200,1,1000,0,0,9007,1.0,0.0,0.0,0.0,0.0,0.0,0.0,0.0,0.0,0.0,0.0,0.0,0.0,0.0,0.0,no_housing,no_housing,no_housing,no_housing,170318132001,0.0,False
170318132001001,813200,1,1001,0,0,13413,0.0,0.0,0.0,0.0,0.0,0.0,0.0,0.0,0.0,0.0,0.0,0.0,0.0,0.0,0.0,no_housing,no_housing,no_housing,no_housing,170318132001,0.0,False
170318132001002,813200,1,1002,0,0,7289,0.0,0.0,0.0,0.0,0.0,0.0,0.0,0.0,0.0,0.0,0.0,0.0,0.0,0.0,0.0,no_housing,no_housing,no_housing,no_housing,170318132001,0.0,False
170318132001003,813200,1,1003,29,31,5385,7.0,28.0,6.0,0.0,0.0,20.0,5.0,8.0,1.0,0.0,8.0,28.0,0.0,0.7143,0.2857,small_mf_2_6,small_mf_2_6,small_mf_2_6,small_mf_2_6,170318132001,1.0,False
170318132001004,813200,1,1004,32,65,4699,4.0,32.0,1.0,0.0,0.0,0.0,0.0,32.0,1.0,0.0,32.0,32.0,0.0,0.0,1.0,large_mf_7plus,large_mf_7plus,large_mf_7plus,large_mf_7plus,170318132001,0.0,False
170318132001005,813200,1,1005,60,83,4707,62.0,62.0,1.0,0.0,0.0,0.0,0.0,62.0,1.0,0.0,62.0,62.0,0.0,0.0,1.0,large_mf_7plus,large_mf_7plus,large_mf_7plus,large_mf_7plus,170318132001,-2.0,False
170318132001006,813200,1,1006,9,38,10756,10.0,9.0,9.0,9.0,9.0,0.0,0.0,0.0,0.0,0.0,0.0,9.0,1.0,0.0,0.0,single_family,single_family,single_family,single_family,170318132001,0.0,False
170318132001007,813200,1,1007,12,35,7494,10.0,12.0,9.0,7.0,7.0,5.0,2.0,0.0,0.0,0.0,0.0,12.0,0.5833,0.4167,0.0,mixed,mixed,mixed,mixed,170318132001,0.0,False
170318132001008,813200,1,1008,7,37,4265,7.0,7.0,7.0,7.0,7.0,0.0,0.0,0.0,0.0,0.0,0.0,7.0,1.0,0.0,0.0,single_family,single_family,single_family,single_family,170318132001,0.0,False
170318132001009,813200,1,1009,12,32,4624,8.0,11.0,8.0,7.0,7.0,4.0,1.0,0.0,0.0,0.0,0.0,11.0,0.6364,0.3636,0.0,mixed,mixed,mixed,mixed,170318132001,1.0,False
170318132001010,813200,1,1010,6,44,4499,8.0,6.0,6.0,6.0,6.0,0.0,0.0,0.0,0.0,0.0,0.0,6.0,1.0,0.0,0.0,single_family,single_family,single_family,single_family,170318132001,0.0,False
170318132001011,813200,1,1011,52,56,4921,2.0,58.0,1.0,0.0,0.0,0.0,0.0,58.0,1.0,0.0,58.0,58.0,0.0,0.0,1.0,large_mf_7plus,large_mf_7plus,large_mf_7plus,large_mf_7plus,170318132001,-6.0,False
170318132001012,813200,1,1012,40,70,10266,15.0,36.0,15.0,8.0,8.0,12.0,6.0,16.0,1.0,0.0,16.0,36.0,0.2222,0.3333,0.4444,mixed,mixed,mixed,mixed,170318132001,4.0,False
170318132001013,813200,1,1013,13,31,10148,15.0,14.0,14.0,14.0,14.0,0.0,0.0,0.0,0.0,0.0,0.0,14.0,1.0,0.0,0.0,single_family,single_family,single_family,single_family,170318132001,-1.0,False
170318132001014,813200,1,1014,16,60,10329,18.0,17.0,17.0,17.0,17.0,0.0,0.0,0.0,0.0,0.0,0.0,17.0,1.0,0.0,0.0,single_family,single_family,single_family,single_family,170318132001,-1.0,False
170318132001015,813200,1,1015,21,62,10347,16.0,19.0,14.0,10.0,10.0,9.0,4.0,0.0,0.0,0.0,0.0,19.0,0.5263,0.4737,0.0,mixed,mixed,mixed,mixed,170318132001,2.0,False
170318132001016,813200,1,1016,17,50,10338,15.0,17.0,15.0,13.0,13.0,4.0,2.0,0.0,0.0,0.0,0.0,17.0,0.7647,0.2353,0.0,mixed,mixed,mixed,mixed,170318132001,0.0,False
170318132001017,813200,1,1017,16,51,10341,17.0,17.0,17.0,17.0,17.0,0.0,0.0,0.0,0.0,0.0,0.0,17.0,1.0,0.0,0.0,single_family,single_family,single_family,single_family,170318132001,-1.0,False
170318132001018,813200,1,1018,16,47,10329,20.0,16.0,16.0,16.0,16.0,0.0,0.0,0.0,0.0,0.0,0.0,16.0,1.0,0.0,0.0,single_family,single_family,single_family,single_family,170318132001,0.0,False
170318132001019,813200,1,1019,15,45,10320,15.0,15.0,14.0,13.0,13.0,2.0,1.0,0.0,0.0,0.0,0.0,15.0,0.8667,0.1333,0.0,mixed,mixed,mixed,mixed,170318132001,0.0,False
170318132002000,813200,2,2000,16,30,10289,16.0,13.0,12.0,11.0,11.0,2.0,1.0,0.0,0.0,0.0,0.0,13.0,0.8462,0.1538,0.0,mixed,mixed,mixed,mixed,170318132002,3.0,False
170318132002001,813200,2,2001,18,53,10343,18.0,19.0,18.0,17.0,17.0,2.0,1.0,0.0,0.0,0.0,0.0,19.0,0.8947,0.1053,0.0,mixed,mixed,mixed,mixed,170318132002,-1.0,False
170318132002002,813200,2,2002,16,53,10318,17.0,16.0,16.0,16.0,16.0,0.0,0.0,0.0,0.0,0.0,0.0,16.0,1.0,0.0,0.0,single_family,single_family,single_family,single_family,170318132002,0.0,False
170318132002003,813200,2,2003,16,55,10328,16.0,16.0,16.0,16.0,16.0,0.0,0.0,0.0,0.0,0.0,0.0,16.0,1.0,0.0,0.0,single_family,single_family,single_family,single_family,170318132002,0.0,False
170318132002004,813200,2,2004,17,50,10350,17.0,17.0,17.0,17.0,17.0,0.0,0.0,0.0,0.0,0.0,0.0,17.0,1.0,0.0,0.0,single_family,single_family,single_family,single_family,170318132002,0.0,False
170318132002005,813200,2,2005,16,58,10308,16.0,16.0,16.0,16.0,16.0,0.0,0.0,0.0,0.0,0.0,0.0,16.0,1.0,0.0,0.0,single_family,single_family,single_family,single_family,170318132002,0.0,False
170318132002006,813200,2,2006,16,49,10082,16.0,16.0,16.0,16.0,16.0,0.0,0.0,0.0,0.0,0.0,0.0,16.0,1.0,0.0,0.0,single_family,single_family,single_family,single_family,170318132002,0.0,False
170318132002007,813200,2,2007,43,97,10282,24.0,38.0,16.0,3.0,3.0,26.0,12.0,9.0,1.0,0.0,9.0,38.0,0.0789,0.6842,0.2368,small_mf_2_6,small_mf_2_6,small_mf_2_6,small_mf_2_6,170318132002,5.0,False
170318132002008,813200,2,2008,85,121,8017,11.0,62.0,8.0,2.0,2.0,8.0,4.0,52.0,2.0,0.0,52.0,62.0,0.0323,0.129,0.8387,large_mf_7plus,large_mf_7plus,large_mf_7plus,large_mf_7plus,170318132002,23.0,False
170318132002009,813200,2,2009,19,48,7814,13.0,13.0,13.0,13.0,13.0,0.0,0.0,0.0,0.0,0.0,0.0,13.0,1.0,0.0,0.0,single_family,single_family,single_family,single_family,170318132002,6.0,False
170318132002010,813200,2,2010,0,0,20577,3.0,0.0,0.0,0.0,0.0,0.0,0.0,0.0,0.0,0.0,0.0,0.0,0.0,0.0,0.0,no_housing,no_housing,no_housing,no_housing,170318132002,0.0,False
170318132002011,813200,2,2011,12,24,7764,13.0,12.0,12.0,12.0,12.0,0.0,0.0,0.0,0.0,0.0,0.0,12.0,1.0,0.0,0.0,single_family,single_family,single_family,single_family,170318132002,0.0,False
170318132002012,813200,2,2012,18,58,7734,16.0,17.0,16.0,15.0,15.0,2.0,1.0,0.0,0.0,0.0,0.0,17.0,0.8824,0.1176,0.0,mixed,mixed,mixed,mixed,170318132002,1.0,False
170318132002013,813200,2,2013,19,56,7714,15.0,14.0,14.0,14.0,14.0,0.0,0.0,0.0,0.0,0.0,0.0,14.0,1.0,0.0,0.0,single_family,single_family,single_family,single_family,170318132002,5.0,False
170318132002014,813200,2,2014,14,42,7740,15.0,14.0,14.0,14.0,14.0,0.0,0.0,0.0,0.0,0.0,0.0,14.0,1.0,0.0,0.0,single_family,single_family,single_family,single_family,170318132002,0.0,False
170318132002015,813200,2,2015,19,57,5135,19.0,20.0,19.0,18.0,18.0,2.0,1.0,0.0,0.0,0.0,0.0,20.0,0.9,0.1,0.0,mixed,mixed,single_family,mixed,170318132002,-1.0,False
170318132002016,813200,2,2016,1,9,5103,9.0,3.0,1.0,0.0,0.0,3.0,1.0,0.0,0.0,0.0,0.0,3.0,0.0,1.0,0.0,small_mf_2_6,small_mf_2_6,small_mf_2_6,small_mf_2_6,170318132002,-2.0,False
170318132002017,813200,2,2017,0,0,4452,9.0,0.0,0.0,0.0,0.0,0.0,0.0,0.0,0.0,0.0,0.0,0.0,0.0,0.0,0.0,no_housing,no_housing,no_housing,no_housing,170318132002,0.0,False
170318132003000,813200,3,3000,39,100,11059,29.0,49.0,21.0,11.0,11.0,31.0,9.0,7.0,1.0,0.0,7.0,49.0,0.2245,0.6327,0.1429,small_mf_2_6,small_mf_2_6,small_mf_2_6,small_mf_2_6,170318132003,-10.0,False
170318132003001,813200,3,3001,17,60,11003,19.0,17.0,16.0,15.0,15.0,2.0,1.0,0.0,0.0,0.0,0.0,17.0,0.8824,0.1176,0.0,mixed,mixed,mixed,mixed,170318132003,0.0,False
170318132003002,813200,3,3002,8,31,33076,15.0,8.0,8.0,8.0,8.0,0.0,0.0,0.0,0.0,0.0,0.0,8.0,1.0,0.0,0.0,single_family,single_family,single_family,single_family,170318132003,0.0,False
170318132003003,813200,3,3003,16,39,11011,18.0,16.0,16.0,16.0,16.0,0.0,0.0,0.0,0.0,0.0,0.0,16.0,1.0,0.0,0.0,single_family,single_family,single_family,single_family,170318132003,0.0,False
170318132003004,813200,3,3004,19,58,11039,19.0,19.0,19.0,19.0,19.0,0.0,0.0,0.0,0.0,0.0,0.0,19.0,1.0,0.0,0.0,single_family,single_family,single_family,single_family,170318132003,0.0,False
170318132003005,813200,3,3005,17,42,10999,17.0,17.0,17.0,17.0,17.0,0.0,0.0,0.0,0.0,0.0,0.0,17.0,1.0,0.0,0.0,single_family,single_family,single_family,single_family,170318132003,0.0,False
170318132003006,813200,3,3006,14,44,8521,14.0,14.0,14.0,14.0,14.0,0.0,0.0,0.0,0.0,0.0,0.0,14.0,1.0,0.0,0.0,single_family,single_family,single_family,single_family,170318132003,0.0,False
170318132003007,813200,3,3007,12,44,8552,13.0,12.0,12.0,12.0,12.0,0.0,0.0,0.0,0.0,0.0,0.0,12.0,1.0,0.0,0.0,single_family,single_family,single_family,single_family,170318132003,0.0,False
170318132003008,813200,3,3008,53,162,21945,30.0,60.0,29.0,27.0,27.0,2.0,1.0,31.0,1.0,0.0,31.0,60.0,0.45,0.0333,0.5167,large_mf_7plus,large_mf_7plus,large_mf_7plus,large_mf_7plus,170318132003,-7.0,False
170318132003009,813200,3,3009,29,71,10971,21.0,28.0,16.0,13.0,13.0,15.0,3.0,0.0,0.0,0.0,0.0,28.0,0.4643,0.5357,0.0,small_mf_2_6,small_mf_2_6,small_mf_2_6,small_mf_2_6,170318132003,1.0,False
170318132003010,813200,3,3010,29,77,16794,37.0,33.0,28.0,25.0,25.0,8.0,3.0,0.0,0.0,0.0,0.0,33.0,0.7576,0.2424,0.0,mixed,mixed,mixed,mixed,170318132003,-4.0,False
170318132003011,813200,3,3011,14,34,8043,14.0,14.0,14.0,14.0,14.0,0.0,0.0,0.0,0.0,0.0,0.0,14.0,1.0,0.0,0.0,single_family,single_family,single_family,single_family,170318132003,0.0,False
170318132003012,813200,3,3012,39,71,8190,12.0,36.0,12.0,9.0,9.0,8.0,2.0,19.0,1.0,0.0,19.0,36.0,0.25,0.2222,0.5278,large_mf_7plus,large_mf_7plus,large_mf_7plus,large_mf_7plus,170318132003,3.0,False
170318132003013,813200,3,3013,0,0,4925,7.0,0.0,0.0,0.0,0.0,0.0,0.0,0.0,0.0,0.0,0.0,0.0,0.0,0.0,0.0,no_housing,no_housing,no_housing,no_housing,170318132003,0.0,False
170318132004000,813200,4,4000,22,49,11852,19.0,28.0,13.0,8.0,8.0,20.0,5.0,0.0,0.0,0.0,0.0,28.0,0.2857,0.7143,0.0,small_mf_2_6,small_mf_2_6,small_mf_2_6,small_mf_2_6,170318132004,-6.0,False
170318132004001,813200,4,4001,27,65,5892,10.0,26.0,9.0,8.0,8.0,0.0,0.0,18.0,1.0,0.0,18.0,26.0,0.3077,0.0,0.6923,large_mf_7plus,large_mf_7plus,large_mf_7plus,large_mf_7plus,170318132004,1.0,False
170318132004002,813200,4,4002,29,69,13495,20.0,29.0,20.0,19.0,19.0,0.0,0.0,10.0,1.0,0.0,10.0,29.0,0.6552,0.0,0.3448,mixed,mixed,mixed,mixed,170318132004,0.0,False
170318132004003,813200,4,4003,32,56,5493,3.0,31.0,2.0,0.0,0.0,0.0,0.0,31.0,2.0,7.0,31.0,31.0,0.0,0.0,1.0,large_mf_7plus,large_mf_7plus,large_mf_7plus,large_mf_7plus,170318132004,1.0,False
170318132004004,813200,4,4004,16,49,11050,16.0,17.0,16.0,15.0,15.0,2.0,1.0,0.0,0.0,0.0,0.0,17.0,0.8824,0.1176,0.0,mixed,mixed,mixed,mixed,170318132004,-1.0,False
170318132004005,813200,4,4005,12,50,11041,13.0,12.0,12.0,12.0,12.0,0.0,0.0,0.0,0.0,0.0,0.0,12.0,1.0,0.0,0.0,single_family,single_family,single_family,single_family,170318132004,0.0,False
170318132004006,813200,4,4006,12,42,7244,12.0,12.0,12.0,12.0,12.0,0.0,0.0,0.0,0.0,0.0,0.0,12.0,1.0,0.0,0.0,single_family,single_family,single_family,single_family,170318132004,0.0,False
170318132004007,813200,4,4007,12,40,6785,12.0,12.0,12.0,12.0,12.0,0.0,0.0,0.0,0.0,0.0,0.0,12.0,1.0,0.0,0.0,single_family,single_family,single_family,single_family,170318132004,0.0,False
170318132004008,813200,4,4008,12,43,6466,10.0,12.0,10.0,8.0,8.0,4.0,2.0,0.0,0.0,0.0,0.0,12.0,0.6667,0.3333,0.0,mixed,mixed,mixed,mixed,170318132004,0.0,False
170318132004009,813200,4,4009,16,41,11076,16.0,16.0,16.0,16.0,16.0,0.0,0.0,0.0,0.0,0.0,0.0,16.0,1.0,0.0,0.0,single_family,single_family,single_family,single_family,170318132004,0.0,False
170318132004010,813200,4,4010,19,45,10990,15.0,17.0,15.0,13.0,13.0,4.0,2.0,0.0,0.0,0.0,0.0,17.0,0.7647,0.2353,0.0,mixed,mixed,mixed,mixed,170318132004,2.0,False
170318132004011,813200,4,4011,69,120,11046,40.0,69.0,26.0,21.0,21.0,10.0,3.0,38.0,2.0,0.0,38.0,69.0,0.3043,0.1449,0.5507,large_mf_7plus,large_mf_7plus,large_mf_7plus,large_mf_7plus,170318132004,0.0,False
170318132004012,813200,4,4012,28,44,5680,31.0,31.0,8.0,4.0,4.0,6.0,2.0,21.0,2.0,0.0,21.0,31.0,0.129,0.1935,0.6774,large_mf_7plus,large_mf_7plus,large_mf_7plus,large_mf_7plus,170318132004,-3.0,False
170318132004013,813200,4,4013,21,63,10998,29.0,29.0,18.0,17.0,17.0,0.0,0.0,12.0,1.0,0.0,12.0,29.0,0.5862,0.0,0.4138,mixed,mixed,mixed,mixed,170318132004,-8.0,False
170318132004014,813200,4,4014,13,35,8146,13.0,13.0,13.0,13.0,13.0,0.0,0.0,0.0,0.0,0.0,0.0,13.0,1.0,0.0,0.0,single_family,single_family,single_family,single_family,170318132004,0.0,False
170318132004015,813200,4,4015,14,48,8268,14.0,14.0,14.0,14.0,14.0,0.0,0.0,0.0,0.0,0.0,0.0,14.0,1.0,0.0,0.0,single_family,single_family,single_family,single_family,170318132004,0.0,False
170318132004016,813200,4,4016,18,46,11052,18.0,18.0,18.0,18.0,18.0,0.0,0.0,0.0,0.0,0.0,0.0,18.0,1.0,0.0,0.0,single_family,single_family,single_family,single_family,170318132004,0.0,False
170318132004017,813200,4,4017,16,49,10998,16.0,16.0,16.0,16.0,16.0,0.0,0.0,0.0,0.0,0.0,0.0,16.0,1.0,0.0,0.0,single_family,single_family,single_family,single_family,170318132004,0.0,False
170318132005000,813200,5,5000,0,0,9252,1.0,0.0,0.0,0.0,0.0,0.0,0.0,0.0,0.0,0.0,0.0,0.0,0.0,0.0,0.0,no_housing,no_housing,no_housing,no_housing,170318132005,0.0,False
170318132005001,813200,5,5001,0,0,14760,5.0,0.0,0.0,0.0,0.0,0.0,0.0,0.0,0.0,0.0,0.0,0.0,0.0,0.0,0.0,no_housing,no_housing,no_housing,no_housing,170318132005,0.0,False
170318132005002,813200,5,5002,0,0,14611,1.0,0.0,0.0,0.0,0.0,0.0,0.0,0.0,0.0,0.0,0.0,0.0,0.0,0.0,0.0,no_housing,no_housing,no_housing,no_housing,170318132005,0.0,False
170318132005003,813200,5,5003,0,0,40190,10.0,0.0,0.0,0.0,0.0,0.0,0.0,0.0,0.0,0.0,0.0,0.0,0.0,0.0,0.0,no_housing,no_housing,no_housing,no_housing,170318132005,0.0,False
170318132005004,813200,5,5004,0,0,13618,1.0,0.0,0.0,0.0,0.0,0.0,0.0,0.0,0.0,0.0,0.0,0.0,0.0,0.0,0.0,no_housing,no_housing,no_housing,no_housing,170318132005,0.0,False
170318132005005,813200,5,5005,6,30,5872,9.0,7.0,5.0,4.0,4.0,3.0,1.0,0.0,0.0,0.0,0.0,7.0,0.5714,0.4286,0.0,mixed,mixed,mixed,mixed,170318132005,-1.0,False
170318132005006,813200,5,5006,7,13,5909,10.0,9.0,8.0,7.0,7.0,2.0,1.0,0.0,0.0,0.0,0.0,9.0,0.7778,0.2222,0.0,mixed,mixed,mixed,mixed,170318132005,-2.0,False
170318132005007,813200,5,5007,0,0,6660,5.0,0.0,0.0,0.0,0.0,0.0,0.0,0.0,0.0,0.0,0.0,0.0,0.0,0.0,0.0,no_housing,no_housing,no_housing,no_housing,170318132005,0.0,False
170318132005008,813200,5,5008,0,0,14540,1.0,0.0,0.0,0.0,0.0,0.0,0.0,0.0,0.0,0.0,0.0,0.0,0.0,0.0,0.0,no_housing,no_housing,no_housing,no_housing,170318132005,0.0,False
170318132005009,813200,5,5009,14,24,9821,13.0,14.0,13.0,12.0,12.0,2.0,1.0,0.0,0.0,0.0,0.0,14.0,0.8571,0.1429,0.0,mixed,mixed,mixed,mixed,170318132005,0.0,False
170318132005010,813200,5,5010,13,49,9706,13.0,13.0,13.0,13.0,13.0,0.0,0.0,0.0,0.0,0.0,0.0,13.0,1.0,0.0,0.0,single_family,single_family,single_family,single_family,170318132005,0.0,False
170318132005011,813200,5,5011,14,37,8830,14.0,14.0,14.0,14.0,14.0,0.0,0.0,0.0,0.0,0.0,0.0,14.0,1.0,0.0,0.0,single_family,single_family,single_family,single_family,170318132005,0.0,False
170318132005012,813200,5,5012,16,48,8875,13.0,16.0,13.0,10.0,10.0,6.0,3.0,0.0,0.0,0.0,0.0,16.0,0.625,0.375,0.0,mixed,mixed,mixed,mixed,170318132005,0.0,False
170318132005013,813200,5,5013,12,44,8870,12.0,12.0,12.0,12.0,12.0,0.0,0.0,0.0,0.0,0.0,0.0,12.0,1.0,0.0,0.0,single_family,single_family,single_family,single_family,170318132005,0.0,False
170318132005014,813200,5,5014,14,22,8899,13.0,15.0,13.0,11.0,11.0,4.0,2.0,0.0,0.0,0.0,0.0,15.0,0.7333,0.2667,0.0,mixed,mixed,mixed,mixed,170318132005,-1.0,False
170318132005015,813200,5,5015,16,68,11874,16.0,16.0,16.0,16.0,16.0,0.0,0.0,0.0,0.0,0.0,0.0,16.0,1.0,0.0,0.0,single_family,single_family,single_family,single_family,170318132005,0.0,False
170318132005016,813200,5,5016,16,52,11782,16.0,16.0,16.0,16.0,16.0,0.0,0.0,0.0,0.0,0.0,0.0,16.0,1.0,0.0,0.0,single_family,single_family,single_family,single_family,170318132005,0.0,False
170318132005017,813200,5,5017,16,75,11837,16.0,16.0,16.0,16.0,16.0,0.0,0.0,0.0,0.0,0.0,0.0,16.0,1.0,0.0,0.0,single_family,single_family,single_family,single_family,170318132005,0.0,False
170318132005018,813200,5,5018,18,53,11788,18.0,18.0,18.0,18.0,18.0,0.0,0.0,0.0,0.0,0.0,0.0,18.0,1.0,0.0,0.0,single_family,single_family,single_family,single_family,170318132005,0.0,False
170318132005019,813200,5,5019,16,50,13079,14.0,16.0,14.0,13.0,13.0,3.0,1.0,0.0,0.0,0.0,0.0,16.0,0.8125,0.1875,0.0,mixed,mixed,mixed,mixed,170318132005,0.0,False
170318132005020,813200,5,5020,24,44,13160,16.0,22.0,16.0,11.0,11.0,11.0,5.0,0.0,0.0,0.0,0.0,22.0,0.5,0.5,0.0,small_mf_2_6,small_mf_2_6,small_mf_2_6,small_mf_2_6,170318132005,2.0,False
170318132005021,813200,5,5021,0,0,43769,3.0,0.0,0.0,0.0,0.0,0.0,0.0,0.0,0.0,0.0,0.0,0.0,0.0,0.0,0.0,no_housing,no_housing,no_housing,no_housing,170318132005,0.0,False
170318132005022,813200,5,5022,17,56,13072,16.0,16.0,16.0,16.0,16.0,0.0,0.0,0.0,0.0,0.0,0.0,16.0,1.0,0.0,0.0,single_family,single_family,single_family,single_family,170318132005,1.0,False
170318132005023,813200,5,5023,12,47,13237,13.0,12.0,12.0,12.0,12.0,0.0,0.0,0.0,0.0,0.0,0.0,12.0,1.0,0.0,0.0,single_family,single_family,single_family,single_family,170318132005,0.0,False
170318132005024,813200,5,5024,14,40,11829,14.0,14.0,14.0,14.0,14.0,0.0,0.0,0.0,0.0,0.0,0.0,14.0,1.0,0.0,0.0,single_family,single_family,single_family,single_family,170318132005,0.0,False
170318132005025,813200,5,5025,17,62,11820,17.0,17.0,16.0,15.0,15.0,2.0,1.0,0.0,0.0,0.0,0.0,17.0,0.8824,0.1176,0.0,mixed,mixed,mixed,mixed,170318132005,0.0,False
170318132005026,813200,5,5026,16,50,11747,16.0,16.0,16.0,16.0,16.0,0.0,0.0,0.0,0.0,0.0,0.0,16.0,1.0,0.0,0.0,single_family,single_family,single_family,single_family,170318132005,0.0,False
170318132005027,813200,5,5027,15,50,11912,15.0,15.0,15.0,15.0,15.0,0.0,0.0,0.0,0.0,0.0,0.0,15.0,1.0,0.0,0.0,single_family,single_family,single_family,single_family,170318132005,0.0,False
170318132005028,813200,5,5028,13,39,8928,13.0,13.0,13.0,13.0,13.0,0.0,0.0,0.0,0.0,0.0,0.0,13.0,1.0,0.0,0.0,single_family,single_family,single_family,single_family,170318132005,0.0,False
170318132005029,813200,5,5029,23,65,29461,35.0,23.0,23.0,23.0,23.0,0.0,0.0,0.0,0.0,0.0,0.0,23.0,1.0,0.0,0.0,single_family,single_family,single_family,single_family,170318132005,0.0,False
170318132005030,813200,5,5030,2,4,8727,17.0,2.0,2.0,2.0,2.0,0.0,0.0,0.0,0.0,0.0,0.0,2.0,1.0,0.0,0.0,single_family,single_family,single_family,single_family,170318132005,0.0,False
170318132005031,813200,5,5031,13,36,9860,12.0,13.0,12.0,11.0,11.0,2.0,1.0,0.0,0.0,0.0,0.0,13.0,0.8462,0.1538,0.0,mixed,mixed,mixed,mixed,170318132005,0.0,False
170318132005032,813200,5,5032,13,33,9738,14.0,14.0,14.0,14.0,14.0,0.0,0.0,0.0,0.0,0.0,0.0,14.0,1.0,0.0,0.0,single_family,single_family,single_family,single_family,170318132005,-1.0,False
170318132005033,813200,5,5033,1,7,6644,10.0,1.0,1.0,1.0,1.0,0.0,0.0,0.0,0.0,0.0,0.0,1.0,1.0,0.0,0.0,single_family,single_family,single_family,single_family,170318132005,0.0,False
