building_id,address,district,zone,unit_type,bucket,units,n_pins,classes,units_source,yrblt,yr_source,excluded,exclude_reason,yr_predecessor,lat,lon
16053080130000,706 N RIDGELAND AVE,Frank Lloyd Wright,R-3-50,small_mf,small_mf,2.0,1,211,char_apts,1915.0,char_yrblt,False,,,41.89856644590163,-87.78455288986872
16053150310000,316 IOWA ST,Frank Lloyd Wright,R-3-50,small_mf,small_mf,2.0,1,211,char_apts,1903.0,char_yrblt,False,,,41.89670499980773,-87.78421016762917
16053210320000,318 CHICAGO AVE,Frank Lloyd Wright,NC,large_mf,large_mf,24.0,1,314,commval_2023,1953.0,commval,False,,,41.89486684825643,-87.78404916028126
16063010140000,804 N MARION ST,Frank Lloyd Wright,R-2,small_mf,small_mf,2.0,1,211,char_apts,1924.0,char_yrblt,False,,,41.89994225403238,-87.80361907689917
16063010190000,831 BELLEFORTE AVE 2,Frank Lloyd Wright,R-2,small_mf,small_mf,2.0,1,211,char_apts,1950.0,char_yrblt,False,,,41.90085050765606,-87.80288591084292
16063010230000,813 BELLEFORTE AVE,Frank Lloyd Wright,R-2,small_mf,small_mf,2.0,1,211,char_apts,1886.0,char_yrblt,False,,,41.9002692115176,-87.80286577811015
16063010240000,811 BELLEFORTE AVE,Frank Lloyd Wright,R-2,small_mf,small_mf,2.0,1,211,char_apts,1901.0,char_yrblt,False,,,41.90016238849968,-87.80286209631814
16063010310000,1050 THOMAS ST,Frank Lloyd Wright,R-2,small_mf,small_mf,2.0,1,211,char_apts,1956.0,char_yrblt,False,,,41.89994727769037,-87.80332201712186
16063020070000,820 BELLEFORTE AVE 2,Frank Lloyd Wright,R-2,small_mf,small_mf,2.0,1,211,char_apts,1891.0,char_yrblt,False,,,41.900539795362576,-87.80199355234387
16063020090000,818 BELLEFORTE AVE,Frank Lloyd Wright,R-2,small_mf,small_mf,2.0,1,211,char_apts,1893.0,char_yrblt,False,,,41.90043143551039,-87.80198992191984
16063020100000,812 BELLEFORTE AVE,Frank Lloyd Wright,R-2,small_mf,small_mf,2.0,1,211,char_apts,1891.0,char_yrblt,False,,,41.90031327755417,-87.80198594340214
16063020280000,813 FOREST AVE,Frank Lloyd Wright,R-2,small_mf,small_mf,2.0,1,211,char_apts,1894.0,char_yrblt,False,,,41.90031957500398,-87.80134861016407
16063030090000,814 FOREST AVE,Frank Lloyd Wright,R-2,small_mf,small_mf,2.0,1,211,char_apts,1888.0,char_yrblt,False,,,41.90033448371652,-87.8004683272291
16063070130000,739 N MARION ST,Frank Lloyd Wright,R-5,small_mf,small_mf,2.0,1,211,char_apts,1913.0,char_yrblt,False,,,41.89932315832892,-87.80435255447199
16063080030000,734 N MARION ST,Frank Lloyd Wright,R-2,small_mf,small_mf,2.0,1,211,char_apts,1894.0,char_yrblt,False,,,41.89919319375433,-87.80346628982262
16063080050000,728 N MARION ST,Frank Lloyd Wright,R-2,small_mf,small_mf,2.0,1,211,char_apts,1899.0,char_yrblt,False,,,41.8989600142305,-87.80345799201308
16063080060000,724 N MARION ST,Frank Lloyd Wright,R-2,small_mf,small_mf,2.0,1,211,char_apts,1894.0,char_yrblt,False,,,41.898877718909965,-87.80345508689769
16063080070000,720 N MARION ST,Frank Lloyd Wright,R-2,small_mf,small_mf,2.0,1,211,char_apts,1889.0,char_yrblt,False,,,41.89876112411426,-87.80345094507473
16063080290000,1050 AUGUSTA ST 1,Frank Lloyd Wright,R-2,small_mf,small_mf,2.0,1,211,char_apts,1966.0,char_yrblt,False,,,41.8981358523414,-87.80321980503103
16063090050000,724 BELLEFORTE AVE,Frank Lloyd Wright,R-2,small_mf,small_mf,2.0,1,211,char_apts,1899.0,char_yrblt,False,,,41.89892870696221,-87.80194069949198
16063090330000,740 BELLEFORTE AVE,Frank Lloyd Wright,R-2,small_mf,small_mf,3.0,1,211,char_apts,1899.0,char_yrblt,False,,,41.899490816694,-87.80203085874741
16063110180000,733 N KENILWORTH AVE,Frank Lloyd Wright,R-2,small_mf,small_mf,2.0,1,211,char_apts,1906.0,char_yrblt,False,,,41.899227275142614,-87.79824073293742
16063110230000,715 N KENILWORTH AVE,Frank Lloyd Wright,R-2,small_mf,small_mf,2.0,1,211,char_apts,1913.0,char_yrblt,False,,,41.898585358762666,-87.79822085813412
16063120180000,741 N GROVE AVE,Frank Lloyd Wright,R-2,small_mf,small_mf,2.0,1,211,char_apts,1898.0,char_yrblt,False,,,41.89962493049058,-87.79673761516239
16063130040000,738 N GROVE AVE,Frank Lloyd Wright,R-2,small_mf,small_mf,2.0,1,211,char_apts,1893.0,char_yrblt,False,,,41.89943200135189,-87.79588480107323
16063130140000,712 N GROVE AVE 1,Frank Lloyd Wright,R-2,small_mf,small_mf,2.0,1,211,char_apts,1898.0,char_yrblt,False,,,41.89854893416418,-87.79586200824266
16063140030000,1129 AUGUSTA ST,Frank Lloyd Wright,R-6,small_mf,small_mf,2.0,1,211,char_apts,1918.0,char_yrblt,False,,,41.897626665977995,-87.80484110914682
16063140210000,627 N MARION ST,Frank Lloyd Wright,R-2,small_mf,small_mf,2.0,1,211,char_apts,1921.0,char_yrblt,False,,,41.897237636324846,-87.80370820072483
16063150050000,1127 MILLER AVE,Frank Lloyd Wright,R-2,small_mf,small_mf,2.0,1,211,char_apts,1927.0,char_yrblt,False,,,41.896868760992874,-87.80462066435408
16063150110000,1122 SCHNEIDER AVE,Frank Lloyd Wright,R-2,small_mf,small_mf,3.0,1,211,char_apts,1896.0,char_yrblt,False,,,41.89652337399201,-87.80441880565314
16063160190000,1112 PAULINA ST,Frank Lloyd Wright,R-5,small_mf,small_mf,2.0,1,211,char_apts,1898.0,char_yrblt,False,,,41.895709854308365,-87.80379701472353
16063160260000,1129 SCHNEIDER AVE 1,Frank Lloyd Wright,R-6,small_mf,small_mf,2.0,1,211,char_apts,1929.0,char_yrblt,False,,,41.89604629887939,-87.80475524267041
16063170100000,527 N MARION ST,Frank Lloyd Wright,R-5,small_mf,small_mf,4.0,1,211,char_apts,1895.0,char_yrblt,False,,,41.89517029664908,-87.80355586161943
16063170170000,1122 CHICAGO AVE,Frank Lloyd Wright,NC,small_mf,small_mf,4.0,1,212,char_apts,1892.0,char_yrblt,False,,,41.89456844149121,-87.80432056857344
16063170180000,1120 CHICAGO AVE,Frank Lloyd Wright,NC,small_mf,small_mf,2.0,1,211,char_apts,1889.0,char_yrblt,False,,,41.89457077099199,-87.80419480680402
16063170230000,509 N MARION ST,Frank Lloyd Wright,NC,small_mf,small_mf,4.0,1,211,char_apts,1881.0,char_yrblt,False,,,41.894633918102784,-87.8035047850125
16063170240000,1104 CHICAGO AVE,Frank Lloyd Wright,NC,large_mf,large_mf,11.0,1,318,commval_2023,1925.0,commval,False,,,41.894468383097184,-87.80349843854074
16063170280000,1119 PAULINA ST,Frank Lloyd Wright,R-5,small_mf,small_mf,2.0,1,211,char_apts,1952.0,char_yrblt,False,,,41.89502200455678,-87.804212060239
16063180190000,528 N MARION ST,Frank Lloyd Wright,R-5,small_mf,small_mf,2.0,1,211,char_apts,1888.0,char_yrblt,False,,,41.8953107869235,-87.80288787773156
16063180220000,516 N MARION ST,Frank Lloyd Wright,R-5,small_mf,small_mf,2.0,1,211,char_apts,1908.0,char_yrblt,False,,,41.894988670876195,-87.80287554129774
16063180250000,1046 CHICAGO AVE,Frank Lloyd Wright,NC,small_mf,small_mf,6.0,1,212,char_apts,1914.0,char_yrblt,False,,,41.89457690475171,-87.80285951894817
16063180440000,539 BELLEFORTE AVE 1,Frank Lloyd Wright,R-5,small_mf,small_mf,2.0,1,211,char_apts,1903.0,char_yrblt,False,,,41.89569422744768,-87.80235544217165
16063180460000,531 BELLEFORTE AVE,Frank Lloyd Wright,R-5,small_mf,small_mf,2.0,1,211,char_apts,1888.0,char_yrblt,False,,,41.89539628812794,-87.80234423014156
16063180530000,1040 CHICAGO AVE,Frank Lloyd Wright,NC,large_mf,large_mf,36.00000000000001,4,315|390,commval_2023,1957.0,commval,False,,,41.89458424888984,-87.80245330433696
16063180550000,519 BELLEFORTE AVE,Frank Lloyd Wright,R-5,small_mf,small_mf,2.0,1,211,char_apts,1888.0,char_yrblt,False,,,41.89499855031215,-87.80232927877954
16063190260000,518 BELLEFORTE AVE,Frank Lloyd Wright,R-5,small_mf,small_mf,2.0,1,211,default_missing_char_apts,1888.0,char_yrblt,False,,,41.895003610148166,-87.80156668051416
16063190470000,521 FOREST AVE,Frank Lloyd Wright,R-2,small_mf,small_mf,2.0,1,211,char_apts,1888.0,char_yrblt,False,,,41.8951274881282,-87.80101605732719
16063190530000,645 FOREST AVE,Frank Lloyd Wright,R-2,small_mf,small_mf,2.0,1,211,char_apts,1904.0,char_yrblt,False,,,41.89768392606548,-87.80110680213673
16063190550000,1018 CHICAGO AVE,Frank Lloyd Wright,R-5,small_mf,small_mf,2.0,1,211,char_apts,1953.0,char_yrblt,False,,,41.89463794091157,-87.80150168016043
16063190560000,1016 CHICAGO AVE,Frank Lloyd Wright,R-5,small_mf,small_mf,2.0,1,211,char_apts,1952.0,char_yrblt,False,,,41.89464034977099,-87.80136994841331
16063190580000,515 FOREST AVE 1,Frank Lloyd Wright,R-5,small_mf,small_mf,2.0,1,211,char_apts,1951.0,char_yrblt,False,,,41.89481927674568,-87.80091456156671
16063190590000,511 FOREST AVE,Frank Lloyd Wright,R-5,small_mf,small_mf,2.0,1,211,char_apts,1950.0,char_yrblt,False,,,41.894675237561025,-87.80091002825947
16063190600000,505 FOREST AVE,Frank Lloyd Wright,R-5,small_mf,small_mf,2.0,1,211,char_apts,1950.0,char_yrblt,False,,,41.89450476762426,-87.80090464893135
1606319062,611 FOREST AVE,Frank Lloyd Wright,R-2,condo,small_mf,2.0,2,299,class_rule,2001.0,condo_chars_newbuild,False,,,41.89649366115283,-87.80106454719332
16063200440000,519 WOODBINE AVE,Frank Lloyd Wright,R-2,small_mf,small_mf,4.0,1,211,char_apts,1901.0,char_yrblt,False,,,41.89501797101708,-87.7996399573334
16063200470000,948 CHICAGO AVE,Frank Lloyd Wright,R-5,small_mf,small_mf,2.0,1,211,char_apts,1886.0,char_yrblt,False,,,41.89464951839601,-87.79977866741368
16063200510000,515 WOODBINE AVE,Frank Lloyd Wright,R-5,small_mf,small_mf,2.0,1,211,char_apts,1888.0,char_yrblt,False,,,41.89491726844452,-87.799508225665
16063200580000,950 CHICAGO AVE,Frank Lloyd Wright,R-5,small_mf,small_mf,3.0,1,211,char_apts,1903.0,char_yrblt,False,,,41.89470979280124,-87.80005252422279
16063200590000,510 FOREST AVE,Frank Lloyd Wright,R-5,small_mf,small_mf,2.0,1,211,char_apts,1959.0,char_yrblt,False,,,41.894859927017706,-87.8003365428125
16063200600000,506 FOREST AVE,Frank Lloyd Wright,R-5,small_mf,small_mf,2.0,1,211,char_apts,1959.0,char_yrblt,False,,,41.89470641876737,-87.80033168524379
16063200610000,500 FOREST AVE,Frank Lloyd Wright,R-5,small_mf,small_mf,2.0,1,211,char_apts,1957.0,char_yrblt,False,,,41.89452395451264,-87.80032592998815
16063210040000,919 AUGUSTA ST,Frank Lloyd Wright,R-2,small_mf,small_mf,2.0,1,211,char_apts,1912.0,char_yrblt,False,,,41.89778308039443,-87.79870916161227
16063210050000,915 AUGUSTA ST,Frank Lloyd Wright,R-2,small_mf,small_mf,2.0,1,211,char_apts,1912.0,char_yrblt,False,,,41.89767922138198,-87.79857905463506
16063210170000,604 WOODBINE AVE,Frank Lloyd Wright,R-2,small_mf,small_mf,2.0,1,211,char_apts,1903.0,char_yrblt,False,,,41.896311859023626,-87.79878521389986
16063210390000,605 N KENILWORTH AVE,Frank Lloyd Wright,R-5,small_mf,small_mf,2.0,1,211,char_apts,1913.0,char_yrblt,False,,,41.89642395855944,-87.79816826452686
16063210420000,541 N KENILWORTH AVE,Frank Lloyd Wright,R-5,small_mf,small_mf,2.0,1,211,char_apts,1893.0,char_yrblt,False,,,41.89588434508826,-87.79815145952499
16063210430000,539 N KENILWORTH AVE,Frank Lloyd Wright,R-5,small_mf,small_mf,2.0,1,211,char_apts,1913.0,char_yrblt,False,,,41.89577455893702,-87.79814800489201
16063210460000,523 N KENILWORTH AVE,Frank Lloyd Wright,R-5,small_mf,small_mf,3.0,1,211,char_apts,1908.0,char_yrblt,False,,,41.89533552607263,-87.7981344781385
16063210480000,545 N KENILWORTH AVE,Frank Lloyd Wright,R-5,small_mf,small_mf,2.0,1,211,char_apts,1957.0,char_yrblt,False,,,41.89599404886218,-87.79815490390752
16063220100000,600 N KENILWORTH AVE,Frank Lloyd Wright,R-5,small_mf,small_mf,3.0,1,211,char_apts,1906.0,char_yrblt,False,,,41.896325637758906,-87.79726941771429
16063230220000,625 N OAK PARK AVE,Frank Lloyd Wright,R-2,small_mf,small_mf,2.0,1,211,char_apts,1916.0,char_yrblt,False,,,41.89717848495581,-87.795223006002
16063240250000,540 N KENILWORTH AVE,Frank Lloyd Wright,R-5,small_mf,small_mf,2.0,1,211,char_apts,1965.0,char_yrblt,False,,,41.89587827341672,-87.79738495330429
16063250040000,534 N GROVE AVE,Frank Lloyd Wright,R-2,small_mf,small_mf,2.0,1,211,char_apts,1898.0,char_yrblt,False,,,41.895659046248454,-87.79577278038829
16063250060000,524 N GROVE AVE,Frank Lloyd Wright,R-2,small_mf,small_mf,2.0,1,211,char_apts,1908.0,char_yrblt,False,,,41.89540519981372,-87.79576620470885
16064040030000,842 N EAST AVE,Frank Lloyd Wright,R-2,small_mf,small_mf,2.0,1,211,char_apts,1924.0,char_yrblt,False,,,41.90137718266601,-87.78953843803863
16064120010000,744 N ELMWOOD AVE,Frank Lloyd Wright,R-2,small_mf,small_mf,2.0,1,211,char_apts,1916.0,char_yrblt,False,,,41.89973127896421,-87.78620152195884
16064160060000,622 N EAST AVE,Frank Lloyd Wright,R-2,small_mf,small_mf,2.0,1,211,char_apts,1893.0,char_yrblt,False,,,41.89715752721945,-87.78939423631905
16064190030000,536 N OAK PARK AVE,Frank Lloyd Wright,R-1,small_mf,small_mf,2.0,1,211,char_apts,1899.0,char_yrblt,False,,,41.895807157135174,-87.79419899991281
16064230150000,541 N ELMWOOD AVE,Frank Lloyd Wright,R-2,small_mf,small_mf,2.0,1,211,char_apts,1913.0,char_yrblt,False,,,41.8959322690097,-87.78701659402711
16064240190000,525 N RIDGELAND AVE,Frank Lloyd Wright,R-2,small_mf,small_mf,2.0,1,211,char_apts,1913.0,char_yrblt,False,,,41.89540812838859,-87.78536575745511
16071000100000,425 N MAPLE AVE,Frank Lloyd Wright,R-5,small_mf,small_mf,3.0,1,211,char_apts,1923.0,char_yrblt,False,,,41.893764107419486,-87.80430372695318
16071010090000,421 N MARION ST,Frank Lloyd Wright,NC,small_mf,small_mf,2.0,1,212,char_apts,1908.0,char_yrblt,False,,,41.89386524669413,-87.80317607456804
16071010100000,419 N MARION ST,Frank Lloyd Wright,NC,small_mf,small_mf,2.0,1,212,char_apts,1908.0,char_yrblt,False,,,41.89379668503301,-87.80317385626918
16071010120000,415 N MARION ST,Frank Lloyd Wright,R-6,small_mf,small_mf,3.0,1,211,char_apts,1910.0,char_yrblt,False,,,41.89365953481,-87.80316940765722
16071010130000,413 N MARION ST,Frank Lloyd Wright,R-6,small_mf,small_mf,2.0,1,211,char_apts,1909.0,char_yrblt,False,,,41.89359050645079,-87.80316716612145
16071010150000,407 N MARION ST,Frank Lloyd Wright,R-6,small_mf,small_mf,2.0,1,211,char_apts,1903.0,char_yrblt,False,,,41.89339887430064,-87.80316096406457
1607101017,403 N MARION ST,Frank Lloyd Wright,R-6,condo,large_mf,13.0,13,299,class_rule,1966.0,condo_chars,False,,,41.893246573233995,-87.80315605339996
16071020220000,429 FOREST AVE,Frank Lloyd Wright,R-5,small_mf,small_mf,6.0,1,211,char_apts,1894.0,char_yrblt,False,,,41.89409662635941,-87.80077078320434
16071020280000,401 FOREST AVE,Frank Lloyd Wright,R-1,small_mf,small_mf,3.0,1,211,char_apts,1888.0,char_yrblt,False,,,41.89345910455789,-87.80108533362484
16071020300000,1041 CHICAGO AVE,Frank Lloyd Wright,NC,small_mf,small_mf,2.0,1,211,char_apts,1904.0,char_yrblt,False,,,41.89402141342576,-87.80235457320187
16071020310000,420 N MARION ST,Frank Lloyd Wright,NC,small_mf,small_mf,3.0,1,211,char_apts,1886.0,char_yrblt,False,,,41.89379104792387,-87.80249414125325
16071020320000,404 N MARION ST,Frank Lloyd Wright,R-6,small_mf,small_mf,3.0,1,211,char_apts,1878.0,char_yrblt,False,,,41.89338173794036,-87.80249923223249
16071020330000,400 N MARION ST,Frank Lloyd Wright,R-6,small_mf,small_mf,4.0,1,211,char_apts,1953.0,char_yrblt,False,,,41.89321988714317,-87.80249398817602
1607102035,412 N MARION ST,Frank Lloyd Wright,R-6,condo,large_mf,9.0,9,299,class_rule,1967.0,condo_chars,False,,,41.89363898157949,-87.80241573138528
1607102036,1038 SUPERIOR ST,Frank Lloyd Wright,R-6,condo,small_mf,4.0,4,299,class_rule,1953.0,condo_chars,False,,,41.893314312865186,-87.80219387009016
16071030320000,7 ELIZABETH CT,Frank Lloyd Wright,R-1,small_mf,small_mf,2.0,1,211,default_missing_char_apts,1910.0,char_yrblt,False,,,41.89221590602129,-87.79856106440548
16071040180000,435 N GROVE AVE,Frank Lloyd Wright,R-2,small_mf,small_mf,2.0,1,211,char_apts,1902.0,char_yrblt,False,,,41.89418382691606,-87.7964717832259
16071040200000,427 N GROVE AVE,Frank Lloyd Wright,R-2,small_mf,small_mf,2.0,1,211,char_apts,1907.0,char_yrblt,False,,,41.893866880393375,-87.79659530616587
16071040260000,403 N GROVE AVE 1,Frank Lloyd Wright,R-2,small_mf,small_mf,2.0,1,211,char_apts,1888.0,char_yrblt,False,,,41.89305618730983,-87.79653613632594
16071050050000,416 N GROVE AVE,Frank Lloyd Wright,R-5,small_mf,small_mf,2.0,1,211,char_apts,1889.0,char_yrblt,False,,,41.893535267438665,-87.7957158201274
16071050070000,408 N GROVE AVE,Frank Lloyd Wright,R-5,small_mf,small_mf,2.0,1,211,char_apts,1899.0,char_yrblt,False,,,41.8932103249359,-87.79574281201008
16071050090000,344 N GROVE AVE,Frank Lloyd Wright,R-5,small_mf,small_mf,2.0,1,211,char_apts,1914.0,char_yrblt,False,,,41.892892061185464,-87.79573402129947
16071050190000,310 N GROVE AVE,Frank Lloyd Wright,R-7,small_mf,small_mf,2.0,1,211,char_apts,1908.0,char_yrblt,False,,,41.89172950081088,-87.79574845186357
16071050230000,421 N OAK PARK AVE,Frank Lloyd Wright,R-5,small_mf,small_mf,2.0,1,211,char_apts,1889.0,char_yrblt,False,,,41.89373816801988,-87.79509427625914
16071050250000,415 N OAK PARK AVE,Frank Lloyd Wright,R-5,small_mf,small_mf,2.0,1,211,char_apts,1906.0,char_yrblt,False,,,41.8935387363494,-87.79508825948864
16071050260000,411 N OAK PARK AVE,Frank Lloyd Wright,R-5,small_mf,small_mf,2.0,1,211,char_apts,1896.0,char_yrblt,False,,,41.893379058308824,-87.79511965013226
16071050270000,407 N OAK PARK AVE,Frank Lloyd Wright,R-5,small_mf,small_mf,2.0,1,211,char_apts,1954.0,char_yrblt,False,,,41.89321992464977,-87.79511497695923
16071050290000,341 N OAK PARK AVE,Frank Lloyd Wright,R-5,small_mf,small_mf,2.0,1,211,char_apts,1952.0,char_yrblt,False,,,41.89290168564132,-87.79510569529725
16071050340000,301 N OAK PARK AVE,Frank Lloyd Wright,R-7,large_mf,large_mf,61.0,1,315,commval_2023,1920.0,commval,False,,,41.891545472485774,-87.79512206197037
16071050350000,811 CHICAGO AVE,Frank Lloyd Wright,R-5,small_mf,small_mf,2.0,1,211,char_apts,1949.0,char_yrblt,False,,,41.8941977419173,-87.79531112119697
16071050360000,435 N OAK PARK AVE,Frank Lloyd Wright,R-5,small_mf,small_mf,2.0,1,211,char_apts,1949.0,char_yrblt,False,,,41.894202722362095,-87.79499791659406
1607105038,325 N OAK PARK AVE,Frank Lloyd Wright,R-5,condo,large_mf,12.0,12,299,class_rule,1973.0,condo_chars,False,,,41.89216854378242,-87.79514316240764
1607105039,304 N GROVE AVE,Frank Lloyd Wright,R-7,condo,large_mf,22.0,22,299,class_rule,1929.0,condo_chars,False,,,41.891532371752675,-87.79575225082536
16071060120000,325 N MAPLE AVE,Frank Lloyd Wright,R-5,small_mf,small_mf,2.0,1,211,char_apts,1898.0,char_yrblt,False,,,41.89280701129641,-87.8042711150327
16071060130000,323 N MAPLE AVE,Frank Lloyd Wright,R-5,small_mf,small_mf,2.0,1,211,char_apts,1894.0,char_yrblt,False,,,41.892691542629706,-87.80426712626137
16071060140000,315 N MAPLE AVE,Frank Lloyd Wright,R-7,large_mf,large_mf,35.0,2,391,commval_2023,1968.0,commval,False,,,41.8925543631489,-87.8042623819073
16071060250000,1140 ERIE ST,Frank Lloyd Wright,NC,small_mf,small_mf,3.0,1,212,char_apts,1893.0,char_yrblt,False,,,41.89200461605711,-87.80459187787758
16071070040000,314 N MAPLE AVE,Frank Lloyd Wright,R-7,small_mf,small_mf,6.0,1,211,char_apts,1931.0,char_yrblt,False,,,41.89252259356833,-87.803627386077
16071070090000,1111 SUPERIOR ST,Frank Lloyd Wright,R-7,small_mf,small_mf,2.0,1,211,char_apts,1882.0,char_yrblt,False,,,41.89287291687585,-87.80331648752622
16071070120000,317 N MARION ST,Frank Lloyd Wright,R-7,small_mf,small_mf,2.0,1,211,char_apts,1903.0,char_yrblt,False,,,41.8925438164354,-87.80313002193546
16071070130000,315 N MARION ST,Frank Lloyd Wright,R-7,small_mf,small_mf,2.0,1,211,char_apts,1903.0,char_yrblt,False,,,41.892474705853274,-87.80312776995989
16071070200000,305 N MARION ST,Frank Lloyd Wright,R-7,small_mf,small_mf,3.0,1,211,char_apts,1955.0,char_yrblt,False,,,41.89216076799377,-87.80303944200136
1607107023,300 N MAPLE AVE,Frank Lloyd Wright,R-7,condo,large_mf,16.0,16,299,class_rule,1981.0,condo_chars,False,,,41.89220020503413,-87.80361675320015
1607107024,331 N MARION ST,Frank Lloyd Wright,R-7,condo,large_mf,9.0,9,299,class_rule,1980.0,condo_chars,False,,,41.89287793303322,-87.80305367394753
1607107025,318 N MAPLE AVE,Frank Lloyd Wright,R-7,condo,large_mf,7.0,7,299,class_rule,1930.0,condo_chars,False,,,41.89265153794746,-87.80363160968824
1607107026,1110 W ERIE ST,Frank Lloyd Wright,R-7,condo,small_mf,4.0,4,299,class_rule,1957.0,condo_chars,False,,,41.89202019189169,-87.80329757683667
16071080030000,320 N MARION ST,Frank Lloyd Wright,R-7,small_mf,small_mf,3.0,1,211,char_apts,1927.0,char_yrblt,False,,,41.89268032424994,-87.80245489335476
16071080050000,1035 SUPERIOR ST,Frank Lloyd Wright,R-7,large_mf,large_mf,7.0,2,301|315,commval_2023,1932.0,commval,False,,,41.89279246462941,-87.80213998505843
16071080370000,316 N MARION ST,Frank Lloyd Wright,R-7,small_mf,small_mf,4.0,1,211,char_apts,1898.0,char_yrblt,False,,,41.8925686724035,-87.80245732354244
1607108041,1040 ERIE ST,Frank Lloyd Wright,R-7,condo,large_mf,40.0,40,299,class_rule,1968.0,condo_chars,False,,,41.89221412113568,-87.8023399184224
1607108043,324 N MARION ST,Frank Lloyd Wright,R-7,condo,large_mf,7.0,7,299,class_rule,1924.0,condo_chars,False,,,41.892788024809335,-87.80245837150926
16071090090000,1142 ONTARIO ST,Frank Lloyd Wright,R-7,small_mf,small_mf,2.0,1,211,char_apts,1914.0,char_yrblt,False,,,41.89084932894882,-87.80469021170178
1607109014,1136 ONTARIO ST,Frank Lloyd Wright,R-7,condo,large_mf,13.0,13,299,class_rule,1927.0,condo_chars,False,,,41.89085433272639,-87.80442411976875
1607109015,1146 ONTARIO ST,Frank Lloyd Wright,R-7,condo,large_mf,16.0,16,299,class_rule,1924.0,condo_chars,False,,,41.890870861433015,-87.80488791986822
16071100040000,1117 ERIE ST,Frank Lloyd Wright,R-7,small_mf,small_mf,2.0,1,211,char_apts,1898.0,char_yrblt,False,,,41.891510773660755,-87.8036001568124
16071100050000,1111 ERIE ST,Frank Lloyd Wright,R-7,large_mf,large_mf,11.0,1,315,estimate_av/class,1910.0,char_yrblt_anyyear,False,,,41.89151420791492,-87.80341660101762
16071100060000,1109 ERIE ST,Frank Lloyd Wright,R-7,small_mf,small_mf,2.0,1,211,char_apts,1870.0,char_yrblt,False,,,41.89164578706152,-87.8032318825796
16071100070000,229 N MARION ST,Frank Lloyd Wright,R-7,small_mf,small_mf,2.0,1,211,char_apts,1912.0,char_yrblt,False,,,41.891732600747616,-87.80300758210467
16071100080000,227 N MARION ST,Frank Lloyd Wright,R-7,small_mf,small_mf,2.0,1,211,char_apts,1910.0,char_yrblt,False,,,41.89164891590254,-87.80300478469793
1607110012,221 N MARION ST,Frank Lloyd Wright,R-7,condo,large_mf,9.0,9,299,class_rule,1961.0,condo_chars,False,,,41.89133778525558,-87.80305499525858
1607110013,1127 ERIE ST,Frank Lloyd Wright,R-7,condo,large_mf,12.0,12,299,class_rule,1962.0,condo_chars,False,,,41.89150041500432,-87.80415089837052
1607111012,222 N MARION ST,Frank Lloyd Wright,R-7,condo,large_mf,40.0,40,299,class_rule,1968.0,condo_chars,False,,,41.891534243146864,-87.80234790075369
16071120050000,1122 ONTARIO ST,Frank Lloyd Wright,R-7,small_mf,small_mf,2.0,1,211,default_missing_char_apts,1867.0,char_yrblt,False,,,41.89091222543368,-87.80379050074609
16071120060000,1120 ONTARIO ST,Frank Lloyd Wright,R-7,large_mf,large_mf,9.0,1,315,commval_2023,1912.0,commval,False,,,41.89091465153566,-87.80366197308541
1607112014,1130 ONTARIO ST,Frank Lloyd Wright,R-7,condo,large_mf,21.0,21,299,class_rule,1967.0,condo_chars,False,,,41.89090755047336,-87.80403837458702
1607112015,1114 ONTARIO ST,Frank Lloyd Wright,R-7,condo,large_mf,7.0,7,299,class_rule,1926.0,condo_chars,False,,,41.890858296846666,-87.8033936296881
1607112016,211 N MARION ST,Frank Lloyd Wright,R-7,condo,large_mf,14.0,14,299,class_rule,1945.0,condo_chars,False,,,41.89111524910837,-87.80306585244352
16071130010000,212 N MARION ST,Frank Lloyd Wright,R-7,small_mf,small_mf,2.0,1,211,char_apts,1914.0,char_yrblt,False,,,41.891147499601885,-87.80251468964556
16071130020000,210 N MARION ST,Frank Lloyd Wright,R-7,small_mf,small_mf,2.0,1,211,char_apts,1915.0,char_yrblt,False,,,41.89106521477783,-87.80251202687572
16071130030000,208 N MARION ST,Frank Lloyd Wright,R-7,small_mf,small_mf,3.0,1,211,char_apts,1913.0,char_yrblt,False,,,41.89098293028955,-87.80250936764708
16071130040000,206 N MARION ST,Frank Lloyd Wright,R-7,small_mf,small_mf,2.0,1,211,char_apts,1913.0,char_yrblt,False,,,41.89088006024609,-87.80250605057782
16071130050000,202 N MARION ST,Frank Lloyd Wright,R-7,small_mf,small_mf,2.0,1,211,char_apts,1913.0,char_yrblt,False,,,41.89079497602227,-87.80250330097849
16071130060000,200 N MARION ST,Frank Lloyd Wright,R-7,small_mf,small_mf,2.0,1,211,char_apts,1914.0,char_yrblt,False,,,41.89072100722736,-87.80250090365804
1607113010,1044 ONTARIO ST,Frank Lloyd Wright,R-7,condo,large_mf,24.0,24,299,class_rule,1960.0,condo_chars,False,,,41.89093723670135,-87.80220487062806
16071140210000,1028 ONTARIO ST 1,Frank Lloyd Wright,R-2,small_mf,small_mf,2.0,1,211,char_apts,1908.0,char_yrblt,False,,,41.89096247436193,-87.80159350452388
16071150160000,942 ONTARIO ST,Frank Lloyd Wright,R-7,small_mf,small_mf,2.0,1,211,char_apts,1888.0,char_yrblt,False,,,41.8903518607242,-87.79959720291467
1607115043,938 ONTARIO ST,Frank Lloyd Wright,R-7,condo,large_mf,14.0,14,299,class_rule,1962.0,condo_chars,False,,,41.89032759706192,-87.79938247671348
1607115047,221 N KENILWORTH AVE,Frank Lloyd Wright,R-1,condo,large_mf,81.0,81,299,class_rule,1973.0,condo_chars,False,,,41.890932920692904,-87.79830299304572
1607115048,930 ONTARIO ST,Frank Lloyd Wright,R-7,condo,large_mf,28.0,28,299,class_rule,1971.0,condo_chars,False,,,41.89040749588693,-87.79907976539357
1607115052,203 N KENILWORTH AVE,Frank Lloyd Wright,R-7,condo,large_mf,42.0,42,299,class_rule,1970.0,condo_chars,False,,,41.89042051285344,-87.7981968947204
16071150530000,922 ONTARIO,Frank Lloyd Wright,R-7,large_mf,large_mf,13.0,1,315,commval_2023,1933.0,commval,False,,,41.89040920900239,-87.7988039085606
16071160020000,220 N KENILWORTH AVE,Frank Lloyd Wright,R-7,large_mf,large_mf,30.0,2,315,commval_2023,1958.0,commval,False,,,41.89085055663667,-87.79713793231893
16071160120000,201 N GROVE AVE,Frank Lloyd Wright,R-7,large_mf,large_mf,19.0,1,315,commval_2023,1901.0,commval,False,,,41.89038829924782,-87.79649821395816
1607116014,224 N KENILWORTH AVE,Frank Lloyd Wright,R-7,condo,large_mf,14.0,14,299,class_rule,1965.0,condo_chars,False,,,41.89114885024431,-87.79714641398131
1607116015,200 N KENILWORTH AVE,Frank Lloyd Wright,R-7,condo,large_mf,20.0,20,299,class_rule,1903.0,condo_chars,False,,,41.890375445929365,-87.7971244803969
1607116016,219 N GROVE AVE,Frank Lloyd Wright,R-7,condo,small_mf,6.0,6,299,class_rule,1981.0,condo_chars,False,,,41.89099518634836,-87.7965151437667
1607116017,211 N GROVE AVE,Frank Lloyd Wright,R-7,condo,large_mf,23.0,23,299,class_rule,1968.0,condo_chars,False,,,41.89059499582227,-87.79650398602988
1607116018,225 N GROVE AVE,Frank Lloyd Wright,R-7,condo,large_mf,18.0,18,299,class_rule,1927.0,condo_chars,False,,,41.89116109826283,-87.79651977351904
16071170010000,226 N GROVE AVE,Frank Lloyd Wright,R-7,small_mf,small_mf,2.0,1,211,char_apts,1882.0,char_yrblt,False,,,41.89116477043491,-87.7956857749788
1607117009,222 N GROVE AVE,Frank Lloyd Wright,R-7,condo,large_mf,21.0,21,299,class_rule,1964.0,condo_chars,False,,,41.890945140905146,-87.79567967120173
1607117010,801 ERIE ST,Frank Lloyd Wright,R-7,condo,large_mf,55.0,55,299,class_rule,1923.0,condo_chars,False,,,41.891007299239575,-87.79505175006786
1607117011,210 N GROVE AVE,Frank Lloyd Wright,R-7,condo,small_mf,6.0,6,299,class_rule,1914.0,condo_chars,False,,,41.89068997550058,-87.79563613869345
1607120032,1033 ONTARIO ST,Frank Lloyd Wright,R-7,condo,large_mf,34.0,34,299,class_rule,1905.0,condo_chars,False,,,41.88986193004698,-87.80202238557996
16071210060000,937 ONTARIO ST,Frank Lloyd Wright,R-7,small_mf,small_mf,3.0,1,211,char_apts,1913.0,char_yrblt,False,,,41.88988811940132,-87.79943264198133
16071210070000,935 ONTARIO ST,Frank Lloyd Wright,R-7,small_mf,small_mf,2.0,1,211,char_apts,1912.0,char_yrblt,False,,,41.88989009477844,-87.79932633876213
16071210080000,933 ONTARIO ST,Frank Lloyd Wright,R-7,small_mf,small_mf,2.0,1,211,char_apts,1903.0,char_yrblt,False,,,41.88989180811388,-87.7992344893767
16071210110000,931 ONTARIO ST,Frank Lloyd Wright,R-7,small_mf,small_mf,3.0,1,211,char_apts,1926.0,char_yrblt,False,,,41.889853110135554,-87.7991097395172
16071210130000,925 ONTARIO ST,Frank Lloyd Wright,R-7,small_mf,small_mf,3.0,1,211,char_apts,1923.0,char_yrblt,False,,,41.889858793727086,-87.79880368628872
16071210150000,917 ONTARIO ST,Frank Lloyd Wright,R-7,small_mf,small_mf,6.0,1,211,char_apts,1926.0,char_yrblt,False,,,41.88986439163021,-87.7985029956995
16071210160000,913 ONTARIO ST,Frank Lloyd Wright,R-7,small_mf,small_mf,6.0,1,211,char_apts,1923.0,char_yrblt,False,,,41.88981897599237,-87.79834961811596
1607121038,927 ONTARIO ST,Frank Lloyd Wright,R-7,condo,small_mf,6.0,6,299,class_rule,1926.0,condo_chars,False,,,41.889855919368834,-87.79895854965841
1607121041,921 ONTARIO ST,Frank Lloyd Wright,R-7,condo,small_mf,5.0,5,299,class_rule,1896.0,condo_chars,False,,,41.88986160257045,-87.79865249610454
16071220090000,181 N GROVE AVE,Frank Lloyd Wright,R-7,large_mf,large_mf,33.0,2,315,commval_2023,1925.0,commval,False,,,41.89004527655239,-87.79648820171414
16072000010000,434 N OAK PARK AVE,Frank Lloyd Wright,R-5,small_mf,small_mf,2.0,1,211,char_apts,1914.0,char_yrblt,False,,,41.89423723694185,-87.79425331990123
16072000030000,430 N OAK PARK AVE,Frank Lloyd Wright,R-5,small_mf,small_mf,2.0,1,211,char_apts,1965.0,char_yrblt,False,,,41.89405715237255,-87.79424780261111
16072000300000,428 N OAK PARK AVE,Frank Lloyd Wright,R-5,small_mf,small_mf,2.0,1,211,char_apts,1950.0,char_yrblt,False,,,41.893962937666345,-87.79424490110108
16072000320000,414 N OAK PARK AVE,Frank Lloyd Wright,R-5,small_mf,small_mf,2.0,1,211,char_apts,1966.0,char_yrblt,False,,,41.89351089473914,-87.79420168976387
16072000330000,410 N OAK PARK AVE,Frank Lloyd Wright,R-5,small_mf,small_mf,2.0,1,211,char_apts,1969.0,char_yrblt,False,,,41.89337220022575,-87.7942892790524
16072000340000,402 N OAK PARK AVE,Frank Lloyd Wright,R-5,small_mf,small_mf,2.0,1,211,char_apts,1970.0,char_yrblt,False,,,41.89323502333258,-87.79428506990057
1607200041,726 SUPERIOR ST,Frank Lloyd Wright,R-5,condo,small_mf,2.0,2,299,class_rule,1967.0,condo_chars,False,,,41.89323904024569,-87.79395577386
16072050120000,427 N RIDGELAND AVE,Frank Lloyd Wright,NC,large_mf,large_mf,12.0,1,314,commval_2023,1966.0,commval,False,,,41.89411300150673,-87.78532381420186
16072050180000,405 N RIDGELAND AVE,Frank Lloyd Wright,R-2,small_mf,small_mf,2.0,1,211,char_apts,1915.0,char_yrblt,False,,,41.89338729795824,-87.78530342569906
16072060170000,316 N OAK PARK AVE 1,Frank Lloyd Wright,R-5,small_mf,small_mf,2.0,1,211,char_apts,1888.0,char_yrblt,False,,,41.89223389753559,-87.79411631188123
16072060180000,312 N OAK PARK AVE 2,Frank Lloyd Wright,R-5,small_mf,small_mf,3.0,1,211,char_apts,1955.0,char_yrblt,False,,,41.892093866312635,-87.79411201590145
1607206019,300 N OAK PARK AVE,Frank Lloyd Wright,R-7,condo,large_mf,25.0,25,299,class_rule,1918.0,condo_chars,False,,,41.891775652218186,-87.79410227883466
16072070160000,320 N EUCLID AVE,Frank Lloyd Wright,R-1,small_mf,small_mf,2.0,1,211,char_apts,1898.0,char_yrblt,False,,,41.8923322609359,-87.79237365897868
16072090060000,308 N EAST AVE,Frank Lloyd Wright,R-2,small_mf,small_mf,2.0,1,211,char_apts,1916.0,char_yrblt,False,,,41.8920396692311,-87.7892368886545
16072100070000,308 N SCOVILLE AVE,Frank Lloyd Wright,R-2,small_mf,small_mf,2.0,1,211,char_apts,1895.0,char_yrblt,False,,,41.89207406189024,-87.78760178604409
16072100130000,321 N ELMWOOD AVE,Frank Lloyd Wright,R-2,small_mf,small_mf,2.0,1,211,char_apts,1898.0,char_yrblt,False,,,41.89249198490554,-87.78690966445764
16072110170000,309 N RIDGELAND AVE,Frank Lloyd Wright,R-2,small_mf,small_mf,3.0,1,211,char_apts,1888.0,char_yrblt,False,,,41.892105014477494,-87.78526746894654
16072120030000,716 ONTARIO ST,Frank Lloyd Wright,R-7,large_mf,large_mf,9.0,1,315,commval_2023,1917.0,commval,False,,,41.890440868008845,-87.79363281107553
1607212010,719 N OAK PARK AVE,Frank Lloyd Wright,R-7,condo,large_mf,134.0,134,299,class_rule,1923.0,condo_chars,False,,,41.891006919073185,-87.79408298485964
16072130100000,211 LINDEN AVE,Frank Lloyd Wright,R-1,small_mf,small_mf,2.0,1,211,char_apts,1920.0,char_yrblt,False,,,41.89071849122743,-87.79164692428708
16072160090000,233 N ELMWOOD AVE,Frank Lloyd Wright,R-2,small_mf,small_mf,2.0,1,211,char_apts,1908.0,char_yrblt,False,,,41.891527142489146,-87.78688222752157
16072170010000,230 N ELMWOOD AVE 1 2,Frank Lloyd Wright,R-2,small_mf,small_mf,2.0,1,211,char_apts,1893.0,char_yrblt,False,,,41.89154263349198,-87.78595744290418
16072170030000,224 N ELMWOOD AVE,Frank Lloyd Wright,R-2,small_mf,small_mf,2.0,1,211,char_apts,1873.0,char_yrblt,False,,,41.89127141003035,-87.78594969464629
16072170060000,210 N ELMWOOD AVE,Frank Lloyd Wright,R-2,small_mf,small_mf,2.0,1,211,char_apts,1908.0,char_yrblt,False,,,41.89086457526966,-87.78593805662427
16072170080000,422 ONTARIO ST,Frank Lloyd Wright,R-2,small_mf,small_mf,3.0,1,211,char_apts,1898.0,char_yrblt,False,,,41.89059335160332,-87.78593030477984
16072170120000,221 N RIDGELAND AVE,Frank Lloyd Wright,R-2,small_mf,small_mf,2.0,1,211,char_apts,1888.0,char_yrblt,False,,,41.8911475841454,-87.78524075961053
1607218027,721 ONTARIO ST,Frank Lloyd Wright,R-7,condo,large_mf,80.0,80,299,class_rule,1921.0,condo_chars,False,,,41.8898397136132,-87.79405359303249
1607218028,156 N OAK PARK AVE,Frank Lloyd Wright,R-7,condo,large_mf,45.0,45,299,class_rule,1921.0,condo_chars,False,,,41.88942808371236,-87.7940435748699
16072190240000,154 N EUCLID AVE,Frank Lloyd Wright,R-2,small_mf,small_mf,2.0,1,211,char_apts,1953.0,char_yrblt,False,,,41.889270752941705,-87.79228666627353
1607219027,175 LINDEN AVE,Frank Lloyd Wright,R-2,condo,large_mf,26.0,26,299,class_rule,1939.0,condo_chars,False,,,41.889888468673696,-87.79162420614735
1607219028,644 LAKE ST,Frank Lloyd Wright,R-7,condo,large_mf,9.0,9,299,class_rule,1967.0,condo_chars,False,,,41.88872463108149,-87.79159226182506
1607222021,152 N SCOVILLE AVE,Frank Lloyd Wright,R-2,condo,small_mf,4.0,4,299,class_rule,1890.0,condo_chars,False,,,41.88934190674509,-87.78752463124391
16072230090000,144 N ELMWOOD AVE 1,Frank Lloyd Wright,R-2,small_mf,small_mf,2.0,1,211,char_apts,1919.0,char_yrblt,False,,,41.88907406717237,-87.7858871061353
16072230100000,134 N ELMWOOD AVE,Frank Lloyd Wright,R-2,small_mf,small_mf,2.0,1,211,char_apts,1914.0,char_yrblt,False,,,41.8889362871014,-87.78588319417418
16072230190000,422 LAKE ST,Frank Lloyd Wright,R-7,large_mf,large_mf,43.0,1,315,commval_2023,1914.0,commval,False,,,41.88864851026464,-87.78583826778302
16072230240000,179 N RIDGELAND AVE,Frank Lloyd Wright,R-2,small_mf,small_mf,3.0,1,211,char_apts,1891.0,char_yrblt,False,,,41.890205129750875,-87.78512058402879
16081000030000,319 CHICAGO AVE,Frank Lloyd Wright,R-6,small_mf,small_mf,2.0,1,211,char_apts,1999.0,char_yrblt,False,,,41.89426599273032,-87.78423789286907
16081000050000,311 CHICAGO AVE,Frank Lloyd Wright,R-6,small_mf,small_mf,2.0,1,211,char_apts,1910.0,char_yrblt,False,,,41.894271294243886,-87.78386027237511
16081120090000,202 N RIDGELAND AVE,Frank Lloyd Wright,R-2,small_mf,small_mf,2.0,1,211,char_apts,1914.0,char_yrblt,False,,,41.890500570672074,-87.78429820897384
16171000050000,510 S RIDGELAND AVE 1,Gunderson,R-5,small_mf,small_mf,2.0,1,211,char_apts,1916.0,char_yrblt,False,,,41.87937244955562,-87.78409128362657
16171000060000,512 S RIDGELAND AVE,Gunderson,R-5,small_mf,small_mf,2.0,1,211,char_apts,1916.0,char_yrblt,False,,,41.87928359766953,-87.78408822106886
16171000070000,516 S RIDGELAND AVE,Gunderson,R-5,small_mf,small_mf,2.0,1,211,char_apts,1916.0,char_yrblt,False,,,41.879188960166395,-87.7840849748386
16171000080000,518 S RIDGELAND AVE,Gunderson,R-5,small_mf,small_mf,2.0,1,211,char_apts,1916.0,char_yrblt,False,,,41.879094350395384,-87.7840817259237
16171000090000,522 S RIDGELAND AVE,Gunderson,R-5,small_mf,small_mf,2.0,1,211,char_apts,1918.0,char_yrblt,False,,,41.87899974017261,-87.78407846014046
16171000100000,524 S RIDGELAND AVE,Gunderson,R-5,small_mf,small_mf,2.0,1,211,char_apts,1916.0,char_yrblt,False,,,41.878905102941935,-87.78407519464832
16171000110000,528 S RIDGELAND AVE 1,Gunderson,R-5,small_mf,small_mf,2.0,1,211,char_apts,1916.0,char_yrblt,False,,,41.87881046525663,-87.78407192827063
16171000120000,530 S RIDGELAND AVE,Gunderson,R-5,small_mf,small_mf,2.0,1,211,char_apts,1916.0,char_yrblt,False,,,41.878715882941506,-87.78406866372677
16171000130000,532 S RIDGELAND AVE,Gunderson,R-5,small_mf,small_mf,2.0,1,211,char_apts,1916.0,char_yrblt,False,,,41.87862124543168,-87.78406541761265
16171000140000,536 S RIDGELAND AVE,Gunderson,R-5,small_mf,small_mf,2.0,1,211,char_apts,1920.0,char_yrblt,False,,,41.87852660819175,-87.78406218553113
16171000150000,538 S RIDGELAND AVE,Gunderson,R-5,small_mf,small_mf,2.0,1,211,char_apts,1916.0,char_yrblt,False,,,41.87843202559445,-87.78405893999971
16171000160000,540 S RIDGELAND AVE,Gunderson,R-5,small_mf,small_mf,2.0,1,211,char_apts,1916.0,char_yrblt,False,,,41.87833944635422,-87.78405572916209
16171000170000,542 S RIDGELAND AVE 1,Gunderson,R-5,small_mf,small_mf,5.0,1,211,char_apts,1919.0,char_yrblt,False,,,41.87823418698299,-87.78405209623091
16171000190000,523 S CUYLER AVE,Gunderson,R-5,small_mf,small_mf,2.0,1,211,char_apts,1908.0,char_yrblt,False,,,41.87899581915991,-87.78355730002652
16171000200000,525 S CUYLER AVE 1,Gunderson,R-5,small_mf,small_mf,2.0,1,211,char_apts,1908.0,char_yrblt,False,,,41.878899974956454,-87.78355411804327
16171000210000,527 S CUYLER AVE 1,Gunderson,R-5,small_mf,small_mf,2.0,1,211,char_apts,1910.0,char_yrblt,False,,,41.8788041577604,-87.78355093741176
16171000230000,533 S CUYLER AVE,Gunderson,R-5,small_mf,small_mf,3.0,1,211,char_apts,1910.0,char_yrblt,False,,,41.87861249590706,-87.78354457458263
16171000240000,537 S CUYLER AVE 1,Gunderson,R-5,small_mf,small_mf,2.0,1,211,char_apts,1910.0,char_yrblt,False,,,41.87851667870629,-87.78354137654966
16171000250000,539 S CUYLER AVE 1ST,Gunderson,R-5,small_mf,small_mf,2.0,1,211,char_apts,1910.0,char_yrblt,False,,,41.878420834321574,-87.78353819328231
16171000260000,543 S CUYLER AVE,Gunderson,R-5,small_mf,small_mf,2.0,1,211,char_apts,1911.0,char_yrblt,False,,,41.878325017293335,-87.78353501513607
16171000270000,545 S CUYLER AVE,Gunderson,R-5,small_mf,small_mf,2.0,1,211,char_apts,1910.0,char_yrblt,False,,,41.878229172452336,-87.78353183074879
1617100033,531 S CUYLER AVE,Gunderson,R-5,condo,small_mf,2.0,2,299,class_rule,1913.0,condo_chars,False,,,41.87870834056575,-87.78354775683678
16051030010000,6149 NORTH AVE,Rest of Oak Park,NA,large_mf,large_mf,16.0,1,318,commval_2023,1928.0,commval,False,,,41.90888941560456,-87.78060309532876
16051040070000,6101 NORTH AVE,Rest of Oak Park,NA,large_mf,large_mf,33.0,1,318,commval_2023,1928.0,commval,False,,,41.90891448319266,-87.77854019586403
16051050010000,6051 NORTH AVE,Rest of Oak Park,NA,small_mf,small_mf,2.0,1,212,char_apts,1964.0,char_yrblt,False,,,41.90892052723889,-87.77804181843294
16051050090000,6037 NORTH AVE,Rest of Oak Park,NA,large_mf,large_mf,8.0,3,391,commval_2023,2020.0,commval,False,,,41.908927237947395,-87.77748904441816
16051050340000,6043 NORTH AVE,Rest of Oak Park,NA,small_mf,small_mf,4.0,1,212,char_apts,1957.0,char_yrblt,False,,,41.90892510508888,-87.77766641303828
16051050380000,6049 W NORTH AVE,Rest of Oak Park,NA,small_mf,small_mf,2.0,1,212,char_apts,1961.0,char_yrblt,False,,,41.90892164433923,-87.77794934082755
16051060190000,1530 N AUSTIN BLVD,Rest of Oak Park,R-7,large_mf,large_mf,20.0,1,315,commval_2023,1928.0,commval,False,,,41.9086387042571,-87.77595963597373
16051060220000,1522 N AUSTIN BLVD 2,Rest of Oak Park,R-7,small_mf,small_mf,2.0,1,211,char_apts,1923.0,char_yrblt,False,,,41.908312279928154,-87.7759488464599
16051060230000,1520 N AUSTIN BLVD,Rest of Oak Park,R-7,small_mf,small_mf,2.0,1,211,char_apts,1922.0,char_yrblt,False,,,41.90821901533133,-87.77594574390221
16051060250000,1514 N AUSTIN BLVD 1,Rest of Oak Park,R-7,small_mf,small_mf,2.0,1,211,char_apts,1923.0,char_yrblt,False,,,41.90804311856508,-87.77593992300544
1605106034,2 LE MOYNE PKY,Rest of Oak Park,R-4,condo,small_mf,6.0,6,299,class_rule,1962.0,condo_chars,False,,,41.90777403605587,-87.7757533505166
16051120220000,1113 N HUMPHREY AVE,Rest of Oak Park,R-4,small_mf,small_mf,2.0,1,211,char_apts,1926.0,char_yrblt,False,,,41.90642329669233,-87.77719114399885
16051130190000,1428 N AUSTIN BLVD,Rest of Oak Park,R-7,small_mf,small_mf,2.0,1,211,char_apts,1923.0,char_yrblt,False,,,41.90691477127006,-87.77590263514827
16051130200000,1426 N AUSTIN BLVD,Rest of Oak Park,R-7,small_mf,small_mf,3.0,1,211,char_apts,1922.0,char_yrblt,False,,,41.90683325420073,-87.77589995846773
16051130210000,1424 N AUSTIN BLVD,Rest of Oak Park,R-7,small_mf,small_mf,3.0,1,211,char_apts,1923.0,char_yrblt,False,,,41.90672179273084,-87.77589627991136
16051130220000,1420 N AUSTIN BLVD 1,Rest of Oak Park,R-7,small_mf,small_mf,2.0,1,211,char_apts,1924.0,char_yrblt,False,,,41.90661030397222,-87.77589258633023
16051130230000,1416 N AUSTIN BLVD,Rest of Oak Park,R-7,small_mf,small_mf,2.0,1,211,char_apts,1923.0,char_yrblt,False,,,41.90651067207224,-87.7758892994848
16051130240000,1414 N AUSTIN BLVD,Rest of Oak Park,R-7,large_mf,large_mf,13.0,1,315,commval_2023,1927.0,commval,False,,,41.9063844995224,-87.77588512698563
16051130250000,1410 N AUSTIN BLVD,Rest of Oak Park,R-7,small_mf,small_mf,2.0,1,211,char_apts,1921.0,char_yrblt,False,,,41.90626107116867,-87.77588105794311
16051130260000,1406 N AUSTIN BLVD 1,Rest of Oak Park,R-7,small_mf,small_mf,2.0,1,211,char_apts,1922.0,char_yrblt,False,,,41.90617875832143,-87.77587832071703
16051130270000,1404 N AUSTIN BLVD 1,Rest of Oak Park,R-7,small_mf,small_mf,4.0,1,211,char_apts,1929.0,char_yrblt,False,,,41.90609644501992,-87.77587560038316
1605113029,1402 N AUSTIN BLVD,Rest of Oak Park,R-7,condo,small_mf,2.0,2,299,class_rule,1912.0,condo_chars,False,,,41.90601506523633,-87.77587290890582
16051200200000,1350 N AUSTIN BLVD,Rest of Oak Park,R-7,large_mf,large_mf,16.0,1,315,commval_2023,1923.0,commval,False,,,41.905669828198995,-87.77584077255915
16051200230000,1340 N AUSTIN BLVD,Rest of Oak Park,R-7,small_mf,small_mf,2.0,1,211,char_apts,1922.0,char_yrblt,False,,,41.905386569670654,-87.77583132116045
16051200250000,1336 N AUSTIN BLVD,Rest of Oak Park,R-7,small_mf,small_mf,3.0,1,211,char_apts,1922.0,char_yrblt,False,,,41.905186345021264,-87.7758246341323
16051200260000,1332 N AUSTIN BLVD 2,Rest of Oak Park,R-7,small_mf,small_mf,2.0,1,211,char_apts,1922.0,char_yrblt,False,,,41.9050279015988,-87.77581933676245
16051200270000,1328 N AUSTIN BLVD 2,Rest of Oak Park,R-7,small_mf,small_mf,2.0,1,211,char_apts,1922.0,char_yrblt,False,,,41.90492022032218,-87.77581574179209
16051200280000,1324 N AUSTIN BLVD,Rest of Oak Park,R-7,small_mf,small_mf,2.0,1,211,char_apts,1923.0,char_yrblt,False,,,41.904805273210755,-87.77581191451678
16051200290000,1322 N AUSTIN BLVD,Rest of Oak Park,R-7,small_mf,small_mf,5.0,1,211,char_apts,1951.0,char_yrblt,False,,,41.904691725436635,-87.77580812515144
16051200300000,1320 N AUSTIN BLVD,Rest of Oak Park,R-7,small_mf,small_mf,3.0,1,211,char_apts,1952.0,char_yrblt,False,,,41.90460117842487,-87.77580509238902
16051200310000,1316 N AUSTIN BLVD 2,Rest of Oak Park,R-7,small_mf,small_mf,3.0,1,211,char_apts,1952.0,char_yrblt,False,,,41.904510631140056,-87.77580207938698
16051270240000,1238 N AUSTIN BLVD,Rest of Oak Park,R-7,small_mf,small_mf,2.0,1,211,char_apts,1920.0,char_yrblt,False,,,41.90330782743723,-87.7757618668964
16051270250000,1232 N AUSTIN BLVD,Rest of Oak Park,R-7,small_mf,small_mf,6.0,1,211,char_apts,1922.0,char_yrblt,False,,,41.90320188221699,-87.77575832707714
16051270260000,1228 N AUSTIN BLVD,Rest of Oak Park,R-7,large_mf,large_mf,13.0,1,315,commval_2023,1926.0,commval,False,,,41.903015353752494,-87.77575210566795
16053030290000,829 N LOMBARD AVE,Rest of Oak Park,R-4,small_mf,small_mf,2.0,1,211,char_apts,1906.0,char_yrblt,False,,,41.90104889355525,-87.7805616044568
16053040230000,827 HAYES AVE,Rest of Oak Park,R-4,small_mf,small_mf,2.0,1,211,char_apts,1908.0,char_yrblt,False,,,41.90110694507108,-87.77934522060481
16053070190000,1144 N AUSTIN BLVD,Rest of Oak Park,R-7,small_mf,small_mf,2.0,1,211,char_apts,1911.0,char_yrblt,False,,,41.9017073568439,-87.77571066493748
16053070280000,1118 N AUSTIN BLVD,Rest of Oak Park,R-7,small_mf,small_mf,2.0,1,211,char_apts,1916.0,char_yrblt,False,,,41.90085969369126,-87.77568356554036
16053070340000,1100 N AUSTIN BLVD,Rest of Oak Park,R-7,large_mf,large_mf,14.0,1,315,commval_2023,1925.0,commval,False,,,41.90033658692667,-87.77566683017017
16053100160000,700 N HARVEY AVE,Rest of Oak Park,R-3-50,small_mf,small_mf,2.0,1,212,char_apts,1908.0,char_yrblt,False,,,41.8984347126907,-87.78128873013017
16053120280000,715 N TAYLOR AVE,Rest of Oak Park,R-4,small_mf,small_mf,2.0,1,211,char_apts,1908.0,char_yrblt,False,,,41.89889011824786,-87.7780554615737
16053120310000,701 N TAYLOR AVE 1N,Rest of Oak Park,R-4,small_mf,small_mf,4.0,1,211,char_apts,1916.0,char_yrblt,False,,,41.89847923949469,-87.77804190901227
16053130300000,701 N HUMPHREY AVE,Rest of Oak Park,R-4,small_mf,small_mf,3.0,1,211,char_apts,1909.0,char_yrblt,False,,,41.89849687551971,-87.77682112980753
16053140230000,1028 N AUSTIN BLVD,Rest of Oak Park,R-7,small_mf,small_mf,6.0,1,211,char_apts,1962.0,char_yrblt,False,,,41.899335923290074,-87.77563776262349
16053140240000,1022 N AUSTIN BLVD,Rest of Oak Park,R-7,large_mf,large_mf,13.0,1,315,commval_2023,1926.0,commval,False,,,41.89919874689399,-87.77563386792438
16053140250000,1018 N AUSTIN BLVD,Rest of Oak Park,R-7,large_mf,large_mf,7.0,1,315,commval_2023,1930.0,commval,False,,,41.899061570675954,-87.7756299744977
16053140280000,1004 N AUSTIN BLVD 1,Rest of Oak Park,R-7,small_mf,small_mf,2.0,1,211,char_apts,1922.0,char_yrblt,False,,,41.89867265738335,-87.77561888719521
16053140290000,1002 N AUSTIN BLVD 1,Rest of Oak Park,R-7,small_mf,small_mf,2.0,1,211,char_apts,1922.0,char_yrblt,False,,,41.89858142540027,-87.77561628076137
16053140300000,1000 N AUSTIN BLVD,Rest of Oak Park,R-7,large_mf,large_mf,10.0,1,315,commval_2023,1920.0,commval,False,,,41.898492994155006,-87.77561373092053
1605314031,1030 N AUSTIN BLVD,Rest of Oak Park,R-7,condo,large_mf,7.0,7,299,class_rule,1932.0,condo_chars,False,,,41.899473099229795,-87.77564167479787
1605314032,1010 N AUSTIN BLVD,Rest of Oak Park,R-7,condo,large_mf,7.0,7,299,class_rule,1928.0,condo_chars,False,,,41.8987871908611,-87.77562215117365
16053150260000,607 N CUYLER AVE,Rest of Oak Park,R-3-50,small_mf,small_mf,2.0,1,211,char_apts,1902.0,char_yrblt,False,,,41.89678418968114,-87.78367485963675
16053150290000,601 N CUYLER AVE,Rest of Oak Park,R-3-50,small_mf,small_mf,2.0,1,211,char_apts,1902.0,char_yrblt,False,,,41.896549655480584,-87.78366667973408
16053160220000,627 N HARVEY AVE,Rest of Oak Park,R-3-50,small_mf,small_mf,2.0,1,211,char_apts,1918.0,char_yrblt,False,,,41.8974659288459,-87.78220629418745
16053170230000,645 N LOMBARD AVE,Rest of Oak Park,R-3-50,small_mf,small_mf,4.0,1,211,char_apts,1914.0,char_yrblt,False,,,41.89812698563824,-87.78045275775915
16053170270000,633 N LOMBARD AVE,Rest of Oak Park,R-3-50,small_mf,small_mf,2.0,1,211,char_apts,1920.0,char_yrblt,False,,,41.89767665550494,-87.78058710826943
16053180230000,627 N TAYLOR AVE,Rest of Oak Park,R-3-50,small_mf,small_mf,2.0,1,211,char_apts,1909.0,char_yrblt,False,,,41.89751482139267,-87.77893751524297
16053180250000,621 N TAYLOR AVE,Rest of Oak Park,R-3-50,small_mf,small_mf,3.0,1,211,char_apts,1893.0,char_yrblt,False,,,41.89726110370762,-87.77892922455942
16053190110000,616 N TAYLOR AVE,Rest of Oak Park,R-3-50,small_mf,small_mf,2.0,1,211,char_apts,1914.0,char_yrblt,False,,,41.89717067398399,-87.77798512927086
16053190120000,614 N TAYLOR AVE,Rest of Oak Park,R-3-50,small_mf,small_mf,2.0,1,211,char_apts,1914.0,char_yrblt,False,,,41.897048563788296,-87.7779811870343
16053190210000,639 N HUMPHREY AVE,Rest of Oak Park,R-5,small_mf,small_mf,2.0,1,211,char_apts,1911.0,char_yrblt,False,,,41.897897124434195,-87.77734297786182
16053190220000,633 N HUMPHREY AVE 1 2,Rest of Oak Park,R-5,small_mf,small_mf,2.0,1,211,char_apts,1967.0,char_yrblt,False,,,41.89775994510143,-87.77733852971494
16053190240000,627 N HUMPHREY AVE,Rest of Oak Park,R-5,small_mf,small_mf,2.0,1,211,char_apts,1911.0,char_yrblt,False,,,41.89749510576341,-87.77732993231086
16053190270000,619 N HUMPHREY AVE,Rest of Oak Park,R-5,small_mf,small_mf,2.0,1,211,char_apts,1954.0,char_yrblt,False,,,41.89724415896088,-87.77732177402815
16053190290000,611 N HUMPHREY AVE 1,Rest of Oak Park,R-5,small_mf,small_mf,3.0,1,211,char_apts,1888.0,char_yrblt,False,,,41.89694998439494,-87.77731220015443
16053190300000,50 IOWA ST,Rest of Oak Park,R-5,small_mf,small_mf,2.0,1,211,char_apts,1911.0,char_yrblt,False,,,41.89673690941949,-87.77754636330877
16053190310000,607 N HUMPHREY AVE,Rest of Oak Park,R-5,small_mf,small_mf,2.0,1,211,char_apts,1918.0,char_yrblt,False,,,41.8968296321478,-87.77721644331915
16053190320000,605 N HUMPHREY AVE,Rest of Oak Park,R-5,small_mf,small_mf,2.0,1,211,char_apts,1918.0,char_yrblt,False,,,41.89673820669996,-87.77721348992199
16053190330000,601 N HUMPHREY AVE,Rest of Oak Park,R-5,small_mf,small_mf,2.0,1,211,char_apts,1914.0,char_yrblt,False,,,41.89664609549192,-87.77721050313437
16053200010000,646 N HUMPHREY AVE,Rest of Oak Park,R-5,small_mf,small_mf,2.0,1,211,char_apts,1905.0,char_yrblt,False,,,41.89820545005347,-87.77653509197503
16053200090000,630 N HUMPHREY AVE,Rest of Oak Park,R-5,small_mf,small_mf,2.0,1,211,char_apts,1898.0,char_yrblt,False,,,41.897665090297664,-87.77637949371197
16053200100000,628 N HUMPHREY AVE,Rest of Oak Park,R-5,small_mf,small_mf,2.0,1,211,char_apts,2017.0,char_yrblt,False,,,41.89755277653169,-87.77637574492279
16053200110000,626 N HUMPHREY AVE,Rest of Oak Park,R-5,small_mf,small_mf,2.0,1,211,char_apts,1903.0,char_yrblt,False,,,41.89748084375384,-87.77637332874448
16053200120000,624 N HUMPHREY AVE,Rest of Oak Park,R-5,small_mf,small_mf,2.0,1,211,char_apts,1905.0,char_yrblt,False,,,41.89736811872366,-87.77636952133676
16053200210000,16 IOWA ST,Rest of Oak Park,R-5,small_mf,small_mf,2.0,1,211,char_apts,1893.0,char_yrblt,False,,,41.89675378920349,-87.77609167553754
16053200230000,948 N AUSTIN BLVD,Rest of Oak Park,R-7,large_mf,large_mf,17.0,1,315,commval_2023,1925.0,commval,False,,,41.898182734287715,-87.77565993027505
16053200270000,934 N AUSTIN BLVD,Rest of Oak Park,R-7,large_mf,large_mf,18.0,2,315,commval_2023,1966.0,commval,False,,,41.89776318526043,-87.77572100496147
16053200290000,928 N AUSTIN BLVD,Rest of Oak Park,R-7,small_mf,small_mf,3.0,1,211,char_apts,1908.0,char_yrblt,False,,,41.89749061236638,-87.77571159817236
16053200300000,924 N AUSTIN BLVD,Rest of Oak Park,R-7,small_mf,small_mf,4.0,1,211,char_apts,1922.0,char_yrblt,False,,,41.89737843677789,-87.77570772422055
16053200350000,900 N AUSTIN BLVD,Rest of Oak Park,R-7,large_mf,large_mf,44.0,1,315,commval_2023,1925.0,commval,False,,,41.89675953324771,-87.77568634153923
1605320040,914 N AUSTIN BLVD,Rest of Oak Park,R-7,condo,large_mf,27.0,27,299,class_rule,1965.0,condo_chars,False,,,41.8971518883304,-87.77569990357193
16053210180000,519 N CUYLER AVE,Rest of Oak Park,R-3-50,small_mf,small_mf,2.0,1,211,char_apts,1911.0,char_yrblt,False,,,41.89531058741228,-87.78369825740967
16053210280000,310 CHICAGO AVE,Rest of Oak Park,NC,small_mf,small_mf,3.0,1,212,char_apts,1948.0,char_yrblt,False,,,41.8948687736546,-87.78382055148295
1605321034,300 CHICAGO AVE,Rest of Oak Park,NC,condo,large_mf,8.0,8,299,class_rule,1959.0,condo_chars,False,,,41.894873249983526,-87.7835001588449
1605321035,306 CHICAGO AVE,Rest of Oak Park,NC,condo,small_mf,6.0,6,299,class_rule,1969.0,condo_chars,False,,,41.89487067068692,-87.78368379144715
16053220090000,516 N CUYLER AVE 2,Rest of Oak Park,R-3-50,small_mf,small_mf,2.0,1,211,char_apts,1907.0,char_yrblt,False,,,41.89523285445364,-87.78281269057061
16053220160000,525 N HARVEY AVE 2,Rest of Oak Park,R-3-50,small_mf,small_mf,2.0,1,211,char_apts,1912.0,char_yrblt,False,,,41.89551702207058,-87.78212070349542
16053220170000,521 N HARVEY AVE,Rest of Oak Park,R-3-50,small_mf,small_mf,2.0,1,211,char_apts,1893.0,char_yrblt,False,,,41.895379842120434,-87.7821159675837
16053220190000,508 N CUYLER AVE,Rest of Oak Park,NC,large_mf,large_mf,11.0,1,314,commval_2023,1919.0,commval,False,,,41.89499798688752,-87.78292390479825
1605322030,254 CHICAGO AVE,Rest of Oak Park,NC,condo,small_mf,5.0,5,299,class_rule,1898.0,predecessor_chars,False,,1898.0,41.89500070344862,-87.7826374124945
16053230030000,540 N HARVEY AVE,Rest of Oak Park,R-3-50,small_mf,small_mf,2.0,1,211,char_apts,1911.0,char_yrblt,False,,,41.896080658786715,-87.78121734464786
16053230140000,531 N LOMBARD AVE,Rest of Oak Park,R-3-50,small_mf,small_mf,2.0,1,211,char_apts,1952.0,char_yrblt,False,,,41.89581883764872,-87.78050577169455
16053230180000,515 N LOMBARD AVE,Rest of Oak Park,R-3-50,small_mf,small_mf,2.0,1,211,char_apts,1890.0,char_yrblt,False,,,41.895265369976194,-87.78048703740961
16053230220000,216 CHICAGO AVE,Rest of Oak Park,NC,small_mf,small_mf,2.0,1,211,char_apts,1888.0,char_yrblt,False,,,41.89494415852252,-87.78092082979532
16053230230000,214 CHICAGO AVE,Rest of Oak Park,NC,small_mf,small_mf,4.0,1,211,char_apts,1927.0,char_yrblt,False,,,41.89494593327119,-87.78079914761108
16053230250000,202 CHICAGO AVE,Rest of Oak Park,NC,large_mf,large_mf,12.0,1,318,commval_2023,1968.0,commval,False,,,41.89495377061638,-87.78026657759736
16053240060000,532 N LOMBARD AVE,Rest of Oak Park,R-5,small_mf,small_mf,2.0,1,211,char_apts,1910.0,char_yrblt,False,,,41.89580700927317,-87.77958299648213
16053240080000,526 N LOMBARD AVE,Rest of Oak Park,R-5,small_mf,small_mf,2.0,1,211,char_apts,1902.0,char_yrblt,False,,,41.895623335207674,-87.77957683288227
16053240090000,524 N LOMBARD AVE,Rest of Oak Park,R-5,small_mf,small_mf,2.0,1,211,char_apts,1902.0,char_yrblt,False,,,41.89553146990178,-87.77957376943863
16053240250000,116 CHICAGO AVE,Rest of Oak Park,NC,small_mf,small_mf,2.0,1,212,char_apts,1922.0,char_yrblt,False,,,41.89496897404608,-87.77925907969696
16053240260000,114 CHICAGO AVE,Rest of Oak Park,NC,small_mf,small_mf,4.0,1,212,char_apts,1922.0,char_yrblt,False,,,41.89497044469377,-87.77916575662692
16053240270000,112 CHICAGO AVE,Rest of Oak Park,NC,small_mf,small_mf,2.0,1,212,char_apts,1922.0,char_yrblt,False,,,41.89497188177869,-87.77907120164804
16053240280000,110 CHICAGO AVE,Rest of Oak Park,NC,small_mf,small_mf,3.0,1,212,char_apts,1922.0,char_yrblt,False,,,41.89491924152618,-87.77897515695167
16053240300000,130 CHICAGO AVE,Rest of Oak Park,NC,small_mf,small_mf,6.0,1,212,char_apts,1956.0,char_yrblt,False,,,41.89492184914404,-87.77982064297117
16053240310000,128 CHICAGO AVE,Rest of Oak Park,NC,small_mf,small_mf,2.0,1,212,char_apts,1913.0,char_yrblt,False,,,41.89492253352405,-87.77972825695244
16053240320000,511 N TAYLOR AVE,Rest of Oak Park,NC,small_mf,small_mf,3.0,1,211,char_apts,1923.0,char_yrblt,False,,,41.895127141601805,-87.77873970848128
1605324036,120 W CHICAGO AVE,Rest of Oak Park,NC,condo,small_mf,6.0,6,299,class_rule,1951.0,condo_chars,False,,,41.89496610073869,-87.779442843781
16053250030000,538 N TAYLOR AVE,Rest of Oak Park,R-5,small_mf,small_mf,2.0,1,211,char_apts,1905.0,char_yrblt,False,,,41.89613025681345,-87.77796976682032
16053250040000,536 N TAYLOR AVE,Rest of Oak Park,R-5,small_mf,small_mf,2.0,1,211,char_apts,1905.0,char_yrblt,False,,,41.89599310581468,-87.77796531810765
16053250050000,530 N TAYLOR AVE,Rest of Oak Park,R-5,small_mf,small_mf,3.0,1,211,char_apts,1910.0,char_yrblt,False,,,41.89585592645325,-87.77796088681565
16053250060000,528 N TAYLOR AVE,Rest of Oak Park,R-5,small_mf,small_mf,2.0,1,211,char_apts,1910.0,char_yrblt,False,,,41.89571874798858,-87.77795645555753
16053250090000,516 N TAYLOR AVE,Rest of Oak Park,R-5,small_mf,small_mf,2.0,1,211,char_apts,1893.0,char_yrblt,False,,,41.89534160218248,-87.77794422292789
16053250110000,545 N HUMPHREY AVE,Rest of Oak Park,R-5,large_mf,large_mf,15.0,1,315,commval_2023,1921.0,commval,False,,,41.896313549432946,-87.77727315089726
16053250130000,537 N HUMPHREY AVE,Rest of Oak Park,R-5,small_mf,small_mf,2.0,1,211,char_apts,1918.0,char_yrblt,False,,,41.89600359334026,-87.77726307481589
16053250170000,525 N HUMPHREY AVE,Rest of Oak Park,R-5,small_mf,small_mf,2.0,1,211,char_apts,1902.0,char_yrblt,False,,,41.89560932063067,-87.77725024312767
16053250190000,519 N HUMPHREY AVE,Rest of Oak Park,R-5,small_mf,small_mf,2.0,1,211,char_apts,1895.0,char_yrblt,False,,,41.89542073352091,-87.77724412910246
16053250200000,517 N HUMPHREY AVE,Rest of Oak Park,R-5,small_mf,small_mf,2.0,1,211,char_apts,1858.0,char_yrblt,False,,,41.8953521716451,-87.7772418956299
16053250210000,515 N HUMPHREY AVE,Rest of Oak Park,R-5,small_mf,small_mf,2.0,1,211,char_apts,1951.0,char_yrblt,False,,,41.89528262151043,-87.7772396427037
16053250230000,56 CHICAGO AVE,Rest of Oak Park,NC,large_mf,large_mf,11.0,1,318,commval_2023,1967.0,commval,False,,,41.89499226769176,-87.77776426230014
16053250240000,50 CHICAGO AVE,Rest of Oak Park,NC,large_mf,large_mf,11.0,1,314,commval_2023,1964.0,commval,False,,,41.89499516613708,-87.77758066397465
16053250250000,48 CHICAGO AVE,Rest of Oak Park,NC,small_mf,small_mf,2.0,1,211,char_apts,1892.0,char_yrblt,False,,,41.894997354123525,-87.77744294658821
1605325030,511 N HUMPHREY AVE,Rest of Oak Park,NC,condo,small_mf,6.0,6,299,class_rule,1929.0,condo_chars,False,,,41.89513952440653,-87.7770783832844
16053260070000,526 N HUMPHREY AVE,Rest of Oak Park,R-5,small_mf,small_mf,2.0,1,211,char_apts,1923.0,char_yrblt,False,,,41.895675059443775,-87.77633030307845
16053260080000,522 N HUMPHREY AVE,Rest of Oak Park,R-5,small_mf,small_mf,2.0,1,211,char_apts,1898.0,char_yrblt,False,,,41.895583167520925,-87.77632726147904
16053260120000,848 N AUSTIN BLVD,Rest of Oak Park,R-7,small_mf,small_mf,2.0,1,211,char_apts,1913.0,char_yrblt,False,,,41.8963858012068,-87.77565388184752
16053260140000,840 N AUSTIN BLVD,Rest of Oak Park,R-7,small_mf,small_mf,2.0,1,211,char_apts,1908.0,char_yrblt,False,,,41.89616586839521,-87.77564632619965
16053260150000,836 N AUSTIN BLVD,Rest of Oak Park,R-7,small_mf,small_mf,2.0,1,211,char_apts,1916.0,char_yrblt,False,,,41.89605616239741,-87.77564254234977
16053260230000,510 N HUMPHREY AVE,Rest of Oak Park,NC,large_mf,large_mf,8.0,1,314,commval_2023,1912.0,commval,False,,,41.89515082927543,-87.77640999062976
1605326034,828 N AUSTIN BLVD,Rest of Oak Park,R-7,condo,large_mf,10.0,10,299,class_rule,1972.0,condo_chars,False,,,41.89568370677481,-87.77562976915218
1605326035,824 N AUSTIN BLVD,Rest of Oak Park,R-7,condo,large_mf,10.0,10,299,class_rule,1972.0,condo_chars,False,,,41.89554655383023,-87.77562506600529
1605326036,820 N AUSTIN BLVD,Rest of Oak Park,R-7,condo,large_mf,10.0,10,299,class_rule,1972.0,condo_chars,False,,,41.895409373598746,-87.77562036596042
16053260380000,2 CHICAGO AVE,Rest of Oak Park,NC,small_mf,small_mf,5.0,1,212,char_apts,1901.0,char_yrblt,False,,,41.895028019551454,-87.77548767242178
16061020050000,7017 NORTH AVE,Rest of Oak Park,NA,small_mf,small_mf,4.0,1,212,char_apts,1965.0,char_yrblt,False,,,41.90862027753778,-87.80207824782826
16061020120000,7003 NORTH AVE,Rest of Oak Park,NA,large_mf,large_mf,4.0,2,318,commval_2023,1954.0,commval,False,,,41.908628504323815,-87.80143672705827
16061030120000,6935 NORTH AVE,Rest of Oak Park,NA,large_mf,large_mf,12.0,3,318,commval_2023,1956.0,commval,False,,,41.90864693422091,-87.79999661592906
16061030400000,6951 NORTH AVE,Rest of Oak Park,NA,large_mf,large_mf,5.0,1,318,commval_2023,1958.0,commval,False,,,41.90863811127316,-87.80068538612998
16061040110000,6905 NORTH AVE,Rest of Oak Park,NA,small_mf,small_mf,3.0,1,212,char_apts,1963.0,char_yrblt,False,,,41.90866627322658,-87.79851981540216
16061040120000,6901 NORTH AVE,Rest of Oak Park,NA,small_mf,small_mf,5.0,1,212,char_apts,1961.0,char_yrblt,False,,,41.908667810686794,-87.7984020780745
16061050040000,6851 NORTH AVE,Rest of Oak Park,NA,small_mf,small_mf,2.0,1,212,char_apts,1960.0,char_yrblt,False,,,41.90867906989256,-87.79753852727009
16061070830000,1431 N HARLEM AVE,Rest of Oak Park,R-6,small_mf,small_mf,2.0,1,211,char_apts,1955.0,char_yrblt,False,,,41.90641544650825,-87.80523176305353
16061130070000,1321 N HARLEM AVE,Rest of Oak Park,R-6,small_mf,small_mf,6.0,1,211,char_apts,1953.0,char_yrblt,False,,,41.9042132687931,-87.80515275377554
16061130260000,1327 N HARLEM AVE 1,Rest of Oak Park,R-6,small_mf,small_mf,3.0,1,211,char_apts,1953.0,char_yrblt,False,,,41.90438749811074,-87.80515906170373
16061130270000,1321 N HARLEM AVE,Rest of Oak Park,R-6,small_mf,small_mf,6.0,1,211,char_apts,1953.0,char_yrblt,False,,,41.90431402627019,-87.80515639268927
16061130300000,1307 N HARLEM AVE,Rest of Oak Park,R-6,small_mf,small_mf,3.0,1,211,char_apts,1953.0,char_yrblt,False,,,41.90381111528136,-87.80513818257788
16061130310000,1305 N HARLEM AVE,Rest of Oak Park,R-6,large_mf,large_mf,10.0,1,314,commval_2023,1953.0,commval,False,,,41.90366570098232,-87.8051329153081
16061130320000,1345 N HARLEM AVE,Rest of Oak Park,R-6,small_mf,small_mf,3.0,1,211,char_apts,1955.0,char_yrblt,False,,,41.90506428991051,-87.80518359778402
1606113035,1339 N HARLEM AVE,Rest of Oak Park,R-6,condo,large_mf,10.0,10,299,class_rule,1955.0,condo_chars,False,,,41.90476656776136,-87.80517280375
1606113036,1309 N HARLEM AVE,Rest of Oak Park,R-6,condo,large_mf,18.0,18,299,class_rule,1953.0,condo_chars,False,,,41.90400538502638,-87.80514521189166
1606113037,1301 N HARLEM AVE,Rest of Oak Park,R-6,condo,large_mf,10.0,10,299,class_rule,1955.0,condo_chars,False,,,41.90352961885857,-87.80512798242376
1606113038,1329 N HARLEM AVE,Rest of Oak Park,R-6,condo,large_mf,17.0,17,299,class_rule,1957.0,condo_chars,False,,,41.90462500069016,-87.80516767098105
1606113039,1341 N HARLEM AVE,Rest of Oak Park,R-6,condo,large_mf,15.0,15,299,class_rule,1958.0,condo_chars,False,,,41.90490347810603,-87.80517776336698
1606120044,1209 N HARLEM AVE,Rest of Oak Park,R-2,condo,large_mf,10.0,10,299,class_rule,1955.0,condo_chars,False,,,41.90208113073828,-87.80507551930083
1606120045,1205 N HARLEM AVE,Rest of Oak Park,R-2,condo,large_mf,9.0,9,299,class_rule,1956.0,condo_chars,False,,,41.90194268836885,-87.80507048964171
16062000040000,6739 NORTH AVE,Rest of Oak Park,NA,small_mf,small_mf,2.0,1,212,char_apts,1961.0,char_yrblt,False,,,41.90871710055118,-87.79458147246197
16062010030000,6717 NORTH AVE,Rest of Oak Park,NA,small_mf,small_mf,2.0,1,212,char_apts,1928.0,char_yrblt,False,,,41.908730996699326,-87.79346181971204
16062030010000,6619 NORTH AVE,Rest of Oak Park,NA,small_mf,small_mf,4.0,1,212,char_apts,1947.0,char_yrblt,False,,,41.90875888207151,-87.79123753702038
16062030020000,6617 NORTH AVE,Rest of Oak Park,NA,small_mf,small_mf,2.0,1,212,char_apts,1954.0,char_yrblt,False,,,41.908760174494006,-87.79113343052775
16062030060000,6609 NORTH AVE,Rest of Oak Park,NA,large_mf,large_mf,7.0,4,315,commval_2023,2019.0,commval,False,,,41.90876472611426,-87.79076666145532
16062030100000,6601 NORTH AVE,Rest of Oak Park,NA,small_mf,small_mf,3.0,1,212,char_apts,1938.0,char_yrblt,False,,,41.90876940981603,-87.79038734453619
16062040010000,6557 NORTH AVE,Rest of Oak Park,NA,large_mf,large_mf,9.0,3,318,commval_2023,2019.0,commval,False,,,41.90877379910081,-87.79003892556369
16062040100000,6539 NORTH AVE,Rest of Oak Park,NA,small_mf,small_mf,2.0,1,212,char_apts,1955.0,char_yrblt,False,,,41.90878405875656,-87.78920928909577
16062040110000,6537 NORTH AVE,Rest of Oak Park,NA,small_mf,small_mf,2.0,1,212,char_apts,1927.0,char_yrblt,False,,,41.90878518728618,-87.78911728835594
16062040130000,6533 NORTH AVE,Rest of Oak Park,NA,small_mf,small_mf,5.0,1,212,char_apts,1929.0,char_yrblt,False,,,41.90878748735069,-87.7889313586426
16063000080000,1117 N HARLEM AVE,Rest of Oak Park,R-2,small_mf,small_mf,2.0,1,211,char_apts,1891.0,char_yrblt,False,,,41.9003780371654,-87.80503023428761
1606300049,1120 W THOMAS ST,Rest of Oak Park,R-2,condo,large_mf,39.0,39,299,class_rule,1998.0,condo_chars_newbuild,False,,,41.899939845844315,-87.8050143794851
1606300050,1115 N HARLEM AVE,Rest of Oak Park,R-2,condo,large_mf,24.0,24,299,class_rule,1959.0,condo_chars,False,,,41.900268002188234,-87.80502625615004
1606300051,1111 N HARLEM AVE,Rest of Oak Park,R-2,condo,large_mf,26.0,26,299,class_rule,1959.0,condo_chars,False,,,41.90013868310139,-87.80502157651375
16063070030000,1029 N HARLEM AVE,Rest of Oak Park,R-6,small_mf,small_mf,2.0,1,211,char_apts,1927.0,char_yrblt,False,,,41.899044742617725,-87.80498177214236
16063070040000,1027 N HARLEM AVE,Rest of Oak Park,R-6,small_mf,small_mf,2.0,1,211,char_apts,1927.0,char_yrblt,False,,,41.89892953223665,-87.8049775361483
16063070060000,1021 N HARLEM AVE,Rest of Oak Park,R-6,small_mf,small_mf,2.0,1,211,char_apts,1929.0,char_yrblt,False,,,41.89875509373406,-87.80497114926507
16063070070000,1017 N HARLEM AVE,Rest of Oak Park,R-6,small_mf,small_mf,2.0,1,211,char_apts,1928.0,char_yrblt,False,,,41.89865776649788,-87.8049675756125
16063070080000,1015 N HARLEM AVE,Rest of Oak Park,R-6,small_mf,small_mf,2.0,1,211,char_apts,1927.0,char_yrblt,False,,,41.89856065882567,-87.80496403306077
16063070290000,1031 N HARLEM AVE,Rest of Oak Park,R-6,small_mf,small_mf,6.0,1,211,char_apts,1966.0,char_yrblt,False,,,41.89916682715368,-87.8049862353381
1606307034,1037 N HARLEM AVE,Rest of Oak Park,R-6,condo,large_mf,33.0,33,299,class_rule,1969.0,condo_chars,False,,,41.8995008578201,-87.80499848829277
1606307047,1001 N HARLEM AVE,Rest of Oak Park,R-6,condo,large_mf,12.0,12,299,class_rule,1955.0,condo_chars,False,,,41.898099849499346,-87.8049471203285
16063070540000,1025 N HARLEM AVE,Rest of Oak Park,R-6,small_mf,small_mf,6.0,1,211,char_apts,1969.0,char_yrblt,False,,,41.8988648,-87.80507653
16063140220000,1137 AUGUSTA ST,Rest of Oak Park,R-6,small_mf,small_mf,4.0,1,211,char_apts,1965.0,char_yrblt,False,,,41.8976008226425,-87.80517087272479
16063140230000,1135 AUGUSTA ST,Rest of Oak Park,R-6,small_mf,small_mf,4.0,1,211,char_apts,1965.0,char_yrblt,False,,,41.89762383139811,-87.80501823255628
1606316027,833 N HARLEM AVE,Rest of Oak Park,R-6,condo,large_mf,9.0,9,299,class_rule,1971.0,condo_chars,False,,,41.89564444726821,-87.8050508792234
1606316030,1135 SCHNEIDER AVE,Rest of Oak Park,R-6,condo,large_mf,25.0,25,299,class_rule,1998.0,condo_chars_unverified,False,,,41.89602120381521,-87.80500906145846
1607100028,1133 CHICAGO AVE,Rest of Oak Park,NC,condo,large_mf,33.0,33,299,class_rule,2016.0,condo_chars_newbuild,False,,,41.89398740177128,-87.80421921677345
1607109016,515 N HARLEM AVE,Rest of Oak Park,NC,condo,large_mf,29.0,29,299,class_rule,2004.0,condo_chars_newbuild,False,,,41.89119323778188,-87.80468429230592
16071180110000,195 N MARION ST,Rest of Oak Park,DT-1,small_mf,small_mf,3.0,1,212,char_apts,1928.0,char_yrblt,False,,,41.89045999501144,-87.80295076519437
16071180140000,189 N MARION ST,Rest of Oak Park,DT-1,small_mf,small_mf,3.0,1,212,char_apts,1929.0,char_yrblt,False,,,41.89025425508639,-87.80294411321057
16071180150000,187 N MARION ST,Rest of Oak Park,DT-1,small_mf,small_mf,3.0,1,212,char_apts,1929.0,char_yrblt,False,,,41.89018569366315,-87.80294190653031
16071180160000,185 N MARION ST,Rest of Oak Park,DT-1,small_mf,small_mf,3.0,1,212,char_apts,1929.0,char_yrblt,False,,,41.890117077314784,-87.80293968182306
16071180430000,1111 ONTARIO ST,Rest of Oak Park,DT-1,large_mf,large_mf,358.0,2,213,estimate_av/all,1992.0,manual,False,,,41.88994532544768,-87.8035365529165
1607118049,191 N MARION ST,Rest of Oak Park,DT-1,condo,small_mf,2.0,2,299,class_rule,1930.0,condo_chars,False,,,41.89032284425407,-87.80294631723186
16071180600000,479 N HARLEM AVE,Rest of Oak Park,DT-1,large_mf,large_mf,204.0,2,391,commval_2023,2007.0,commval,False,,,41.88985915051057,-87.80421074236169
16071180640000,1129 W ONTARIO ST,Rest of Oak Park,DT-1,small_mf,small_mf,4.0,1,211,char_apts,2008.0,char_yrblt,False,,,41.890383194866445,-87.80416294802413
16071180650000,1135 W ONTARIO ST,Rest of Oak Park,DT-1,small_mf,small_mf,4.0,1,211,char_apts,2008.0,char_yrblt,False,,,41.89037924496499,-87.80439194102708
1607119025,1113 HOLLEY CT,Rest of Oak Park,DT-1,condo,large_mf,45.0,45,299,class_rule,1927.0,condo_chars,False,,,41.88944019612568,-87.80306789259183
1607119033,1124 LAKE ST,Rest of Oak Park,DT-1,condo,large_mf,110.0,110,299,class_rule,1969.0,condo_chars,False,,,41.8889683169656,-87.80368502850428
16071200250000,1034 LAKE ST,Rest of Oak Park,DT-1,large_mf,large_mf,12.0,1,318,estimate_av/class,,unknown,False,,,41.88898255119632,-87.8019204610759
1607120058,170 N MARION ST,Rest of Oak Park,DT-1,condo,large_mf,12.0,12,299,class_rule,2005.0,condo_chars_newbuild,False,,,41.89003304870996,-87.80231511441093
16071200650000,1005 LAKE ST,Rest of Oak Park,DT-1,large_mf,large_mf,267.0,1,517,commval_2023_override,2019.0,commval,False,,,41.88893333632565,-87.80059133112289
16071210230000,901 ONTARIO ST,Rest of Oak Park,R-7,large_mf,large_mf,16.0,1,391,commval_2023,1973.0,commval,False,,,41.890005752504706,-87.79797410454756
16071210240000,175 N KENILWORTH AVE,Rest of Oak Park,R-7,large_mf,large_mf,21.0,2,391,commval_2023,1969.0,commval,False,,,41.889824636228695,-87.79796907952654
1607121036,165 N KENILWORTH AVE,Rest of Oak Park,R-7,condo,large_mf,34.0,34,299,class_rule,1967.0,condo_chars,False,,,41.889364836853495,-87.79795633314751
1607121045,151 N KENILWORTH AVE,Rest of Oak Park,R-7,condo,large_mf,59.0,59,299,class_rule,1970.0,condo_chars,False,,,41.88902850837964,-87.79794697713317
16071210460000,150 FOREST AVE,Rest of Oak Park,DT-1,large_mf,large_mf,277.0,1,EX,commval_2023_override,2014.0,commval,False,,,41.88920757466924,-87.79949690813751
1607122018,169 N GROVE AVE,Rest of Oak Park,R-7,condo,large_mf,23.0,23,299,class_rule,1963.0,condo_chars,False,,,41.8896478577946,-87.79647721873715
16071240130000,1111 LAKE ST,Rest of Oak Park,DT-1,small_mf,small_mf,2.0,1,212,char_apts,1903.0,char_yrblt,False,,,41.88839865921862,-87.80304729072799
16071240150000,1107 LAKE ST,Rest of Oak Park,DT-1,small_mf,small_mf,4.0,1,212,char_apts,1954.0,char_yrblt,False,,,41.88840275261141,-87.80285819303909
16071240230000,127 N MARION ST,Rest of Oak Park,DT-1,small_mf,small_mf,6.0,1,212,char_apts,1918.0,char_yrblt,False,,,41.888192915431645,-87.802748760436
16071240440000,1129 LAKE ST,Rest of Oak Park,DT-1,large_mf,large_mf,270.0,7,397,commval_2023,2017.0,commval,False,,,41.8883802054578,-87.80354082767047
16071250080000,1125 WESTGATE ST,Rest of Oak Park,DT-1,small_mf,small_mf,5.0,1,212,char_apts,1931.0,char_yrblt,False,,,41.88766790345347,-87.80322192153122
16071250170000,111 N MARION ST,Rest of Oak Park,DT-1,small_mf,small_mf,2.0,1,212,char_apts,1902.0,char_yrblt,False,,,41.88760498477729,-87.80272435508826
16071250200000,101 N MARION ST,Rest of Oak Park,DT-1,large_mf,large_mf,3.0,1,318,commval_2023,1898.0,commval,False,,,41.88729095442609,-87.80271123332436
16071260010000,138 N MARION ST,Rest of Oak Park,DT-1,large_mf,large_mf,6.0,1,318,commval_2023,1914.0,commval,False,,,41.888444322497634,-87.80226322213707
16071260050000,1023 LAKE ST,Rest of Oak Park,DT-1,large_mf,large_mf,7.0,1,318,commval_2023,1905.0,commval,False,,,41.88847365482158,-87.80153376644881
16071260100000,110 N MARION ST,Rest of Oak Park,DT-1,large_mf,large_mf,13.0,1,318,commval_2023,1913.0,commval,False,,,41.887766427386595,-87.80203293012846
16071260170000,1018 NORTH BLVD,Rest of Oak Park,DT-1,large_mf,large_mf,51.0,1,318,commval_2023,1924.0,commval,False,,,41.88768798667948,-87.8015157052705
16071260180000,1006 NORTH BLVD,Rest of Oak Park,DT-1,large_mf,large_mf,49.0,1,318,commval_2023,1925.0,commval,False,,,41.887697256374985,-87.80108207775052
16071260210000,120 N MARION ST,Rest of Oak Park,DT-1,small_mf,small_mf,3.0,1,212,char_apts,1929.0,char_yrblt,False,,,41.887996153009325,-87.80204243030849
16071280020000,951 LAKE ST,Rest of Oak Park,R-7,large_mf,large_mf,264.0,2,391|397,commval_2023,1985.0,commval,False,,,41.88826972675421,-87.79963945736549
16071280150000,930 NORTH BLVD,Rest of Oak Park,R-7,large_mf,large_mf,96.0,2,391,commval_2023,1971.0,commval,False,,,41.88758154676535,-87.79870629812899
16071280180000,914 NORTH BLVD,Rest of Oak Park,R-7,large_mf,large_mf,31.0,1,315,commval_2023,1959.0,commval,False,,,41.887630111877485,-87.79769033203857
1607128032,938 NORTH BLVD,Rest of Oak Park,R-7,condo,large_mf,25.0,25,299,class_rule,1968.0,condo_chars,False,,,41.887577327566895,-87.79902026833513
16071290090000,104 N KENILWORTH AVE,Rest of Oak Park,R-7,small_mf,small_mf,3.0,1,211,char_apts,1906.0,char_yrblt,False,,,41.887461204460905,-87.7967630574215
16071290100000,102 N KENILWORTH AVE 1,Rest of Oak Park,R-7,small_mf,small_mf,2.0,1,211,char_apts,1906.0,char_yrblt,False,,,41.88737099097988,-87.79676102117645
16071290200000,822 NORTH BLVD,Rest of Oak Park,DT-2,large_mf,large_mf,7.0,1,390,estimate_av/class,2024.0,class_history,False,,,41.88761751886112,-87.79561944535303
16071290280000,814 NORTH BLVD,Rest of Oak Park,DT-2,small_mf,small_mf,6.0,1,212,char_apts,1894.0,char_yrblt,False,,,41.88775863925219,-87.79527663154171
16071290330000,110 N KENILWORTH AVE,Rest of Oak Park,R-7,large_mf,large_mf,38.0,1,391,commval_2023,1970.0,commval,False,,,41.88776126960352,-87.79676981208821
1607218032,147 N EUCLID AVE,Rest of Oak Park,DT-2,condo,large_mf,28.0,28,299,class_rule,2018.0,condo_chars_newbuild,False,,,41.888974770260845,-87.79302182976627
16072190250000,152 N EUCLID AVE,Rest of Oak Park,R-2,small_mf,small_mf,2.0,1,211,char_apts,1953.0,char_yrblt,False,,,41.88915617493389,-87.7922835162193
1607219029,140 N EUCLID AVE,Rest of Oak Park,R-7,condo,large_mf,31.0,31,299,class_rule,2001.0,condo_chars_newbuild,False,,,41.888798396632616,-87.792273676735
1607224026,101 N EUCLID AVE,Rest of Oak Park,DT-2,condo,large_mf,34.0,34,299,class_rule,2000.0,condo_chars_newbuild,False,,,41.88777347477621,-87.79315169087049
16073000130000,1133 SOUTH BLVD,Rest of Oak Park,DT-3,large_mf,large_mf,263.0,1,397,commval_2023,2019.0,commval,False,,,41.88646212846915,-87.80410758033835
1607302023,110 S MARION ST,Rest of Oak Park,DT-3,condo,large_mf,38.0,38,299,class_rule,2006.0,condo_chars_newbuild,False,,,41.8864403410257,-87.80224099625009
1607302040,1005 W SOUTH BLVD,Rest of Oak Park,DT-3,condo,large_mf,19.0,19,299,class_rule,2010.0,condo_chars_newbuild,False,,,41.88665911534244,-87.80070766008322
16073160200000,1032 WASHINGTON BLVD,Rest of Oak Park,R-7,large_mf,large_mf,11.0,1,314,commval_2023,1966.0,commval,False,,,41.88179427654904,-87.8014481273978
16073160210000,1026 WASHINGTON BLVD,Rest of Oak Park,R-7,large_mf,large_mf,18.0,1,315,commval_2023,1926.0,commval,False,,,41.88179742113624,-87.80126195631453
1607316045,339 HOME AVE,Rest of Oak Park,R-7,condo,large_mf,19.0,19,299,class_rule,1967.0,condo_chars,False,,,41.881908708365174,-87.80039980853955
1607316049,1008 WASHINGTON BLVD,Rest of Oak Park,R-7,condo,large_mf,10.0,10,299,class_rule,1963.0,condo_chars,False,,,41.88163925257581,-87.80039006424536
1607316054,1020 WASHINGTON BLVD,Rest of Oak Park,R-7,condo,large_mf,11.0,11,299,class_rule,1960.0,condo_chars,False,,,41.88180361921117,-87.80090004681327
1607316086,1024 WASHINGTON BLVD UNIT,Rest of Oak Park,R-7,condo,large_mf,9.0,9,299,class_rule,2021.0,condo_chars_newbuild,False,,,41.881800448728015,-87.80108625454724
1607321020,415 S MAPLE AVE,Rest of Oak Park,R-7,condo,large_mf,20.0,20,299,class_rule,1964.0,condo_chars,False,,,41.88070039166101,-87.80433604518225
1607321021,405 S MAPLE AVE,Rest of Oak Park,R-7,condo,large_mf,10.0,10,299,class_rule,1956.0,condo_chars,False,,,41.88111286489307,-87.80435063706503
16073210230000,409 S MAPLE AVE,Rest of Oak Park,R-7,large_mf,large_mf,16.0,1,314,estimate_av/class,2024.0,class_history,False,,,41.88097775,-87.80429139
16073220060000,436 S MAPLE AVE,Rest of Oak Park,R-7,large_mf,large_mf,16.0,1,315,commval_2023,1930.0,commval,False,,,41.88016411731735,-87.80345082057565
16073220160000,433 WISCONSIN AVE,Rest of Oak Park,R-7,small_mf,small_mf,3.0,1,211,char_apts,1893.0,char_yrblt,False,,,41.88017574293695,-87.80275913741568
16073220210000,1116 MADISON ST,Rest of Oak Park,MS,small_mf,small_mf,3.0,1,212,char_apts,1911.0,char_yrblt,False,,,41.87987805259064,-87.80314069375561
16073220220000,1114 MADISON ST,Rest of Oak Park,MS,small_mf,small_mf,2.0,1,212,char_apts,1955.0,char_yrblt,False,,,41.879879548709624,-87.80304869474075
16073220230000,1112 MADISON ST,Rest of Oak Park,MS,small_mf,small_mf,4.0,1,212,char_apts,1929.0,char_yrblt,False,,,41.87988110012117,-87.80295669704864
16073220330000,420 S MAPLE AVE,Rest of Oak Park,R-7,large_mf,large_mf,9.0,1,314,commval_2023,1951.0,commval,False,,,41.880577112507865,-87.80346533276689
1607322038,440 S MAPLE AVE,Rest of Oak Park,MS,condo,large_mf,7.0,7,299,class_rule,1903.0,condo_chars,False,,,41.87999680427073,-87.8035111107298
1607322040,430 S MAPLE AVE,Rest of Oak Park,R-7,condo,large_mf,12.0,12,299,class_rule,1918.0,condo_chars,False,,,41.88030190173177,-87.80345568866599
1607322043,429 WISCONSIN AVE,Rest of Oak Park,R-7,condo,small_mf,6.0,6,299,class_rule,1918.0,condo_chars,False,,,41.88031075498009,-87.80276391955555
1607322062,426 S MAPLE AVE,Rest of Oak Park,R-7,condo,large_mf,12.0,12,299,class_rule,1918.0,condo_chars,False,,,41.880439493307165,-87.80346050050775
16073230010000,1035 WASHINGTON BLVD,Rest of Oak Park,R-7,large_mf,large_mf,22.0,1,315,commval_2023,1932.0,commval,False,,,41.881292215542096,-87.80191648987363
16073230380000,1000 MADISON ST,Rest of Oak Park,MS,small_mf,small_mf,3.0,1,212,char_apts,1921.0,char_yrblt,False,,,41.8799487627012,-87.80011576860302
1607323043,425 HOME AVE,Rest of Oak Park,R-7,condo,large_mf,30.0,30,299,class_rule,1965.0,condo_chars,False,,,41.88063732159995,-87.8003537396965
1607323045,1005 WASHINGTON BLVD,Rest of Oak Park,R-7,condo,small_mf,6.0,6,299,class_rule,1968.0,condo_chars,False,,,41.88131958471916,-87.80030777849548
1607323046,428 WISCONSIN AVE,Rest of Oak Park,R-7,condo,small_mf,6.0,6,299,class_rule,1932.0,condo_chars,False,,,41.880332090523325,-87.80188236234838
1607323047,413 HOME AVE,Rest of Oak Park,R-7,condo,large_mf,10.0,10,299,class_rule,1974.0,condo_chars,False,,,41.880906421607094,-87.80036348656722
1607323048,405 HOME AVE,Rest of Oak Park,R-7,condo,large_mf,21.0,21,299,class_rule,1966.0,condo_chars,False,,,41.88104930338475,-87.80036865849439
1607323049,1019 WASHINGTON BLVD,Rest of Oak Park,R-7,condo,large_mf,37.0,37,299,class_rule,1964.0,condo_chars,False,,,41.8811297596924,-87.80114109831216
1607323050,437 HOME AVE,Rest of Oak Park,R-7,condo,small_mf,6.0,6,299,class_rule,1923.0,condo_chars,False,,,41.8800824581557,-87.80033361252646
1607323051,410 WISCONSIN AVE,Rest of Oak Park,R-7,condo,large_mf,17.0,17,299,class_rule,1963.0,condo_chars,False,,,41.88102350516889,-87.80190691649781
1607323052,424 WISCONSIN AVE,Rest of Oak Park,R-7,condo,large_mf,11.0,11,299,class_rule,1932.0,condo_chars,False,,,41.88046927059288,-87.80188724797863
1607323053,414 WISCONSIN AVE,Rest of Oak Park,R-7,condo,large_mf,10.0,10,299,class_rule,1998.0,condo_chars_unverified,False,,,41.880880756417206,-87.80190183189255
1607323055,1041 SUSAN COLLINS LN,Rest of Oak Park,MS,condo,large_mf,17.0,17,299,class_rule,1999.0,condo_chars_newbuild,False,,,41.87992060431861,-87.8018677055735
1607324033,420 HOME AVE,Rest of Oak Park,R-7,condo,large_mf,59.0,59,299,class_rule,1973.0,condo_chars,False,,,41.88066085343072,-87.7994922738961
16073250100000,409 S KENILWORTH AVE,Rest of Oak Park,R-7,small_mf,small_mf,6.0,1,211,char_apts,1962.0,char_yrblt,False,,,41.88110947069798,-87.79738004768728
16073250140000,425 S KENILWORTH AVE,Rest of Oak Park,R-7,large_mf,large_mf,10.0,1,314,commval_2023,1965.0,commval,False,,,41.88055880904702,-87.79736241648558
16073250200000,900 MADISON ST,Rest of Oak Park,MS,large_mf,large_mf,38.0,1,318,commval_2023,1928.0,commval,False,,,41.87998260974957,-87.79730586904432
1607325023,417 S KENILWORTH AVE,Rest of Oak Park,R-7,condo,large_mf,9.0,9,299,class_rule,1969.0,condo_chars,False,,,41.880834153694614,-87.7973712418952
1607325024,423 S KENILWORTH AVE,Rest of Oak Park,R-7,condo,large_mf,10.0,10,299,class_rule,1923.0,condo_chars,False,,,41.88069648128673,-87.79736681095036
1607325025,431 S KENILWORTH AVE,Rest of Oak Park,R-7,condo,small_mf,4.0,4,299,class_rule,1923.0,predecessor_chars,False,,1923.0,41.88028231181937,-87.79735356012509
16073260020000,414 S KENILWORTH AVE,Rest of Oak Park,R-7,small_mf,small_mf,6.0,1,211,char_apts,1922.0,char_yrblt,False,,,41.880867181705,-87.79658117306002
16073260170000,850 MADISON ST,Rest of Oak Park,MS,small_mf,small_mf,2.0,1,212,char_apts,1901.0,char_yrblt,False,,,41.88000927499957,-87.79658741051429
16073260200000,844 MADISON ST,Rest of Oak Park,MS,small_mf,small_mf,2.0,1,212,char_apts,1933.0,char_yrblt,False,,,41.880015112276766,-87.79626878517877
16073260210000,838 MADISON ST,Rest of Oak Park,MS,small_mf,small_mf,4.0,1,212,char_apts,2021.0,char_yrblt,False,,,41.88002921112203,-87.7960870378582
1607326025,420 S KENILWORTH AVE,Rest of Oak Park,R-7,condo,large_mf,18.0,18,299,class_rule,1965.0,condo_chars,False,,,41.88066141580097,-87.79657502001427
1607326026,438 S KENILWORTH AVE,Rest of Oak Park,MS,condo,large_mf,11.0,11,299,class_rule,1901.0,condo_chars,False,,,41.88000666814529,-87.79672250687995
16073270400000,832 W MADISON ST,Rest of Oak Park,MS,large_mf,large_mf,51.0,2,390|397,commval_2023,1938.0,commval,False,,,41.88003221917815,-87.79586098180118
16074180190000,419 S EUCLID AVE,Rest of Oak Park,R-7,large_mf,large_mf,23.0,1,315,commval_2023,1963.0,commval,False,,,41.880674063021104,-87.79311823289979
1607418023,427 S EUCLID AVE,Rest of Oak Park,R-7,condo,large_mf,11.0,11,299,class_rule,1963.0,condo_chars,False,,,41.88053108240321,-87.79311415788496
1607418024,431 S EUCLID AVE,Rest of Oak Park,R-7,condo,large_mf,10.0,10,299,class_rule,1969.0,condo_chars,False,,,41.88039368644074,-87.79311022986047
1607419028,405 WESLEY AVE,Rest of Oak Park,R-7,condo,large_mf,68.0,68,299,class_rule,1967.0,condo_chars,False,,,41.880729961450925,-87.7914897086799
16074200040000,420 WESLEY AVE,Rest of Oak Park,R-7,small_mf,small_mf,2.0,1,211,char_apts,1916.0,char_yrblt,False,,,41.88073995772755,-87.79055561612631
16074200050000,426 WESLEY AVE,Rest of Oak Park,R-7,large_mf,large_mf,11.0,1,315,commval_2023,1962.0,commval,False,,,41.88058925118396,-87.79055145682167
1607420017,431 S EAST AVE,Rest of Oak Park,R-7,condo,small_mf,4.0,4,299,class_rule,1927.0,condo_chars,False,,,41.88045459189388,-87.7898496963818
1607420018,419 S EAST AVE,Rest of Oak Park,R-7,condo,large_mf,10.0,10,299,class_rule,1966.0,condo_chars,False,,,41.88087545129008,-87.78986132183124
1607420026,428 S WESLEY AVE,Rest of Oak Park,R-7,condo,large_mf,8.0,8,299,class_rule,1919.0,condo_chars,False,,,41.88044570824706,-87.79054750010764
16074210160000,500 MADISON ST,Rest of Oak Park,MS,large_mf,large_mf,23.0,2,314|318,commval_2023,1928.0,commval,False,,,41.880205946427594,-87.78796476424515
1607421019,506 MADISON ST,Rest of Oak Park,MS,condo,large_mf,27.0,27,299,class_rule,1914.0,condo_chars,False,,,41.88020082062561,-87.78825501418069
16074220100000,422 S SCOVILLE AVE 2,Rest of Oak Park,R-7,small_mf,small_mf,2.0,1,211,char_apts,1922.0,char_yrblt,False,,,41.88076524926718,-87.78728275600793
16074220110000,428 S SCOVILLE AVE,Rest of Oak Park,R-7,large_mf,large_mf,10.0,1,314,commval_2023,1970.0,commval,False,,,41.88062821130053,-87.78727901869335
16074220130000,415 S ELMWOOD AVE,Rest of Oak Park,R-7,small_mf,small_mf,3.0,1,211,char_apts,1922.0,char_yrblt,False,,,41.88107191075997,-87.78659453321278
16074220180000,431 S ELMWOOD AVE,Rest of Oak Park,R-7,small_mf,small_mf,2.0,1,211,char_apts,1915.0,char_yrblt,False,,,41.880506191455375,-87.78657897758589
16074220270000,421 S ELMWOOD AVE,Rest of Oak Park,R-7,large_mf,large_mf,15.0,1,314,commval_2023,1963.0,commval,False,,,41.8809348453308,-87.78659076242968
1607422029,414 S SCOVILLE AVE,Rest of Oak Park,R-7,condo,large_mf,23.0,23,299,class_rule,1965.0,condo_chars,False,,,41.88097079337655,-87.78728838824021
1607422032,425 S ELMWOOD AVE,Rest of Oak Park,R-7,condo,large_mf,10.0,10,299,class_rule,1964.0,condo_chars,False,,,41.88064141874095,-87.78658269168744
16074230070000,405 WASHINGTON BLVD,Rest of Oak Park,R-7,large_mf,large_mf,12.0,1,314,commval_2023,1956.0,commval,False,,,41.88139547856596,-87.78495257339902
16074230080000,401 WASHINGTON BLVD,Rest of Oak Park,R-7,large_mf,large_mf,12.0,1,314,commval_2023,1956.0,commval,False,,,41.88139887635093,-87.78475611955535
16074230100000,418 S ELMWOOD AVE 1,Rest of Oak Park,R-7,small_mf,small_mf,2.0,1,211,char_apts,1910.0,char_yrblt,False,,,41.88093077342104,-87.78565557978614
16074230120000,426 S ELMWOOD AVE,Rest of Oak Park,R-7,small_mf,small_mf,2.0,1,211,char_apts,1922.0,char_yrblt,False,,,41.88067080364236,-87.7856484910069
16074230130000,430 S ELMWOOD AVE,Rest of Oak Park,R-7,small_mf,small_mf,2.0,1,211,char_apts,1916.0,char_yrblt,False,,,41.880522760069795,-87.78564448685104
16074230150000,419 S RIDGELAND AVE,Rest of Oak Park,R-7,small_mf,small_mf,2.0,1,211,char_apts,1914.0,char_yrblt,False,,,41.88094284859309,-87.78495991500453
16074230240000,408 MADISON ST,Rest of Oak Park,MS,small_mf,small_mf,2.0,1,212,char_apts,1912.0,char_yrblt,False,,,41.88025899135705,-87.78496199647532
1607423041,415 S RIDGELAND AVE,Rest of Oak Park,R-7,condo,small_mf,4.0,4,299,class_rule,1921.0,condo_chars,False,,,41.881079804591565,-87.78496353825155
1607423043,421 S RIDGELAND AVE,Rest of Oak Park,R-7,condo,large_mf,7.0,7,299,class_rule,1910.0,predecessor_chars,False,,1910.0,41.88080592112655,-87.78495629481797
1608100021,301 W CHICAGO AVE,Rest of Oak Park,R-6,condo,large_mf,18.0,18,299,class_rule,1966.0,condo_chars,False,,,41.89427521498511,-87.78357883546803
16081010190000,411 N HARVEY AVE,Rest of Oak Park,R-2,small_mf,small_mf,2.0,1,211,char_apts,1893.0,char_yrblt,False,,,41.893570779757155,-87.78205863554568
16081020120000,423 N LOMBARD AVE,Rest of Oak Park,R-2,small_mf,small_mf,2.0,1,211,char_apts,1915.0,char_yrblt,False,,,41.89400490926329,-87.7804467987529
16081020180000,204 SUPERIOR ST,Rest of Oak Park,R-2,small_mf,small_mf,2.0,1,211,char_apts,1908.0,char_yrblt,False,,,41.89329676431008,-87.780425587431
1608102020,426 N HARVEY AVE,Rest of Oak Park,R-7,condo,large_mf,12.0,12,299,class_rule,1969.0,condo_chars,False,,,41.89428365823098,-87.7811573781488
1608102021,217 W CHICAGO AVE,Rest of Oak Park,R-7,condo,large_mf,19.0,19,299,class_rule,1924.0,condo_chars,False,,,41.89443790709864,-87.78116196550533
1608102022,201 W CHICAGO AVE,Rest of Oak Park,R-7,condo,large_mf,51.0,51,299,class_rule,1924.0,condo_chars,False,,,41.89432035051371,-87.78045625317165
16081040010000,59 CHICAGO AVE,Rest of Oak Park,R-5,large_mf,large_mf,16.0,1,315,commval_2023,1924.0,commval,False,,,41.89435598344837,-87.77813236730688
16081040020000,57 CHICAGO AVE,Rest of Oak Park,R-5,small_mf,small_mf,2.0,1,211,char_apts,1903.0,char_yrblt,False,,,41.89435817584531,-87.77798983903145
16081040030000,55 CHICAGO AVE,Rest of Oak Park,R-5,small_mf,small_mf,2.0,1,211,char_apts,1903.0,char_yrblt,False,,,41.89435963721323,-87.7778947344249
16081040050000,51 CHICAGO AVE,Rest of Oak Park,R-5,small_mf,small_mf,2.0,1,211,char_apts,1905.0,char_yrblt,False,,,41.8943626139031,-87.77770456231734
16081040060000,49 CHICAGO AVE,Rest of Oak Park,R-5,small_mf,small_mf,2.0,1,211,char_apts,1903.0,char_yrblt,False,,,41.89436407475967,-87.7776094939165
16081040070000,47 CHICAGO AVE 2,Rest of Oak Park,R-5,small_mf,small_mf,2.0,1,211,char_apts,1898.0,char_yrblt,False,,,41.894365562818656,-87.77751438989648
16081040080000,45 CHICAGO AVE,Rest of Oak Park,R-5,small_mf,small_mf,2.0,1,211,char_apts,1903.0,char_yrblt,False,,,41.894367023792896,-87.7774192847442
16081040090000,43 CHICAGO AVE 1,Rest of Oak Park,R-5,small_mf,small_mf,2.0,1,211,char_apts,1905.0,char_yrblt,False,,,41.8943685114221,-87.77732421691817
16081040100000,425 N HUMPHREY AVE,Rest of Oak Park,NC,large_mf,large_mf,32.0,1,318,commval_2023,1927.0,commval,False,,,41.894372162262115,-87.7770863808248
16081040120000,418 N TAYLOR AVE,Rest of Oak Park,R-2,small_mf,small_mf,2.0,1,211,char_apts,1911.0,char_yrblt,False,,,41.89390628122468,-87.77789910365803
16081040130000,408 N TAYLOR AVE,Rest of Oak Park,R-2,large_mf,large_mf,25.0,1,315,commval_2023,1916.0,commval,False,,,41.89363619430768,-87.77789085293665
16081040140000,400 N TAYLOR AVE,Rest of Oak Park,R-2,large_mf,large_mf,25.0,1,315,commval_2023,1917.0,commval,False,,,41.8934251158925,-87.77788439522362
16081040210000,50 SUPERIOR ST,Rest of Oak Park,R-2,small_mf,small_mf,2.0,1,211,char_apts,1900.0,char_yrblt,False,,,41.893399064786706,-87.77741964894504
16081040220000,407 N HUMPHREY AVE 2,Rest of Oak Park,R-2,small_mf,small_mf,2.0,1,211,char_apts,1900.0,char_yrblt,False,,,41.89353999836098,-87.77710930517298
16081040230000,405 N HUMPHREY AVE,Rest of Oak Park,R-2,small_mf,small_mf,2.0,1,211,char_apts,1900.0,char_yrblt,False,,,41.89347129969904,-87.77710719926769
16081040240000,403 N HUMPHREY AVE,Rest of Oak Park,R-2,small_mf,small_mf,2.0,1,211,char_apts,1900.0,char_yrblt,False,,,41.89340271105122,-87.77710509680946
16081040250000,401 N HUMPHREY AVE 1,Rest of Oak Park,R-2,small_mf,small_mf,2.0,1,211,char_apts,1900.0,char_yrblt,False,,,41.89333346365271,-87.77710296572536
16081050160000,722 N AUSTIN BLVD,Rest of Oak Park,R-7,large_mf,large_mf,19.0,1,315,commval_2023,1931.0,commval,False,,,41.8940793970692,-87.77556825073547
16081050190000,712 N AUSTIN BLVD,Rest of Oak Park,R-7,large_mf,large_mf,15.0,1,315,commval_2023,1924.0,commval,False,,,41.89366698711262,-87.77555608042277
16081050200000,700 N AUSTIN BLVD,Rest of Oak Park,R-7,large_mf,large_mf,31.0,1,315,commval_2023,1924.0,commval,False,,,41.89346081012719,-87.77555001514045
1608105021,720 N AUSTIN BLVD,Rest of Oak Park,R-7,condo,large_mf,10.0,10,299,class_rule,1965.0,condo_chars,False,,,41.893941972703274,-87.77556419454258
1608105022,714 N AUSTIN BLVD,Rest of Oak Park,R-7,condo,large_mf,10.0,10,299,class_rule,1966.0,condo_chars,False,,,41.89380465862132,-87.77556013693112
16081050230000,728 AUSTIN AVE 2,Rest of Oak Park,NC,large_mf,large_mf,8.0,1,212,commval_2023_override,1915.0,commval,False,,,41.894323900364505,-87.77538553146385
16081110200000,626 N AUSTIN BLVD,Rest of Oak Park,R-7,large_mf,large_mf,12.0,1,314,commval_2023,1955.0,commval,False,,,41.89279449380162,-87.77553016280248
16081200260000,224 LAKE ST,Rest of Oak Park,NC,small_mf,small_mf,2.0,1,211,char_apts,1900.0,char_yrblt,False,,,41.88853589421137,-87.78096465056845
16081230200000,18 LAKE ST,Rest of Oak Park,NC,small_mf,small_mf,4.0,1,212,char_apts,1918.0,char_yrblt,False,,,41.88838462559011,-87.77588588504554
16081260030000,101 N LOMBARD AVE,Rest of Oak Park,NC,large_mf,large_mf,199.99999999999997,2,391,commval_2023,1979.0,commval,False,,,41.887731251018664,-87.78040115862015
16083180030000,436 S RIDGELAND AVE,Rest of Oak Park,MS,large_mf,large_mf,6.0,1,318,commval_2023,1923.0,commval,False,,,41.88025727228791,-87.78423460454673
16083180060000,314 MADISON ST,Rest of Oak Park,MS,small_mf,small_mf,3.0,1,212,char_apts,1908.0,char_yrblt,False,,,41.88026883380954,-87.78355942441479
16083180070000,312 MADISON ST,Rest of Oak Park,MS,small_mf,small_mf,6.0,1,212,char_apts,1912.0,char_yrblt,False,,,41.880271192960095,-87.7834217370879
16083180080000,308 MADISON ST,Rest of Oak Park,MS,large_mf,large_mf,23.0,2,315|318,commval_2023,1925.0,commval,False,,,41.880273552175495,-87.78328406839456
16083200130000,421 S LOMBARD AVE,Rest of Oak Park,R-7,large_mf,large_mf,10.0,1,314,commval_2023,1967.0,commval,False,,,41.88090176511291,-87.7800504531877
1608320026,433 S LOMBARD AVE,Rest of Oak Park,R-7,condo,large_mf,23.0,23,299,class_rule,1932.0,condo_chars,False,,,41.88060804712117,-87.78004146209244
1608320027,415 S LOMBARD AVE,Rest of Oak Park,R-7,condo,large_mf,20.0,20,299,class_rule,1967.0,condo_chars,False,,,41.88111815352635,-87.78005705728336
16083210200000,132 MADISON ST,Rest of Oak Park,MS,large_mf,large_mf,16.0,1,318,commval_2023,1919.0,commval,False,,,41.8803600607294,-87.77931821251957
16083210240000,114 MADISON ST,Rest of Oak Park,MS,small_mf,small_mf,2.0,1,212,char_apts,1921.0,char_yrblt,False,,,41.88037044769571,-87.77861621604083
1608321031,439 S TAYLOR AVE,Rest of Oak Park,MS,condo,large_mf,10.0,10,299,class_rule,1928.0,condo_chars,False,,,41.88045905442364,-87.7781948825747
1608321033,426 S LOMBARD AVE,Rest of Oak Park,R-7,condo,large_mf,23.0,23,299,class_rule,1967.0,condo_chars,False,,,41.88082715855051,-87.77913063751998
1608321035,434 S LOMBARD AVE,Rest of Oak Park,R-7,condo,large_mf,11.0,11,299,class_rule,1932.0,condo_chars,False,,,41.88065391687283,-87.77912534981354
16083220280000,58 MADISON ST,Rest of Oak Park,MS,small_mf,small_mf,5.0,1,212,char_apts,1921.0,char_yrblt,False,,,41.880387413425694,-87.77746541119936
16083220290000,56 MADISON ST,Rest of Oak Park,MS,small_mf,small_mf,4.0,1,212,char_apts,1898.0,char_yrblt,False,,,41.88038878047043,-87.7773735971563
16083230170000,26 MADISON ST,Rest of Oak Park,MS,small_mf,small_mf,2.0,1,212,char_apts,1917.0,char_yrblt,False,,,41.8804104462893,-87.77590454395288
16083230210000,12 MADISON ST,Rest of Oak Park,MS,small_mf,small_mf,3.0,1,212,char_apts,1916.0,char_yrblt,False,,,41.88041992220872,-87.77526206156028
16083230220000,8 MADISON ST,Rest of Oak Park,MS,small_mf,small_mf,4.0,1,212,char_apts,1918.0,char_yrblt,False,,,41.88042125975741,-87.77517026530685
16083230230000,6 MADISON ST,Rest of Oak Park,MS,small_mf,small_mf,2.0,1,212,char_apts,1907.0,char_yrblt,False,,,41.88042262469501,-87.77507848711264
16083230240000,4 MADISON ST,Rest of Oak Park,MS,small_mf,small_mf,4.0,1,212,char_apts,1908.0,char_yrblt,False,,,41.880423990009355,-87.7749866909154
16171000180000,511 S CUYLER AVE,Rest of Oak Park,R-5,large_mf,large_mf,38.0,1,315,commval_2023,1929.0,commval,False,,,41.87923540319011,-87.78356526965791
16171010010000,321 MADISON ST,Rest of Oak Park,MS,large_mf,large_mf,33.0,1,318,commval_2023,1928.0,commval,False,,,41.87964560392987,-87.78290423328733
16171010030000,309 MADISON ST,Rest of Oak Park,MS,small_mf,small_mf,4.0,1,212,char_apts,1913.0,char_yrblt,False,,,41.87965312461874,-87.78247534347821
16171010070000,510 S CUYLER AVE,Rest of Oak Park,R-4,small_mf,small_mf,3.0,1,211,char_apts,1924.0,char_yrblt,False,,,41.879422393911234,-87.78286584304911
16171010350000,541 S HIGHLAND AVE 1,Rest of Oak Park,R-4,small_mf,small_mf,2.0,1,211,char_apts,1899.0,char_yrblt,False,,,41.87840035075222,-87.78231047075533
16171020180000,530 S HIGHLAND AVE,Rest of Oak Park,R-4,small_mf,small_mf,4.0,1,211,char_apts,1913.0,char_yrblt,False,,,41.87870770192262,-87.78161778685286
16171020320000,531 S HARVEY AVE,Rest of Oak Park,R-4,small_mf,small_mf,2.0,1,211,char_apts,1907.0,char_yrblt,False,,,41.87875078440827,-87.78110916931321
16171020330000,535 S HARVEY AVE,Rest of Oak Park,R-4,small_mf,small_mf,2.0,1,211,char_apts,1909.0,char_yrblt,False,,,41.87864761159628,-87.781105761179
16171030260000,511 S LOMBARD AVE,Rest of Oak Park,R-4,small_mf,small_mf,3.0,1,211,char_apts,1908.0,char_yrblt,False,,,41.87942556849019,-87.7799176494745
16171030340000,531 S LOMBARD AVE,Rest of Oak Park,R-4,small_mf,small_mf,3.0,1,211,char_apts,1910.0,char_yrblt,False,,,41.878771918971395,-87.77989567665819
16171030350000,535 S LOMBARD AVE,Rest of Oak Park,R-4,small_mf,small_mf,2.0,1,211,char_apts,1915.0,char_yrblt,False,,,41.87865156413178,-87.77989164882095
16171050100000,522 S TAYLOR AVE,Rest of Oak Park,R-4,small_mf,small_mf,2.0,1,211,char_apts,1917.0,char_yrblt,False,,,41.87904163613722,-87.77793682125206
16171050350000,501 S LYMAN AVE,Rest of Oak Park,MS,large_mf,large_mf,3.0,1,318,commval_2023,1966.0,commval,False,,,41.87974506057662,-87.77743585439146
16171060010000,500 S LYMAN AVE,Rest of Oak Park,MS,large_mf,large_mf,23.0,4,315|390,commval_2023,2021.0,commval,False,,,41.87985153362276,-87.77675517482758
16171060160000,544 S LYMAN AVE,Rest of Oak Park,R-4,small_mf,small_mf,2.0,1,211,default_missing_char_apts,1919.0,char_yrblt,False,,,41.878340761797105,-87.77670863805619
16171070200000,12 S AUSTIN BLVD,Rest of Oak Park,R-7,small_mf,small_mf,4.0,1,211,char_apts,1924.0,char_yrblt,False,,,41.87949607481971,-87.77502041719549
16171070210000,16 S AUSTIN BLVD,Rest of Oak Park,R-7,small_mf,small_mf,4.0,1,211,char_apts,1921.0,char_yrblt,False,,,41.879413787612705,-87.77501738794811
16171070220000,18 S AUSTIN BLVD 1,Rest of Oak Park,R-7,small_mf,small_mf,2.0,1,211,char_apts,1921.0,char_yrblt,False,,,41.879331499954304,-87.77501435895647
16171070240000,22 S AUSTIN BLVD,Rest of Oak Park,R-7,small_mf,small_mf,2.0,1,211,char_apts,1914.0,char_yrblt,False,,,41.87916692571876,-87.77500832147365
16171070250000,26 S AUSTIN BLVD,Rest of Oak Park,R-7,small_mf,small_mf,2.0,1,211,char_apts,1921.0,char_yrblt,False,,,41.87908461059743,-87.77500530912631
16171070290000,108 S AUSTIN BLVD,Rest of Oak Park,R-7,small_mf,small_mf,2.0,1,211,char_apts,1920.0,char_yrblt,False,,,41.878755433828374,-87.77499319248673
16171070300000,110 S AUSTIN BLVD,Rest of Oak Park,R-7,small_mf,small_mf,3.0,1,211,char_apts,1927.0,char_yrblt,False,,,41.87867311870099,-87.77499016351402
16171070310000,112 S AUSTIN BLVD,Rest of Oak Park,R-7,small_mf,small_mf,3.0,1,211,char_apts,1924.0,char_yrblt,False,,,41.878590831481866,-87.77498713433283
16171070320000,114 S AUSTIN BLVD 1,Rest of Oak Park,R-7,small_mf,small_mf,3.0,1,211,char_apts,1960.0,char_yrblt,False,,,41.87850857127067,-87.7749841048953
16171070330000,120 S AUSTIN BLVD,Rest of Oak Park,R-7,large_mf,large_mf,13.0,1,315,commval_2023,1924.0,commval,False,,,41.878395268491005,-87.77497994268163
1617107036,100 S AUSTIN BLVD,Rest of Oak Park,R-7,condo,large_mf,9.0,9,299,class_rule,1962.0,condo_chars,False,,,41.87887889210975,-87.77499773607212
1617107037,20 S AUSTIN BLVD,Rest of Oak Park,R-7,condo,small_mf,3.0,3,299,class_rule,1922.0,condo_chars,False,,,41.87924921275072,-87.77501133036225
16171090220000,601 S HIGHLAND AVE,Rest of Oak Park,R-4,small_mf,small_mf,2.0,1,211,char_apts,1893.0,char_yrblt,False,,,41.87797700452669,-87.7822953747648
16171090290000,617 S HIGHLAND AVE,Rest of Oak Park,R-4,small_mf,small_mf,2.0,1,211,char_apts,1914.0,char_yrblt,False,,,41.87735055395914,-87.7822740997799
16171090300000,621 S HIGHLAND AVE 1,Rest of Oak Park,R-4,small_mf,small_mf,2.0,1,211,char_apts,1898.0,char_yrblt,False,,,41.87728188174701,-87.78227177274465
16171100010000,600 S HIGHLAND AVE,Rest of Oak Park,R-4,small_mf,small_mf,2.0,1,211,default_missing_char_apts,1909.0,char_yrblt,False,,,41.87799729127637,-87.7815937012137
16171100070000,616 S HIGHLAND AVE,Rest of Oak Park,R-4,small_mf,small_mf,3.0,1,211,char_apts,1894.0,char_yrblt,False,,,41.87744717227551,-87.7815742884103
16171100110000,626 S HIGHLAND AVE,Rest of Oak Park,R-4,small_mf,small_mf,3.0,1,211,char_apts,1888.0,char_yrblt,False,,,41.877106135676,-87.78156225033047
16171100130000,634 S HIGHLAND AVE,Rest of Oak Park,R-4,small_mf,small_mf,4.0,1,211,char_apts,1913.0,char_yrblt,False,,,41.87686622011148,-87.78155379375471
16171100180000,648 S HIGHLAND AVE,Rest of Oak Park,R-4,small_mf,small_mf,2.0,1,211,char_apts,1908.0,char_yrblt,False,,,41.87647067810232,-87.78153982814162
16171100410000,636 S HIGHLAND AVE,Rest of Oak Park,R-4,small_mf,small_mf,2.0,1,211,char_apts,1915.0,char_yrblt,False,,,41.8767633751044,-87.78155015971879
1617110044,608 S HIGHLAND AVE,Rest of Oak Park,R-4,condo,small_mf,6.0,6,299,class_rule,1913.0,condo_chars,False,,,41.8777916567536,-87.78158644642701
16171110050000,612 S HARVEY AVE,Rest of Oak Park,R-4,small_mf,small_mf,4.0,1,211,char_apts,1908.0,char_yrblt,False,,,41.87760265501858,-87.78036747493177
16171110260000,617 S LOMBARD AVE,Rest of Oak Park,R-4,small_mf,small_mf,4.0,1,211,char_apts,1908.0,char_yrblt,False,,,41.877474314116014,-87.77985090971578
16171120010000,600 S LOMBARD AVE,Rest of Oak Park,R-4,small_mf,small_mf,2.0,1,211,char_apts,1923.0,char_yrblt,False,,,41.87800482368143,-87.77911719004757
16171120160000,642 S LOMBARD AVE,Rest of Oak Park,R-4,small_mf,small_mf,2.0,1,211,char_apts,1913.0,char_yrblt,False,,,41.8765989531161,-87.77906822056235
16171120170000,644 S LOMBARD AVE,Rest of Oak Park,R-4,small_mf,small_mf,2.0,1,211,char_apts,1913.0,char_yrblt,False,,,41.87650398587819,-87.77906491159814
16171130150000,636 S TAYLOR AVE,Rest of Oak Park,R-4,small_mf,small_mf,2.0,1,211,char_apts,1913.0,char_yrblt,False,,,41.8767609841052,-87.77786084175872
16171130170000,644 S TAYLOR AVE 1,Rest of Oak Park,R-4,small_mf,small_mf,2.0,1,211,char_apts,1914.0,char_yrblt,False,,,41.876610848364905,-87.77785544567868
16171130180000,648 S TAYLOR AVE 1,Rest of Oak Park,R-4,small_mf,small_mf,2.0,1,211,char_apts,1913.0,char_yrblt,False,,,41.87652235869986,-87.7778522831984
16171150170000,128 S AUSTIN BLVD,Rest of Oak Park,R-7,small_mf,small_mf,3.0,1,211,char_apts,1908.0,char_yrblt,False,,,41.878105104188755,-87.77497138677187
16171150180000,130 S AUSTIN BLVD,Rest of Oak Park,R-7,small_mf,small_mf,2.0,1,211,char_apts,1911.0,char_yrblt,False,,,41.8780290201419,-87.77496859723027
16171150190000,132 S AUSTIN BLVD,Rest of Oak Park,R-7,small_mf,small_mf,4.0,1,211,char_apts,1911.0,char_yrblt,False,,,41.87794975189931,-87.77496568844032
16171150200000,136 S AUSTIN BLVD,Rest of Oak Park,R-7,small_mf,small_mf,2.0,1,211,char_apts,1910.0,char_yrblt,False,,,41.87785969702964,-87.77496239655366
16171150210000,138 S AUSTIN BLVD 1,Rest of Oak Park,R-7,small_mf,small_mf,3.0,1,211,char_apts,1910.0,char_yrblt,False,,,41.87779138017244,-87.77495988619536
16171150220000,140 S AUSTIN BLVD,Rest of Oak Park,R-7,small_mf,small_mf,2.0,1,211,char_apts,1927.0,char_yrblt,False,,,41.87769720838709,-87.77495645019579
16171150230000,142 S AUSTIN BLVD 1,Rest of Oak Park,R-7,small_mf,small_mf,3.0,1,211,char_apts,1921.0,char_yrblt,False,,,41.8775742164392,-87.77495193585709
16171150240000,204 S AUSTIN BLVD 2,Rest of Oak Park,R-7,small_mf,small_mf,3.0,1,211,char_apts,1921.0,char_yrblt,False,,,41.877478589670574,-87.77494841964892
16171150250000,208 S AUSTIN BLVD,Rest of Oak Park,R-7,small_mf,small_mf,3.0,1,211,char_apts,1923.0,char_yrblt,False,,,41.87738288006813,-87.77494491941553
16171150280000,220 S AUSTIN BLVD,Rest of Oak Park,R-7,small_mf,small_mf,3.0,1,211,char_apts,1930.0,char_yrblt,False,,,41.87698225367133,-87.77493023227831
16171170180000,727 S HIGHLAND AVE,Rest of Oak Park,R-4,small_mf,small_mf,2.0,1,211,char_apts,1904.0,char_yrblt,False,,,41.875300422709955,-87.78220364835701
16171170190000,729 S HIGHLAND AVE,Rest of Oak Park,R-4,small_mf,small_mf,2.0,1,211,char_apts,1902.0,char_yrblt,False,,,41.87516673976806,-87.78219900221228
16171170260000,744 S CUYLER AVE,Rest of Oak Park,R-4,small_mf,small_mf,2.0,1,211,char_apts,1914.0,char_yrblt,False,,,41.874606520812534,-87.78270347129344
16171180060000,710 S HIGHLAND AVE,Rest of Oak Park,R-4,small_mf,small_mf,2.0,1,211,char_apts,1901.0,char_yrblt,False,,,41.87586003651302,-87.78151899622785
16171180080000,714 S HIGHLAND AVE,Rest of Oak Park,R-4,small_mf,small_mf,2.0,1,211,char_apts,1919.0,char_yrblt,False,,,41.87572576550346,-87.78151432925637
16171180170000,736 S HIGHLAND AVE,Rest of Oak Park,R-4,small_mf,small_mf,2.0,1,211,char_apts,1908.0,char_yrblt,False,,,41.87496847169993,-87.78148800188906
16171180270000,717 S HARVEY AVE,Rest of Oak Park,R-4,small_mf,small_mf,3.0,1,211,char_apts,1908.0,char_yrblt,False,,,41.87565723448067,-87.78100086900182
16171180280000,721 S HARVEY AVE,Rest of Oak Park,R-4,small_mf,small_mf,2.0,1,211,char_apts,1883.0,char_yrblt,False,,,41.875525002312635,-87.7809962142087
16171190030000,710 S HARVEY AVE,Rest of Oak Park,R-4,small_mf,small_mf,2.0,1,211,char_apts,1903.0,char_yrblt,False,,,41.87594771310652,-87.78030898363238
16171210060000,716 S TAYLOR AVE,Rest of Oak Park,R-4,small_mf,small_mf,4.0,1,211,char_apts,1913.0,char_yrblt,False,,,41.875713646759586,-87.77782227975877
16171220050000,712 S LYMAN AVE,Rest of Oak Park,R-4,small_mf,small_mf,2.0,1,211,char_apts,1913.0,char_yrblt,False,,,41.87586447865861,-87.7766167879405
16171230090000,724 S HUMPHREY AVE 1,Rest of Oak Park,R-4,small_mf,small_mf,2.0,1,211,char_apts,1919.0,char_yrblt,False,,,41.87550861878948,-87.77538716583857
16171230180000,300 S AUSTIN BLVD,Rest of Oak Park,R-7,small_mf,small_mf,6.0,1,211,char_apts,1957.0,char_yrblt,False,,,41.87627220495232,-87.7749011061286
16171230190000,306 S AUSTIN BLVD,Rest of Oak Park,R-7,small_mf,small_mf,4.0,1,211,char_apts,1955.0,char_yrblt,False,,,41.876134172127095,-87.77489606570629
16171230200000,310 S AUSTIN BLVD,Rest of Oak Park,R-7,small_mf,small_mf,4.0,1,211,char_apts,1954.0,char_yrblt,False,,,41.875996825507166,-87.77489105548798
16171230210000,314 S AUSTIN BLVD,Rest of Oak Park,R-7,small_mf,small_mf,4.0,1,211,char_apts,1954.0,char_yrblt,False,,,41.875859477986495,-87.77488604586921
16171230220000,318 S AUSTIN BLVD,Rest of Oak Park,R-7,small_mf,small_mf,5.0,1,211,char_apts,1954.0,char_yrblt,False,,,41.8757221315415,-87.7748810556154
16171230230000,322 S AUSTIN BLVD,Rest of Oak Park,R-7,small_mf,small_mf,4.0,1,211,char_apts,1954.0,char_yrblt,False,,,41.87558478491441,-87.77487606317439
16171230240000,326 S AUSTIN BLVD,Rest of Oak Park,R-7,large_mf,large_mf,32.0,1,315,commval_2023,1924.0,commval,False,,,41.87531009146858,-87.77486600674476
16171230250000,336 S AUSTIN BLVD,Rest of Oak Park,R-7,large_mf,large_mf,41.0,1,315,commval_2023,1928.0,commval,False,,,41.874829377227805,-87.7748484712214
16171240030000,806 S RIDGELAND AVE,Rest of Oak Park,R-4,small_mf,small_mf,6.0,1,211,char_apts,1918.0,char_yrblt,False,,,41.8740571730395,-87.78391484308125
16171240290000,350 HARRISON ST,Rest of Oak Park,HS,large_mf,large_mf,4.0,1,318,commval_2023,1907.0,commval,False,,,41.87290358054731,-87.78395418918635
16171240330000,334 HARRISON ST,Rest of Oak Park,HS,small_mf,small_mf,4.0,1,212,char_apts,1916.0,char_yrblt,False,,,41.87291223973165,-87.78338381091316
16171250160000,842 S CUYLER AVE 12,Rest of Oak Park,R-7,small_mf,small_mf,2.0,1,211,char_apts,1913.0,char_yrblt,False,,,41.8728541321217,-87.78264266401825
16171250180000,801 S HIGHLAND AVE,Rest of Oak Park,R-4,small_mf,small_mf,2.0,1,211,char_apts,1914.0,char_yrblt,False,,,41.874359483367,-87.78217150503637
16171260190000,844 S HIGHLAND AVE,Rest of Oak Park,R-7,small_mf,small_mf,2.0,1,211,char_apts,1921.0,char_yrblt,False,,,41.872807332985985,-87.78141162181515
16171260210000,805 S HARVEY AVE,Rest of Oak Park,R-4,small_mf,small_mf,2.0,1,211,char_apts,1920.0,char_yrblt,False,,,41.87420091650259,-87.78094837072392
16171260260000,819 S HARVEY AVE,Rest of Oak Park,R-4,small_mf,small_mf,2.0,1,211,char_apts,1908.0,char_yrblt,False,,,41.8737563802273,-87.78093242614085
16171270020000,804 S HARVEY AVE,Rest of Oak Park,R-4,small_mf,small_mf,2.0,1,211,char_apts,1913.0,char_yrblt,False,,,41.874192472425165,-87.78024560685795
16171270180000,226 HARRISON ST,Rest of Oak Park,HS,small_mf,small_mf,6.0,1,212,char_apts,1924.0,char_yrblt,False,,,41.87285571953137,-87.78019778805003
16171270260000,817 S LOMBARD AVE,Rest of Oak Park,R-4,small_mf,small_mf,2.0,1,211,char_apts,1899.0,char_yrblt,False,,,41.87385130259902,-87.77972109994693
16171270290000,825 S LOMBARD AVE,Rest of Oak Park,R-4,small_mf,small_mf,4.0,1,211,char_apts,1913.0,char_yrblt,False,,,41.87354678817307,-87.77971009535625
16171270480000,200 W HARRISON ST,Rest of Oak Park,HS,small_mf,small_mf,2.0,1,212,char_apts,1919.0,char_yrblt,False,,,41.8729336238843,-87.7795036245648
16171270530000,210 W HARRISON ST,Rest of Oak Park,HS,small_mf,small_mf,2.0,1,212,char_apts,1919.0,char_yrblt,False,,,41.87289407315825,-87.77986864271588
16171280150000,146 HARRISON ST,Rest of Oak Park,HS,small_mf,small_mf,2.0,1,212,char_apts,1962.0,char_yrblt,False,,,41.87293736953716,-87.77908448269393
16171280160000,144 HARRISON ST,Rest of Oak Park,HS,large_mf,large_mf,14.0,2,318,commval_2023,1928.0,commval,False,,,41.87292965639885,-87.77892993700968
16171280260000,821 S TAYLOR AVE,Rest of Oak Park,R-4,small_mf,small_mf,2.0,1,211,char_apts,1913.0,char_yrblt,False,,,41.87364397566016,-87.77845041405087
16171280350000,126 HARRISON ST,Rest of Oak Park,HS,small_mf,small_mf,2.0,1,212,char_apts,1918.0,char_yrblt,False,,,41.87286092689198,-87.7784236769927
16171290340000,839 S LYMAN AVE,Rest of Oak Park,R-7,small_mf,small_mf,2.0,1,211,char_apts,1909.0,char_yrblt,False,,,41.87311389527119,-87.77721931447007
16171290350000,841 S LYMAN AVE,Rest of Oak Park,R-7,small_mf,small_mf,2.0,1,211,char_apts,1926.0,char_yrblt,False,,,41.873017255232504,-87.77714271892309
16171290360000,108 W HARRISON ST,Rest of Oak Park,R-7,small_mf,small_mf,4.0,1,211,char_apts,1911.0,char_yrblt,False,,,41.872957792854024,-87.77736740375619
16171290370000,845 S LYMAN AVE,Rest of Oak Park,HS,large_mf,large_mf,7.0,1,318,commval_2023,1930.0,commval,False,,,41.87288464575575,-87.77713838055305
16171300160000,40 HARRISON ST,Rest of Oak Park,R-7,small_mf,small_mf,4.0,1,211,char_apts,1959.0,char_yrblt,False,,,41.87290737619939,-87.77651423239669
1617130030,36 W HARRISON ST,Rest of Oak Park,R-7,condo,large_mf,13.0,13,299,class_rule,1924.0,condo_chars,False,,,41.87291512570536,-87.7759959223107
16171310120000,844 S HUMPHREY AVE,Rest of Oak Park,R-7,large_mf,large_mf,11.0,1,315,commval_2023,1923.0,commval,False,,,41.8729254185765,-87.77529551602632
16171310130000,404 S AUSTIN BLVD,Rest of Oak Park,R-7,large_mf,large_mf,12.0,1,391,commval_2023,1961.0,commval,False,,,41.874442039018504,-87.77483427296659
16171310150000,412 S AUSTIN BLVD,Rest of Oak Park,R-7,large_mf,large_mf,8.0,1,314,commval_2023,1963.0,commval,False,,,41.87405063976175,-87.77482022241517
16171310170000,420 S AUSTIN BLVD 01,Rest of Oak Park,R-7,small_mf,small_mf,4.0,1,211,char_apts,1922.0,char_yrblt,False,,,41.87378739252425,-87.77481076372368
16171310220000,514 S AUSTIN BLVD,Rest of Oak Park,R-7,large_mf,large_mf,13.0,1,315,commval_2023,1924.0,commval,False,,,41.873196478607326,-87.77478958355553
1617131024,408 S AUSTIN BLVD,Rest of Oak Park,R-7,condo,large_mf,7.0,7,299,class_rule,1931.0,condo_chars,False,,,41.87391701348663,-87.77481542320598
1617131025,424 S AUSTIN BLVD,Rest of Oak Park,R-7,condo,large_mf,11.0,11,299,class_rule,1927.0,condo_chars,False,,,41.87371535675367,-87.77480819210308
1617131026,504 S AUSTIN BLVD,Rest of Oak Park,R-7,condo,large_mf,8.0,8,299,class_rule,1929.0,condo_chars,False,,,41.873587246361325,-87.77480360209739
16173000060000,333 HARRISON ST,Rest of Oak Park,HS,small_mf,small_mf,2.0,1,212,char_apts,1960.0,char_yrblt,False,,,41.87238756236422,-87.78345764743128
16173000070000,331 HARRISON ST,Rest of Oak Park,HS,small_mf,small_mf,2.0,1,212,char_apts,1960.0,char_yrblt,False,,,41.87238893143533,-87.78336545854602
16173000080000,327 HARRISON ST,Rest of Oak Park,HS,large_mf,large_mf,36.0,2,318,commval_2023,1925.0,commval,False,,,41.8723912628017,-87.78321045796986
16173000310000,339 HARRISON ST,Rest of Oak Park,HS,small_mf,small_mf,2.0,1,212,default_missing_char_apts,2016.0,char_yrblt,False,,,41.872382714851746,-87.78378081314389
16173000320000,335 W HARRISON ST,Rest of Oak Park,HS,small_mf,small_mf,3.0,1,212,char_apts,1923.0,char_yrblt,False,,,41.8723854817986,-87.78359619849593
16173010020000,315 HARRISON ST,Rest of Oak Park,HS,small_mf,small_mf,6.0,1,211,char_apts,1926.0,char_yrblt,False,,,41.87240123763804,-87.7825490151037
16173010040000,309 HARRISON ST,Rest of Oak Park,HS,large_mf,large_mf,12.0,2,313,commval_2023,1930.0,commval,False,,,41.87240471386073,-87.78231833184242
16173010060000,301 HARRISON ST,Rest of Oak Park,HS,large_mf,large_mf,22.0,1,315,commval_2023,1927.0,commval,False,,,41.87240909623483,-87.78202494652356
16173020080000,235 HARRISON ST,Rest of Oak Park,HS,large_mf,large_mf,12.0,3,315,commval_2023,1962.0,commval,False,,,41.87242100583444,-87.78092259432154
16173020110000,225 HARRISON ST,Rest of Oak Park,HS,large_mf,large_mf,9.0,1,318,commval_2023,1929.0,commval,False,,,41.87237259924801,-87.7805988221027
16173020200000,238 FLOURNOY ST 1,Rest of Oak Park,R-4,small_mf,small_mf,2.0,1,211,char_apts,1908.0,char_yrblt,False,,,41.87202423518694,-87.78109250058486
16173020230000,230 FLOURNOY ST 1,Rest of Oak Park,R-4,small_mf,small_mf,2.0,1,211,char_apts,1923.0,char_yrblt,False,,,41.87203000708571,-87.78070641593014
16173020240000,226 FLOURNOY ST 1,Rest of Oak Park,R-4,small_mf,small_mf,2.0,1,211,char_apts,1923.0,char_yrblt,False,,,41.872031911543985,-87.78057757946279
16173020310000,905 S LOMBARD AVE,Rest of Oak Park,HS,small_mf,small_mf,2.0,1,212,char_apts,1914.0,char_yrblt,False,,,41.872416254700326,-87.77966819363938
16173020360000,919 S LOMBARD AVE,Rest of Oak Park,R-4,small_mf,small_mf,2.0,1,211,char_apts,1924.0,char_yrblt,False,,,41.87191759348574,-87.77965065036952
16173020370000,900 S HIGHLAND AVE,Rest of Oak Park,HS,small_mf,small_mf,2.0,1,211,char_apts,1908.0,char_yrblt,False,,,41.87251224134732,-87.78148538982919
16173040010000,149 HARRISON ST,Rest of Oak Park,HS,small_mf,small_mf,4.0,1,212,char_apts,1913.0,char_yrblt,False,,,41.872522539763885,-87.77909357795163
16173040020000,908 S LOMBARD AVE,Rest of Oak Park,HS,small_mf,small_mf,4.0,1,211,char_apts,1924.0,char_yrblt,False,,,41.87235176629858,-87.7790426229484
16173040030000,147 HARRISON ST 1E,Rest of Oak Park,HS,small_mf,small_mf,6.0,1,212,char_apts,1925.0,char_yrblt,False,,,41.87252395157295,-87.77894876386114
16173040040000,141 HARRISON ST,Rest of Oak Park,HS,small_mf,small_mf,2.0,1,212,char_apts,1908.0,char_yrblt,False,,,41.8724537518962,-87.77881152740167
16173040050000,137 HARRISON ST,Rest of Oak Park,HS,large_mf,large_mf,13.0,1,315,commval_2023,1925.0,commval,False,,,41.87245565409019,-87.77867687187903
16173040090000,916 S LOMBARD AVE,Rest of Oak Park,R-4,small_mf,small_mf,6.0,1,211,char_apts,1926.0,char_yrblt,False,,,41.87200006663596,-87.77890495557548
16173050030000,117 HARRISON ST,Rest of Oak Park,R-7,small_mf,small_mf,6.0,1,211,char_apts,1921.0,char_yrblt,False,,,41.872470121191,-87.77763898798656
16173050040000,111 HARRISON ST,Rest of Oak Park,R-7,small_mf,small_mf,6.0,1,211,char_apts,1921.0,char_yrblt,False,,,41.872472645533094,-87.77745754863508
16173050050000,107 HARRISON ST 107B,Rest of Oak Park,R-7,large_mf,large_mf,13.0,1,315,commval_2023,1922.0,commval,False,,,41.87247519794816,-87.77727611022232
16173050060000,101 HARRISON ST,Rest of Oak Park,R-7,large_mf,large_mf,16.0,1,315,commval_2023,1925.0,commval,False,,,41.87247801019795,-87.7770749143819
16173050330000,900 TAYLOR,Rest of Oak Park,R-7,large_mf,large_mf,12.0,1,315,commval_2023,1959.0,commval,False,,,41.87246734650036,-87.77783695074558
16173060010000,45 HARRISON ST,Rest of Oak Park,HS,large_mf,large_mf,35.0,1,318,commval_2023,1929.0,commval,False,,,41.872507040569715,-87.7765243763605
16173060020000,37 HARRISON ST,Rest of Oak Park,HS,large_mf,large_mf,37.0,1,315,commval_2023,1928.0,commval,False,,,41.872489927002995,-87.7762327506585
16173060030000,27 HARRISON ST,Rest of Oak Park,HS,large_mf,large_mf,31.0,1,318,commval_2023,1925.0,commval,False,,,41.87249407812022,-87.77593966577066
16173070010000,21 HARRISON ST,Rest of Oak Park,HS,large_mf,large_mf,15.0,1,318,commval_2023,1923.0,commval,False,,,41.87250197767752,-87.77539102792264
16173070030000,11 HARRISON ST,Rest of Oak Park,HS,small_mf,small_mf,3.0,1,212,char_apts,1901.0,char_yrblt,False,,,41.87250673780135,-87.77506053719503
16173070040000,9 HARRISON ST 2S,Rest of Oak Park,HS,small_mf,small_mf,4.0,1,212,char_apts,1924.0,char_yrblt,False,,,41.87250803132687,-87.77497106612608
16173070210000,618 S AUSTIN BLVD,Rest of Oak Park,R-7,large_mf,large_mf,51.00000000000001,3,315|390,commval_2023,1929.0,commval,False,,,41.87205843686488,-87.77474481376092
1617307035,928 S HUMPHREY AVE,Rest of Oak Park,R-4,condo,large_mf,8.0,8,299,class_rule,1921.0,condo_chars,False,,,41.871641195650895,-87.77524077018515
16173110340000,206 HARVARD ST,Rest of Oak Park,R-4,small_mf,small_mf,2.0,1,211,char_apts,1925.0,char_yrblt,False,,,41.86917394245998,-87.7795563086076
16173130050000,111 GARFIELD ST,Rest of Oak Park,R-7,large_mf,large_mf,12.0,1,315,commval_2023,1929.0,commval,False,,,41.87041425257769,-87.77737797844651
1617313058,115 GARFIELD ST,Rest of Oak Park,R-7,condo,small_mf,6.0,6,299,class_rule,1963.0,condo_chars,False,,,41.87043086405693,-87.77756345645373
16173140010000,47 GARFIELD ST,Rest of Oak Park,R-7,small_mf,small_mf,4.0,1,211,char_apts,1956.0,char_yrblt,False,,,41.87034001289568,-87.7765818011891
16173140020000,47 GARFIELD ST,Rest of Oak Park,R-7,small_mf,small_mf,4.0,1,211,char_apts,1956.0,char_yrblt,False,,,41.87033119305432,-87.77647751658483
16173140030000,41 GARFIELD ST,Rest of Oak Park,R-7,large_mf,large_mf,13.0,1,315,commval_2023,1928.0,commval,False,,,41.87032001267647,-87.77634507166118
16173140040000,39 GARFIELD ST,Rest of Oak Park,R-7,small_mf,small_mf,4.0,1,211,char_apts,1912.0,char_yrblt,False,,,41.870340361768946,-87.77616242486289
16173140050000,1001 S HUMPHREY AVE,Rest of Oak Park,R-7,small_mf,small_mf,2.0,1,211,char_apts,1923.0,char_yrblt,False,,,41.87040963985834,-87.77586986084518
16173140060000,1005 S HUMPHREY AVE,Rest of Oak Park,R-7,small_mf,small_mf,2.0,1,211,char_apts,1923.0,char_yrblt,False,,,41.87032309787625,-87.77586673117878
16173140070000,1007 S HUMPHREY AVE,Rest of Oak Park,R-7,small_mf,small_mf,2.0,1,211,char_apts,1925.0,char_yrblt,False,,,41.87023584302805,-87.77586361187156
16173140080000,1011 S HUMPHREY AVE 1,Rest of Oak Park,R-7,small_mf,small_mf,2.0,1,211,char_apts,1923.0,char_yrblt,False,,,41.87014924657461,-87.77586048377111
16173140200000,1019 S HUMPHREY AVE,Rest of Oak Park,R-4,small_mf,small_mf,2.0,1,211,char_apts,1930.0,char_yrblt,False,,,41.86999704877799,-87.77588190854028
16173140230000,1027 S HUMPHREY AVE,Rest of Oak Park,R-4,small_mf,small_mf,4.0,1,211,char_apts,1916.0,char_yrblt,False,,,41.86967151657183,-87.77586987987961
16173150010000,1016 S HUMPHREY AVE,Rest of Oak Park,R-7,small_mf,small_mf,4.0,1,211,char_apts,1923.0,char_yrblt,False,,,41.87023633988302,-87.7753621201307
16173150020000,17 GARFIELD ST 1E,Rest of Oak Park,R-7,small_mf,small_mf,4.0,1,211,char_apts,1925.0,char_yrblt,False,,,41.87022431354029,-87.77521312396152
16173150030000,13 GARFIELD ST,Rest of Oak Park,R-7,small_mf,small_mf,5.0,1,211,char_apts,1923.0,char_yrblt,False,,,41.87020864932744,-87.77502788473367
16173150040000,7 GARFIELD ST,Rest of Oak Park,R-7,small_mf,small_mf,4.0,1,211,char_apts,1923.0,char_yrblt,False,,,41.870242439227866,-87.77483820329547
16173150080000,1022 S HUMPHREY AVE,Rest of Oak Park,R-4,small_mf,small_mf,2.0,1,211,char_apts,1892.0,char_yrblt,False,,,41.86985269836059,-87.77517053630584
16173150160000,814 S AUSTIN BLVD,Rest of Oak Park,R-7,large_mf,large_mf,25.0,1,315,commval_2023,1925.0,commval,False,,,41.86987405890139,-87.77465932909953
16173150170000,822 S AUSTIN BLVD,Rest of Oak Park,R-7,large_mf,large_mf,62.0,2,315,commval_2023,1926.0,commval,False,,,41.86950670188046,-87.77464574790541
16173150200000,810 S AUSTIN BLVD,Rest of Oak Park,R-7,small_mf,small_mf,2.0,1,211,char_apts,1911.0,char_yrblt,False,,,41.87005706895566,-87.7745903095927
16173170230000,1111 S HIGHLAND AVE,Rest of Oak Park,R-4,small_mf,small_mf,2.0,1,211,char_apts,1907.0,char_yrblt,False,,,41.868523826143814,-87.78196647350835
16173170340000,1137 S HIGHLAND AVE,Rest of Oak Park,R-4,small_mf,small_mf,2.0,1,211,char_apts,1909.0,char_yrblt,False,,,41.867653201918486,-87.78193613682575
16173180170000,1140 S HIGHLAND AVE,Rest of Oak Park,R-4,small_mf,small_mf,2.0,1,211,char_apts,1905.0,char_yrblt,False,,,41.86752604428558,-87.78122455862999
16173180380000,1141 S HARVEY AVE 2,Rest of Oak Park,R-4,small_mf,small_mf,2.0,1,211,char_apts,1898.0,char_yrblt,False,,,41.867464519789266,-87.78069997295488
16173200010000,1100 S LOMBARD AVE,Rest of Oak Park,R-4,small_mf,small_mf,2.0,1,211,char_apts,1903.0,char_yrblt,False,,,41.86893163181999,-87.7787993777079
16173200100000,1120 S LOMBARD AVE,Rest of Oak Park,R-4,small_mf,small_mf,2.0,1,211,char_apts,1916.0,char_yrblt,False,,,41.86824555976963,-87.77877496262846
16173200110000,1122 S LOMBARD AVE,Rest of Oak Park,R-4,small_mf,small_mf,2.0,1,211,char_apts,1915.0,char_yrblt,False,,,41.86817699625817,-87.77877251118565
16173200120000,1124 S LOMBARD AVE,Rest of Oak Park,R-4,small_mf,small_mf,3.0,1,211,char_apts,1916.0,char_yrblt,False,,,41.86810840538476,-87.77877005369342
16173200130000,1126 S LOMBARD AVE,Rest of Oak Park,R-4,small_mf,small_mf,2.0,1,211,char_apts,1918.0,char_yrblt,False,,,41.86803978695288,-87.77876761937145
16173200140000,1130 S LOMBARD AVE,Rest of Oak Park,R-4,small_mf,small_mf,2.0,1,211,char_apts,1916.0,char_yrblt,False,,,41.86793696981941,-87.7787639896276
16173200150000,1132 S LOMBARD AVE,Rest of Oak Park,R-4,small_mf,small_mf,2.0,1,211,char_apts,1916.0,char_yrblt,False,,,41.86783406949461,-87.77876029197606
16173200180000,1138 S LOMBARD AVE 1,Rest of Oak Park,R-4,small_mf,small_mf,2.0,1,211,char_apts,1914.0,char_yrblt,False,,,41.86762832457231,-87.77875296520526
16173200260000,1113 S TAYLOR AVE,Rest of Oak Park,R-4,small_mf,small_mf,3.0,1,211,char_apts,1898.0,char_yrblt,False,,,41.868527181696095,-87.77827635406581
16173200300000,1121 S TAYLOR AVE,Rest of Oak Park,R-4,small_mf,small_mf,2.0,1,211,char_apts,1894.0,char_yrblt,False,,,41.86825284562455,-87.77826655833718
16173210310000,1123 S LYMAN AVE,Rest of Oak Park,R-4,small_mf,small_mf,2.0,1,211,char_apts,1911.0,char_yrblt,False,,,41.86820170056557,-87.77704307640667
16173220250000,1117 S HUMPHREY AVE 2,Rest of Oak Park,R-4,small_mf,small_mf,2.0,1,211,char_apts,1914.0,char_yrblt,False,,,41.8684218301129,-87.77582360398489
16173230160000,1136 S HUMPHREY AVE,Rest of Oak Park,R-4,small_mf,small_mf,2.0,1,211,char_apts,1913.0,char_yrblt,False,,,41.867749588279295,-87.77509840498014
16173230260000,914 S AUSTIN BLVD,Rest of Oak Park,R-7,small_mf,small_mf,4.0,1,211,char_apts,1924.0,char_yrblt,False,,,41.86861422366368,-87.77461917731355
16173230290000,924 S AUSTIN BLVD,Rest of Oak Park,R-7,small_mf,small_mf,4.0,1,211,char_apts,1923.0,char_yrblt,False,,,41.86820275925748,-87.77460407220624
16173230320000,1000 S AUSTIN BLVD,Rest of Oak Park,R-7,large_mf,large_mf,25.0,1,315,commval_2023,1925.0,commval,False,,,41.867791265938706,-87.77458893127972
16173230330000,1008 S AUSTIN BLVD,Rest of Oak Park,R-7,large_mf,large_mf,8.0,2,314,commval_2023,1964.0,commval,False,,,41.867619829138974,-87.77458265916869
1617323036,916 AUSTIN AVE,Rest of Oak Park,R-7,condo,large_mf,10.0,10,299,class_rule,1923.0,predecessor_chars,False,,1923.0,41.86847706925269,-87.7746141668311
16173240350000,6340 ROOSEVELT RD,Rest of Oak Park,RR,small_mf,small_mf,4.0,1,212,char_apts,1927.0,char_yrblt,False,,,41.86560132157037,-87.78352786201563
16173240370000,6332 ROOSEVELT RD,Rest of Oak Park,RR,small_mf,small_mf,2.0,1,212,char_apts,1926.0,char_yrblt,False,,,41.86560673588176,-87.78316265387775
16173250440000,1178 S CUYLER AVE,Rest of Oak Park,R-4,small_mf,small_mf,2.0,1,211,char_apts,1906.0,char_yrblt,False,,,41.86607298006224,-87.78240614740324
16173270040000,1158 S HARVEY AVE,Rest of Oak Park,R-4,small_mf,small_mf,2.0,1,211,char_apts,1909.0,char_yrblt,False,,,41.86685807215561,-87.77998309710874
16173270290000,1173 S LOMBARD AVE,Rest of Oak Park,R-4,small_mf,small_mf,2.0,1,211,char_apts,1888.0,char_yrblt,False,,,41.86628304118674,-87.77945384252872
16173270350000,6222 ROOSEVELT RD,Rest of Oak Park,RR,small_mf,small_mf,5.0,1,212,char_apts,1913.0,char_yrblt,False,,,41.86564936773491,-87.78006938684547
16173270360000,6216 ROOSEVELT RD,Rest of Oak Park,RR,small_mf,small_mf,4.0,1,212,char_apts,1963.0,char_yrblt,False,,,41.865651091929955,-87.77993169903517
16173270400000,6200 ROOSEVELT RD,Rest of Oak Park,RR,small_mf,small_mf,3.0,1,212,char_apts,1908.0,char_yrblt,False,,,41.8656602834892,-87.77924266820199
16173280330000,6140 ROOSEVELT RD,Rest of Oak Park,RR,small_mf,small_mf,2.0,1,212,char_apts,1934.0,char_yrblt,False,,,41.86566854536618,-87.77861198265478
16173280350000,6126 ROOSEVELT RD,Rest of Oak Park,RR,large_mf,large_mf,36.0,1,318,commval_2023,1929.0,commval,False,,,41.86567528042043,-87.77814310215521
16173290220000,1163 S LYMAN AVE,Rest of Oak Park,R-4,small_mf,small_mf,2.0,1,211,char_apts,1910.0,char_yrblt,False,,,41.86666215223889,-87.77698802460858
16173290240000,1171 S LYMAN AVE,Rest of Oak Park,R-4,small_mf,small_mf,2.0,1,211,char_apts,1908.0,char_yrblt,False,,,41.86642212528646,-87.77697942385353
16173290300000,6120 W ROOSEVELT RD,Rest of Oak Park,RR,large_mf,large_mf,4.0,1,318,commval_2023,1922.0,commval,False,,,41.86568367359286,-87.77755781083913
16173290310000,6114 ROOSEVELT RD,Rest of Oak Park,RR,small_mf,small_mf,4.0,1,212,char_apts,1918.0,char_yrblt,False,,,41.86568650683935,-87.77736067552408
16173290320000,6112 ROOSEVELT RD,Rest of Oak Park,RR,small_mf,small_mf,2.0,1,212,char_apts,1918.0,char_yrblt,False,,,41.86568788361289,-87.77726522863472
16173290330000,6110 ROOSEVELT RD,Rest of Oak Park,RR,small_mf,small_mf,2.0,1,212,char_apts,1918.0,char_yrblt,False,,,41.865689260212655,-87.77716983693026
16173290340000,6108 ROOSEVELT RD,Rest of Oak Park,RR,small_mf,small_mf,4.0,1,212,char_apts,1922.0,char_yrblt,False,,,41.86569061816786,-87.7770762261419
16173300010000,1152 S LYMAN AVE 3,Rest of Oak Park,R-4,small_mf,small_mf,3.0,1,211,char_apts,1913.0,char_yrblt,False,,,41.86712865395701,-87.77629844649147
16173300170000,1155 S HUMPHREY AVE,Rest of Oak Park,R-4,small_mf,small_mf,2.0,1,211,char_apts,1909.0,char_yrblt,False,,,41.8669884128654,-87.7757705482602
16173300210000,1165 S HUMPHREY AVE,Rest of Oak Park,R-4,small_mf,small_mf,2.0,1,211,char_apts,1898.0,char_yrblt,False,,,41.86664548349667,-87.77575783511435
16173300260000,1179 S HUMPHREY AVE,Rest of Oak Park,R-4,small_mf,small_mf,2.0,1,211,char_apts,1913.0,char_yrblt,False,,,41.866165454060706,-87.77574006833561
16173300310000,6040 ROOSEVELT RD,Rest of Oak Park,RR,small_mf,small_mf,3.0,1,212,char_apts,1903.0,char_yrblt,False,,,41.86570432753224,-87.77612269542708
16173300350000,6032 ROOSEVELT RD,Rest of Oak Park,RR,small_mf,small_mf,4.0,1,212,char_apts,1941.0,char_yrblt,False,,,41.865709599090835,-87.77575563227995
16173300360000,6030 ROOSEVELT RD,Rest of Oak Park,RR,small_mf,small_mf,3.0,1,212,char_apts,1918.0,char_yrblt,False,,,41.86571090908016,-87.77566387545403
16173300370000,6026 ROOSEVELT RD,Rest of Oak Park,RR,small_mf,small_mf,2.0,1,212,char_apts,1966.0,char_yrblt,False,,,41.865712463819555,-87.77555442147916
16173300380000,1167 S HUMPHREY AVE,Rest of Oak Park,R-4,small_mf,small_mf,3.0,1,211,char_apts,1913.0,char_yrblt,False,,,41.86652058969021,-87.77575321476431
16173310150000,1028 S AUSTIN BLVD 1,Rest of Oak Park,R-7,small_mf,small_mf,2.0,1,211,char_apts,1913.0,char_yrblt,False,,,41.86691552400362,-87.77455627996659
16173310160000,1032 S AUSTIN BLVD,Rest of Oak Park,R-7,small_mf,small_mf,2.0,1,211,char_apts,1914.0,char_yrblt,False,,,41.86679555054592,-87.77455170830217
16173310190000,1106 S AUSTIN BLVD,Rest of Oak Park,R-7,small_mf,small_mf,2.0,1,211,char_apts,1900.0,char_yrblt,False,,,41.86652118331766,-87.77454126369443
16173310200000,1108 S AUSTIN BLVD,Rest of Oak Park,R-7,small_mf,small_mf,2.0,1,211,char_apts,1929.0,char_yrblt,False,,,41.86645264674014,-87.77453865102243
16173310210000,1110 S AUSTIN BLVD,Rest of Oak Park,R-7,small_mf,small_mf,4.0,1,211,char_apts,1918.0,char_yrblt,False,,,41.86638079168593,-87.7745359090062
16173310220000,1114 S AUSTIN BLVD,Rest of Oak Park,R-7,small_mf,small_mf,4.0,1,211,char_apts,1924.0,char_yrblt,False,,,41.86624689890404,-87.77453080322113
16173310230000,1180 S HUMPHREY AVE,Rest of Oak Park,R-4,large_mf,large_mf,30.999999999999996,3,315|390,commval_2023,1929.0,commval,False,,,41.86603425112655,-87.7750340436755
1617331037,1024 S AUSTIN BLVD,Rest of Oak Park,R-7,condo,large_mf,12.0,12,299,class_rule,1933.0,condo_chars,False,,,41.86714814549536,-87.77456517161797
16181000010000,1147 MADISON ST,Rest of Oak Park,MS,small_mf,small_mf,2.0,1,212,char_apts,1923.0,char_yrblt,False,,,41.87932920797882,-87.8045467075999
16181020010000,1049 MADISON ST,Rest of Oak Park,MS,large_mf,large_mf,21.0,1,318,commval_2023,1925.0,commval,False,,,41.879369849116166,-87.80208477063701
16181020240000,1035 MADISON ST,Rest of Oak Park,MS,large_mf,large_mf,89.0,1,397,estimate_av/class,,unknown,False,,,41.87937791070844,-87.80159722176151
16181030050000,1011 MADISON ST,Rest of Oak Park,MS,small_mf,small_mf,4.0,1,212,char_apts,1913.0,char_yrblt,False,,,41.8793972582917,-87.80042491880101
16181030060000,1007 MADISON ST,Rest of Oak Park,MS,small_mf,small_mf,4.0,1,212,char_apts,1918.0,char_yrblt,False,,,41.87939944407307,-87.80029274316824
16181030070000,1001 MADISON ST,Rest of Oak Park,MS,small_mf,small_mf,4.0,1,212,char_apts,1922.0,char_yrblt,False,,,41.87940238100545,-87.80011559846758
1618103021,512 WENONAH AVE,Rest of Oak Park,R-3-35,condo,small_mf,6.0,6,299,class_rule,1913.0,condo_chars,False,,,41.87910841258022,-87.8007179998992
16181060130000,515 CARPENTER AVE,Rest of Oak Park,R-3-35,small_mf,small_mf,2.0,1,211,char_apts,1898.0,char_yrblt,False,,,41.87908488159471,-87.79648939242108
16181080210000,523 S OAK PARK AVE,Rest of Oak Park,R-3-35,small_mf,small_mf,2.0,1,211,char_apts,1913.0,char_yrblt,False,,,41.878775893251664,-87.7945762493344
16181080230000,529 S OAK PARK AVE,Rest of Oak Park,R-3-35,small_mf,small_mf,2.0,1,211,char_apts,1966.0,char_yrblt,False,,,41.87850153255515,-87.79456667597512
16181090080000,631 S MAPLE AVE,Rest of Oak Park,R-7,large_mf,large_mf,10.0,1,315,commval_2023,1968.0,commval,False,,,41.877058931008186,-87.80420509084317
16181090090000,633 S MAPLE AVE,Rest of Oak Park,R-7,large_mf,large_mf,10.0,1,314,commval_2023,1968.0,commval,False,,,41.87692177822147,-87.80420013036563
16181090170000,713 S MAPLE AVE,Rest of Oak Park,R-7,small_mf,small_mf,2.0,1,211,char_apts,1878.0,char_yrblt,False,,,41.87633187787702,-87.80402241310114
1618109022,621 S MAPLE AVE,Rest of Oak Park,R-7,condo,large_mf,20.0,20,299,class_rule,1971.0,condo_chars,False,,,41.877338386647864,-87.80421522669413
16181100180000,625 WISCONSIN AVE,Rest of Oak Park,R-3-50,small_mf,small_mf,2.0,1,211,char_apts,1918.0,char_yrblt,False,,,41.877221030744025,-87.80265198153793
16181100190000,629 WISCONSIN AVE,Rest of Oak Park,R-3-50,small_mf,small_mf,2.0,1,211,char_apts,1918.0,char_yrblt,False,,,41.877083904691546,-87.80264692810164
16181120100000,630 WENONAH AVE,Rest of Oak Park,R-3-35,small_mf,small_mf,2.0,1,211,char_apts,1916.0,char_yrblt,False,,,41.87715349421434,-87.80064830737223
1618112025,632 WENONAH AVE,Rest of Oak Park,R-3-35,condo,small_mf,4.0,4,299,class_rule,1915.0,condo_chars,False,,,41.87701636895156,-87.80064340738167
16181170040000,608 S GROVE AVE,Rest of Oak Park,R-3-35,small_mf,small_mf,3.0,1,211,char_apts,1906.0,char_yrblt,False,,,41.877489790807346,-87.79504285142971
16181170140000,601 S OAK PARK AVE,Rest of Oak Park,R-3-35,small_mf,small_mf,2.0,1,211,char_apts,1903.0,char_yrblt,False,,,41.877772951309645,-87.79454127243497
16181180020000,706 S MAPLE AVE 1,Rest of Oak Park,R-3-50,large_mf,large_mf,7.0,1,315,commval_2023,1931.0,commval,False,,,41.87648073684012,-87.80331667720523
16181190070000,714 WISCONSIN AVE,Rest of Oak Park,R-3-35,small_mf,small_mf,2.0,1,211,char_apts,1916.0,char_yrblt,False,,,41.876131794403946,-87.80182737087915
16181190130000,701 WENONAH AVE,Rest of Oak Park,R-3-35,small_mf,small_mf,2.0,1,211,char_apts,1900.0,char_yrblt,False,,,41.87665097126561,-87.80133009300758
16181240100000,730 CARPENTER AVE,Rest of Oak Park,R-3-35,large_mf,large_mf,12.0,1,315,commval_2023,1915.0,commval,False,,,41.87564946713836,-87.79591987142862
16181250030000,708 S GROVE AVE,Rest of Oak Park,R-3-35,small_mf,small_mf,2.0,1,211,char_apts,1920.0,char_yrblt,False,,,41.87566546895785,-87.79497908804427
16181250040000,716 S GROVE AVE,Rest of Oak Park,R-3-35,small_mf,small_mf,2.0,1,211,char_apts,1908.0,char_yrblt,False,,,41.875528260552954,-87.79497430732218
16181250100000,738 S GROVE AVE,Rest of Oak Park,R-3-35,small_mf,small_mf,2.0,1,211,char_apts,1914.0,char_yrblt,False,,,41.87470526097002,-87.79494554409622
16181250170000,713 S OAK PARK AVE,Rest of Oak Park,R-3-35,small_mf,small_mf,2.0,1,211,char_apts,1910.0,char_yrblt,False,,,41.87553711571039,-87.79446333394782
16181250190000,721 S OAK PARK AVE,Rest of Oak Park,R-3-35,small_mf,small_mf,2.0,1,211,char_apts,1911.0,char_yrblt,False,,,41.87526275513039,-87.794453741667
16181250200000,725 S OAK PARK AVE,Rest of Oak Park,R-3-35,small_mf,small_mf,2.0,1,211,char_apts,1908.0,char_yrblt,False,,,41.87512560206969,-87.79444894545199
16181250240000,741 S OAK PARK AVE,Rest of Oak Park,R-3-35,small_mf,small_mf,2.0,1,211,char_apts,1914.0,char_yrblt,False,,,41.87457693612534,-87.7944298342653
16181250250000,745 S OAK PARK AVE,Rest of Oak Park,R-3-35,small_mf,small_mf,2.0,1,211,char_apts,1920.0,char_yrblt,False,,,41.874440359420944,-87.79442507119157
1618126021,727 S MAPLE AVE,Rest of Oak Park,R-3-50,condo,large_mf,20.0,20,299,class_rule,1969.0,condo_chars,False,,,41.87577992295074,-87.80415885964757
16181270050000,812 S MAPLE AVE,Rest of Oak Park,R-3-50,small_mf,small_mf,2.0,1,211,char_apts,1915.0,char_yrblt,False,,,41.87479473843554,-87.80325503650099
16181270070000,820 S MAPLE AVE,Rest of Oak Park,R-3-50,small_mf,small_mf,2.0,1,211,char_apts,1978.0,char_yrblt,False,,,41.874522599794176,-87.80324527778586
16181270080000,822 S MAPLE AVE,Rest of Oak Park,R-3-50,small_mf,small_mf,2.0,1,211,char_apts,1913.0,char_yrblt,False,,,41.87438654473891,-87.8032404015623
16181270100000,832 S MAPLE AVE 2N,Rest of Oak Park,R-3-50,small_mf,small_mf,5.0,1,211,char_apts,1915.0,char_yrblt,False,,,41.874114434437665,-87.80323064245633
1618127026,814 S MAPLE AVE,Rest of Oak Park,R-3-50,condo,large_mf,14.0,14,299,class_rule,1928.0,condo_chars,False,,,41.87465868338114,-87.80325017623389
1618127027,1118 HARRISON ST,Rest of Oak Park,R-3-50,condo,large_mf,22.0,22,299,class_rule,1927.0,condo_chars,False,,,41.87396352404075,-87.80322523316141
16181280010000,800 WISCONSIN AVE,Rest of Oak Park,R-3-35,small_mf,small_mf,2.0,1,211,char_apts,1908.0,char_yrblt,False,,,41.875196587258664,-87.80179319156045
16181290190000,801 HOME AVE,Rest of Oak Park,R-3-35,small_mf,small_mf,2.0,1,211,char_apts,1908.0,char_yrblt,False,,,41.87522594706003,-87.80006441560116
16181320230000,801 CARPENTER AVE,Rest of Oak Park,R-3-35,small_mf,small_mf,2.0,1,211,char_apts,1909.0,char_yrblt,False,,,41.87532099496419,-87.79635933283174
16181320250000,809 CARPENTER AVE,Rest of Oak Park,R-3-35,small_mf,small_mf,2.0,1,211,char_apts,1908.0,char_yrblt,False,,,41.87504674501258,-87.79634987909563
16181320300000,825 CARPENTER AVE,Rest of Oak Park,R-3-35,small_mf,small_mf,2.0,1,211,char_apts,1910.0,char_yrblt,False,,,41.87449813477849,-87.79633097189102
16181320320000,833 CARPENTER AVE,Rest of Oak Park,R-3-35,small_mf,small_mf,2.0,1,211,char_apts,1911.0,char_yrblt,False,,,41.87422424130921,-87.7963215238479
16181330030000,808 CARPENTER AVE,Rest of Oak Park,R-3-35,small_mf,small_mf,6.0,1,211,char_apts,1914.0,char_yrblt,False,,,41.875074644172315,-87.79589976013906
16181330040000,812 CARPENTER AVE,Rest of Oak Park,R-3-35,small_mf,small_mf,6.0,1,211,char_apts,1914.0,char_yrblt,False,,,41.874934489719365,-87.79589483388932
16181330230000,831 S GROVE AVE,Rest of Oak Park,R-3-35,small_mf,small_mf,2.0,1,211,char_apts,1908.0,char_yrblt,False,,,41.87433145493577,-87.79555813710357
16181340220000,830 HARRISON ST,Rest of Oak Park,R-3-35,small_mf,small_mf,2.0,1,211,char_apts,1965.0,char_yrblt,False,,,41.87308119226018,-87.79551444401031
16181350110000,812 HARRISON ST,Rest of Oak Park,NC,large_mf,large_mf,9.0,1,318,estimate_av/class,1911.0,char_yrblt_anyyear,False,,,41.87303747536068,-87.79488750437652
16181350150000,813 S OAK PARK AVE,Rest of Oak Park,NC,small_mf,small_mf,6.0,1,212,char_apts,1924.0,char_yrblt,False,,,41.87371122966332,-87.79439991268657
16181350160000,823 S OAK PARK AVE,Rest of Oak Park,NC,large_mf,large_mf,12.0,1,318,commval_2023,1924.0,commval,False,,,41.87344089374686,-87.79439046080577
16181350190000,841 S OAK PARK AVE,Rest of Oak Park,NC,large_mf,large_mf,21.0,1,318,commval_2023,1911.0,commval,False,,,41.87302138495875,-87.79437583222257
16181350210000,801 VAN BUREN ST,Rest of Oak Park,NC,large_mf,large_mf,31.0,1,318,estimate_av/class,2023.0,class_history,False,,,41.87398956027917,-87.7944096075982
16182000060000,512 S OAK PARK AVE,Rest of Oak Park,R-3-35,small_mf,small_mf,2.0,1,211,char_apts,1923.0,char_yrblt,False,,,41.879147376735155,-87.79388517113497
16182000080000,520 S OAK PARK AVE,Rest of Oak Park,R-3-35,small_mf,small_mf,2.0,1,211,char_apts,1898.0,char_yrblt,False,,,41.878842835389264,-87.79387465191985
16182000180000,515 S EUCLID AVE,Rest of Oak Park,R-3-35,small_mf,small_mf,2.0,1,211,char_apts,1917.0,char_yrblt,False,,,41.87919089785393,-87.79336480675701
16182000190000,517 S EUCLID AVE,Rest of Oak Park,R-3-35,small_mf,small_mf,2.0,1,211,char_apts,1913.0,char_yrblt,False,,,41.87907156783146,-87.79336073611562
1618200032,516 S OAK PARK AVE,Rest of Oak Park,R-3-35,condo,small_mf,4.0,4,299,class_rule,1926.0,condo_chars,False,,,41.8790101964621,-87.79388041259664
16182010320000,725 MADISON ST,Rest of Oak Park,MS,large_mf,large_mf,177.00000000000003,2,397,commval_2023,2022.0,commval,False,,,41.87944479643942,-87.79312840155333
16182020010000,649 MADISON ST,Rest of Oak Park,MS,large_mf,large_mf,16.0,1,318,commval_2023,1924.0,commval,False,,,41.8794720566348,-87.79158980526444
16182020030000,641 MADISON ST,Rest of Oak Park,MS,small_mf,small_mf,2.0,1,212,char_apts,1913.0,char_yrblt,False,,,41.8794759992517,-87.79136671213764
16182020050000,633 MADISON ST,Rest of Oak Park,MS,small_mf,small_mf,2.0,1,212,char_apts,1923.0,char_yrblt,False,,,41.87948221129912,-87.79101428877584
1618202034,642 ADAMS ST,Rest of Oak Park,R-3-35,condo,large_mf,11.0,11,299,class_rule,1913.0,condo_chars,False,,,41.87812358531285,-87.79140187118819
16182030030000,617 MADISON ST,Rest of Oak Park,MS,small_mf,small_mf,2.0,1,211,char_apts,1885.0,char_yrblt,False,,,41.879496163245705,-87.79022691635464
16182030080000,603 MADISON ST,Rest of Oak Park,MS,small_mf,small_mf,6.0,1,212,char_apts,1930.0,char_yrblt,False,,,41.87950706695947,-87.78960826429702
16182030300000,535 S EAST AVE,Rest of Oak Park,R-3-35,small_mf,small_mf,2.0,1,211,char_apts,1913.0,char_yrblt,False,,,41.878501400466675,-87.78967047420682
16182040150000,534 S EAST AVE,Rest of Oak Park,R-3-35,small_mf,small_mf,2.0,1,211,char_apts,1901.0,char_yrblt,False,,,41.87848233403008,-87.78896498593252
16182040250000,525 S SCOVILLE AVE,Rest of Oak Park,R-3-35,small_mf,small_mf,2.0,1,211,char_apts,1896.0,char_yrblt,False,,,41.87886868695398,-87.78845933680233
16182040400000,508 S EAST AVE,Rest of Oak Park,MS,small_mf,small_mf,3.0,1,211,char_apts,1916.0,char_yrblt,False,,,41.87942424340292,-87.78908063032164
16182050060000,513 MADISON ST,Rest of Oak Park,MS,small_mf,small_mf,4.0,1,212,char_apts,1922.0,char_yrblt,False,,,41.87959734318679,-87.78756428166687
16182050090000,501 MADISON ST,Rest of Oak Park,MS,small_mf,small_mf,5.0,1,212,char_apts,1893.0,char_yrblt,False,,,41.87955086382519,-87.78713282656847
16182050180000,530 S SCOVILLE AVE,Rest of Oak Park,R-3-35,small_mf,small_mf,6.0,1,211,char_apts,1916.0,char_yrblt,False,,,41.87860689219662,-87.78774402832516
16182050360000,543 GUNDERSON AVE 2,Rest of Oak Park,R-3-35,small_mf,small_mf,2.0,1,211,char_apts,1912.0,char_yrblt,False,,,41.87827313794175,-87.78721333124675
16182050370000,545 GUNDERSON AVE,Rest of Oak Park,R-3-35,small_mf,small_mf,2.0,1,211,char_apts,1914.0,char_yrblt,False,,,41.878187256368115,-87.78721042043844
16182050390000,508 S SCOVILLE AVE 1,Rest of Oak Park,MS,small_mf,small_mf,3.0,1,211,char_apts,1916.0,char_yrblt,False,,,41.87942241241028,-87.7878040176007
16182060010000,435 MADISON ST,Rest of Oak Park,MS,large_mf,large_mf,42.0,2,391,commval_2023,2023.0,commval,False,,,41.8795481257381,-87.78671298643702
16182080010000,600 S OAK PARK AVE,Rest of Oak Park,R-3-35,small_mf,small_mf,2.0,1,211,char_apts,1916.0,char_yrblt,False,,,41.87778707661126,-87.7938381541643
16182080020000,604 S OAK PARK AVE 1,Rest of Oak Park,R-3-35,small_mf,small_mf,3.0,1,211,char_apts,1910.0,char_yrblt,False,,,41.877619661278985,-87.79383235393905
16182090010000,600 S EUCLID AVE,Rest of Oak Park,R-3-35,small_mf,small_mf,2.0,1,211,char_apts,1914.0,char_yrblt,False,,,41.87780818453204,-87.79261384976428
16182090150000,646 S EUCLID AVE,Rest of Oak Park,R-3-35,small_mf,small_mf,2.0,1,211,char_apts,1915.0,char_yrblt,False,,,41.8762655554264,-87.79256103465677
16182110190000,603 S EAST AVE,Rest of Oak Park,R-3-35,small_mf,small_mf,4.0,1,211,char_apts,1909.0,char_yrblt,False,,,41.87785944356643,-87.7896485982562
16182120160000,644 S EAST AVE,Rest of Oak Park,R-3-35,small_mf,small_mf,4.0,1,211,char_apts,1925.0,char_yrblt,False,,,41.87636244041198,-87.78889290416093
16182130040000,608 S SCOVILLE AVE,Rest of Oak Park,R-3-35,small_mf,small_mf,2.0,1,211,char_apts,1893.0,char_yrblt,False,,,41.87761660632542,-87.78771057525913
16182130230000,619 GUNDERSON AVE,Rest of Oak Park,R-3-35,small_mf,small_mf,2.0,1,211,char_apts,1915.0,char_yrblt,False,,,41.87735122254748,-87.78718214543227
16182130360000,502 JACKSON BLVD,Rest of Oak Park,R-3-35,small_mf,small_mf,2.0,1,211,char_apts,1903.0,char_yrblt,False,,,41.87653222628456,-87.78706223575125
16182160140000,736 S OAK PARK AVE,Rest of Oak Park,R-3-35,small_mf,small_mf,2.0,1,211,char_apts,1890.0,char_yrblt,False,,,41.87479688878817,-87.79373453110591
16182160190000,746 S OAK PARK AVE,Rest of Oak Park,R-3-35,small_mf,small_mf,2.0,1,211,char_apts,1918.0,char_yrblt,False,,,41.87441929961832,-87.79372140465722
16182160350000,745 S EUCLID AVE,Rest of Oak Park,R-3-35,small_mf,small_mf,4.0,1,211,char_apts,1918.0,char_yrblt,False,,,41.87443234803072,-87.79320183704183
16182170100000,736 S EUCLID AVE,Rest of Oak Park,R-3-35,small_mf,small_mf,2.0,1,211,char_apts,1913.0,char_yrblt,False,,,41.87474902535488,-87.7925086101429
16182180300000,735 CLARENCE AVE,Rest of Oak Park,R-3-35,small_mf,small_mf,2.0,1,211,char_apts,1909.0,char_yrblt,False,,,41.874886721254256,-87.79077028898124
16182180310000,737 CLARENCE AVE,Rest of Oak Park,R-3-35,small_mf,small_mf,4.0,1,211,char_apts,1915.0,char_yrblt,False,,,41.874779886767136,-87.79076661709536
16182180320000,741 CLARENCE AVE,Rest of Oak Park,R-3-35,large_mf,large_mf,21.0,1,315,commval_2023,1917.0,commval,False,,,41.874574144362725,-87.79075961860005
1618218033,746 S WESLEY AVE,Rest of Oak Park,R-3-35,condo,large_mf,12.0,12,299,class_rule,1931.0,condo_chars,False,,,41.87449655983586,-87.79127582827329
16182190240000,721 S EAST AVE,Rest of Oak Park,R-3-35,small_mf,small_mf,2.0,1,211,char_apts,1916.0,char_yrblt,False,,,41.87534963767378,-87.78956312583156
16182200190000,709 S SCOVILLE AVE,Rest of Oak Park,R-3-35,small_mf,small_mf,3.0,1,211,char_apts,1916.0,char_yrblt,False,,,41.87578002690974,-87.78835470762746
16182210170000,701 GUNDERSON AVE 1,Rest of Oak Park,R-3-35,small_mf,small_mf,2.0,1,211,char_apts,1912.0,char_yrblt,False,,,41.87607499378434,-87.78713897942754
16182210310000,741 GUNDERSON AVE,Rest of Oak Park,R-3-35,small_mf,small_mf,2.0,1,211,char_apts,1916.0,char_yrblt,False,,,41.87470338688573,-87.78709258937576
16182210320000,743 GUNDERSON AVE 1ST,Rest of Oak Park,R-3-35,small_mf,small_mf,2.0,1,211,char_apts,1914.0,char_yrblt,False,,,41.874567414600634,-87.78708798290856
16182240040000,810 S OAK PARK AVE,Rest of Oak Park,NC,small_mf,small_mf,3.0,1,212,char_apts,1922.0,char_yrblt,False,,,41.87379205229317,-87.79369951010477
16182240090000,801 S EUCLID AVE,Rest of Oak Park,R-5,large_mf,large_mf,36.0,1,315,commval_2023,1925.0,commval,False,,,41.87397256924875,-87.79318578237067
16182240100000,813 S EUCLID AVE,Rest of Oak Park,R-5,small_mf,small_mf,2.0,1,211,char_apts,1910.0,char_yrblt,False,,,41.87376405427687,-87.79317858009603
16182240110000,815 S EUCLID AVE,Rest of Oak Park,R-5,small_mf,small_mf,2.0,1,211,char_apts,1911.0,char_yrblt,False,,,41.87363925220113,-87.7931741955761
16182240120000,819 S EUCLID AVE,Rest of Oak Park,R-5,small_mf,small_mf,2.0,1,211,char_apts,1910.0,char_yrblt,False,,,41.87356108336651,-87.79317151066795
16182240130000,821 S EUCLID AVE,Rest of Oak Park,R-5,small_mf,small_mf,2.0,1,211,char_apts,1910.0,char_yrblt,False,,,41.873491121046875,-87.79316907458096
16182240140000,823 S EUCLID AVE,Rest of Oak Park,R-5,small_mf,small_mf,2.0,1,211,char_apts,1910.0,char_yrblt,False,,,41.87338959426445,-87.7931655753959
16182240150000,827 S EUCLID AVE 1,Rest of Oak Park,R-5,small_mf,small_mf,2.0,1,211,char_apts,1910.0,char_yrblt,False,,,41.873290770465374,-87.79316214052513
16182240160000,829 S EUCLID AVE,Rest of Oak Park,R-5,small_mf,small_mf,6.0,1,211,char_apts,1920.0,char_yrblt,False,,,41.87321821499128,-87.7931596235758
1618224031,800 S OAK PARK AVE,Rest of Oak Park,NC,condo,small_mf,4.0,4,299,class_rule,1921.0,condo_chars,False,,,41.87413312823355,-87.79381727760958
1618224032,739 VAN BUREN ST,Rest of Oak Park,NC,condo,small_mf,4.0,4,299,class_rule,1915.0,condo_chars,False,,,41.87413714980829,-87.79358680296832
16182250010000,800 S EUCLID AVE,Rest of Oak Park,R-3-35,small_mf,small_mf,2.0,1,211,char_apts,1909.0,char_yrblt,False,,,41.87417088207839,-87.7924887179299
16182250020000,804 S EUCLID AVE,Rest of Oak Park,R-3-35,small_mf,small_mf,2.0,1,211,char_apts,1913.0,char_yrblt,False,,,41.87406213658192,-87.7924849545611
16182250170000,801 WESLEY AVE,Rest of Oak Park,R-3-35,small_mf,small_mf,2.0,1,211,char_apts,1909.0,char_yrblt,False,,,41.87417995614608,-87.7919684630238
16182260320000,642 HARRISON ST,Rest of Oak Park,R-7,large_mf,large_mf,20.0,1,315,commval_2023,1928.0,commval,False,,,41.872774863566605,-87.79104804327804
1618226036,836 S WESLEY AVE,Rest of Oak Park,R-7,condo,large_mf,25.0,25,299,class_rule,1924.0,condo_chars,False,,,41.872769969486185,-87.7913134738778
16182260370000,628 HARRISON,Rest of Oak Park,R-7,large_mf,large_mf,26.0,1,391,commval_2023,1925.0,commval,False,,,41.87278222289626,-87.79064824501802
16182270240000,847 S EAST AVE,Rest of Oak Park,R-7,small_mf,small_mf,4.0,1,212,char_apts,1929.0,char_yrblt,False,,,41.87280720105736,-87.78929206297192
16182270260000,912 HARRISON,Rest of Oak Park,R-7,large_mf,large_mf,34.0,1,315,commval_2023,1932.0,commval,False,,,41.872794960237,-87.78995844845386
16182280320000,845 S SCOVILLE AVE,Rest of Oak Park,R-7,small_mf,small_mf,2.0,1,211,char_apts,1922.0,char_yrblt,False,,,41.87269764104161,-87.78824838626599
16182290190000,811 GUNDERSON AVE,Rest of Oak Park,R-3-35,small_mf,small_mf,2.0,1,211,char_apts,1913.0,char_yrblt,False,,,41.87391645460262,-87.78706598386346
16182290200000,815 GUNDERSON AVE,Rest of Oak Park,R-3-35,small_mf,small_mf,2.0,1,211,char_apts,1911.0,char_yrblt,False,,,41.87377927498534,-87.78706133449735
16182290210000,817 GUNDERSON AVE,Rest of Oak Park,R-3-35,small_mf,small_mf,2.0,1,211,char_apts,1914.0,char_yrblt,False,,,41.87371071263764,-87.78705901789246
16182290280000,516 HARRISON ST,Rest of Oak Park,R-7,large_mf,large_mf,9.0,2,314,commval_2023,1962.0,commval,False,,,41.87283904063614,-87.78751783777037
16182290300000,514 HARRISON ST,Rest of Oak Park,R-7,large_mf,large_mf,9.0,2,314,commval_2023,1962.0,commval,False,,,41.8728423120381,-87.78733429955389
1618229036,838 S SCOVILLE AVE,Rest of Oak Park,R-7,condo,large_mf,18.0,18,299,class_rule,1923.0,condo_chars,False,,,41.87283628984005,-87.7876724028423
1618230029,430 W HARRISON ST,Rest of Oak Park,R-7,condo,large_mf,14.0,14,299,class_rule,1928.0,condo_chars,False,,,41.87275404748145,-87.78578758990763
16183010070000,916 S MAPLE AVE 1ST,Rest of Oak Park,R-3-50,small_mf,small_mf,2.0,1,211,char_apts,1963.0,char_yrblt,False,,,41.871581856568376,-87.80314450626106
16183020040000,1045 GARFIELD ST,Rest of Oak Park,GC,small_mf,small_mf,2.0,1,212,char_apts,1912.0,char_yrblt,False,,,41.87204945209075,-87.80138371782127
16183020250000,913 WENONAH AVE,Rest of Oak Park,R-3-50,small_mf,small_mf,2.0,1,211,char_apts,1910.0,char_yrblt,False,,,41.8718262498264,-87.80102438228616
16183020260000,917 WENONAH AVE,Rest of Oak Park,R-3-50,small_mf,small_mf,2.0,1,211,char_apts,1911.0,char_yrblt,False,,,41.8716938282148,-87.80101952306839
16183020370000,947 WENONAH AVE,Rest of Oak Park,R-3-50,small_mf,small_mf,2.0,1,211,char_apts,1915.0,char_yrblt,False,,,41.870647116033155,-87.80098107649656
16183030250000,921 HOME AVE,Rest of Oak Park,R-3-50,small_mf,small_mf,2.0,1,211,char_apts,1921.0,char_yrblt,False,,,41.871576790624474,-87.7996097441294
16183030340000,947 HOME AVE,Rest of Oak Park,R-3-50,small_mf,small_mf,2.0,1,211,char_apts,1909.0,char_yrblt,False,,,41.87067515083186,-87.79957729937763
16183030370000,1001 GARFIELD ST,Rest of Oak Park,GC,small_mf,small_mf,3.0,1,212,char_apts,1910.0,char_yrblt,False,,,41.87210426976609,-87.79941598920004
16183040010000,951 GARFIELD ST,Rest of Oak Park,GC,large_mf,large_mf,7.0,1,318,estimate_av/class,1913.0,commval,False,,,41.8721100225338,-87.79883002009407
16183040030000,901 CLINTON AVE,Rest of Oak Park,R-7,large_mf,large_mf,24.0,1,315,commval_2023,1932.0,commval,False,,,41.87212071852053,-87.79820384279745
16183050010000,921 GARFIELD ST,Rest of Oak Park,R-7,large_mf,large_mf,10.0,1,314,commval_2023,1967.0,commval,False,,,41.872197985833566,-87.79753634741043
16183060180000,901 S GROVE AVE,Rest of Oak Park,R-7,large_mf,large_mf,18.0,1,315,commval_2023,1927.0,commval,False,,,41.87204210280569,-87.79567295671978
16183060290000,937 S GROVE AVE,Rest of Oak Park,R-4,small_mf,small_mf,2.0,1,211,char_apts,1916.0,char_yrblt,False,,,41.87101380533659,-87.79563852507084
16183060300000,941 S GROVE AVE,Rest of Oak Park,R-4,small_mf,small_mf,2.0,1,211,char_apts,1916.0,char_yrblt,False,,,41.87091686330602,-87.79563531874786
16183070050000,815 GARFIELD ST,Rest of Oak Park,NC,small_mf,small_mf,2.0,1,212,char_apts,1913.0,char_yrblt,False,,,41.87183657608824,-87.79476899933837
16183070170000,901 S OAK PARK AVE,Rest of Oak Park,NC,small_mf,small_mf,6.0,1,212,char_apts,1908.0,char_yrblt,False,,,41.87194898174178,-87.79431090776698
16183070180000,903 S OAK PARK AVE,Rest of Oak Park,NC,small_mf,small_mf,4.0,1,212,char_apts,1905.0,char_yrblt,False,,,41.87186267864332,-87.79430789839753
16183070190000,905 S OAK PARK AVE,Rest of Oak Park,NC,small_mf,small_mf,4.0,1,212,char_apts,1929.0,char_yrblt,False,,,41.871785140470635,-87.79430520834863
16183070200000,909 S OAK PARK AVE,Rest of Oak Park,NC,small_mf,small_mf,4.0,1,212,char_apts,1920.0,char_yrblt,False,,,41.871638948166265,-87.79430017269334
16183070240000,923 S OAK PARK AVE,Rest of Oak Park,NC,small_mf,small_mf,3.0,1,211,char_apts,1903.0,char_yrblt,False,,,41.87116762288973,-87.79433339661256
16183070250000,925 S OAK PARK AVE,Rest of Oak Park,NC,small_mf,small_mf,3.0,1,211,char_apts,1903.0,char_yrblt,False,,,41.87109908761893,-87.79433105671635
1618307034,929 S OAK PARK AVE,Rest of Oak Park,NC,condo,large_mf,12.0,12,299,class_rule,1967.0,condo_chars,False,,,41.870966294855904,-87.79432649739039
1618307035,915 S OAK PARK AVE,Rest of Oak Park,NC,condo,large_mf,9.0,9,299,class_rule,2003.0,condo_chars_newbuild,False,,,41.871432404063306,-87.79434249526474
16183090040000,1016 S MAPLE AVE,Rest of Oak Park,R-3-50,small_mf,small_mf,2.0,1,211,char_apts,1908.0,char_yrblt,False,,,41.869793954258256,-87.80308115160639
16183090050000,1018 S MAPLE AVE,Rest of Oak Park,R-3-50,small_mf,small_mf,2.0,1,211,char_apts,1909.0,char_yrblt,False,,,41.8696850846183,-87.80307729432295
16183090060000,1022 S MAPLE AVE,Rest of Oak Park,R-3-50,small_mf,small_mf,2.0,1,211,char_apts,1908.0,char_yrblt,False,,,41.86961104702549,-87.80307465838308
16183090070000,1030 S MAPLE AVE,Rest of Oak Park,R-3-50,small_mf,small_mf,3.0,1,211,char_apts,1898.0,char_yrblt,False,,,41.869496675011135,-87.8030706277375
16183090080000,1032 S MAPLE AVE,Rest of Oak Park,R-3-50,small_mf,small_mf,2.0,1,211,char_apts,1908.0,char_yrblt,False,,,41.86935952252156,-87.80306579680968
16183090210000,1025 WISCONSIN AVE,Rest of Oak Park,R-3-50,small_mf,small_mf,3.0,1,211,char_apts,1910.0,char_yrblt,False,,,41.86950868809767,-87.8023801406336
16183130160000,1046 CLINTON AVE 1,Rest of Oak Park,R-4,small_mf,small_mf,2.0,1,211,char_apts,1908.0,char_yrblt,False,,,41.86888996620311,-87.79743443361312
1618314035,1046 S KENILWORTH AVE,Rest of Oak Park,R-4,condo,large_mf,12.0,12,299,class_rule,2004.0,condo_chars_newbuild,False,,,41.86891347309964,-87.79612794721476
16183150050000,1016 S GROVE AVE,Rest of Oak Park,R-4,small_mf,small_mf,2.0,1,211,char_apts,1911.0,char_yrblt,False,,,41.86994374572849,-87.79485471516301
16183150150000,1044 S GROVE AVE,Rest of Oak Park,R-4,small_mf,small_mf,2.0,1,211,char_apts,1922.0,char_yrblt,False,,,41.868953670939035,-87.79482001553072
16183150230000,1019 S OAK PARK AVE,Rest of Oak Park,R-7,large_mf,large_mf,26.0,1,315,commval_2023,1931.0,commval,False,,,41.86982076923045,-87.79428668573027
16183150250000,1029 S OAK PARK AVE,Rest of Oak Park,R-7,small_mf,small_mf,2.0,1,211,char_apts,1914.0,char_yrblt,False,,,41.86954643538441,-87.79427711038792
16183150260000,1031 S OAK PARK AVE 1,Rest of Oak Park,R-7,small_mf,small_mf,2.0,1,211,char_apts,1915.0,char_yrblt,False,,,41.869443509128374,-87.79427351924281
16183150360000,1041 S OAK PARK AVE,Rest of Oak Park,R-7,small_mf,small_mf,6.0,1,211,char_apts,1961.0,char_yrblt,False,,,41.869066413926205,-87.79426036781044
1618315060,1001 S OAK PARK AVE,Rest of Oak Park,R-7,condo,large_mf,12.0,12,299,class_rule,1926.0,condo_chars,False,,,41.87047228074961,-87.79430944438818
16183170250000,1125 WENONAH AVE,Rest of Oak Park,R-3-50,small_mf,small_mf,2.0,1,211,char_apts,1910.0,char_yrblt,False,,,41.86773866704731,-87.80087413566187
16183220160000,1138 S GROVE AVE,Rest of Oak Park,R-4,small_mf,small_mf,2.0,1,211,char_apts,1910.0,char_yrblt,False,,,41.86736624123077,-87.79476453845973
16183220200000,1101 S OAK PARK AVE,Rest of Oak Park,R-5,small_mf,small_mf,4.0,1,211,char_apts,1924.0,char_yrblt,False,,,41.86867930023368,-87.79424689355683
16183220210000,1105 S OAK PARK AVE,Rest of Oak Park,R-5,small_mf,small_mf,2.0,1,211,char_apts,1915.0,char_yrblt,False,,,41.86857651142856,-87.79424335056092
16183220220000,1107 S OAK PARK AVE,Rest of Oak Park,R-5,small_mf,small_mf,2.0,1,211,char_apts,1917.0,char_yrblt,False,,,41.86847802706686,-87.79423996523448
16183220230000,1109 S OAK PARK AVE,Rest of Oak Park,R-5,small_mf,small_mf,2.0,1,211,char_apts,1909.0,char_yrblt,False,,,41.8684050768596,-87.7942374479403
16183220240000,1113 S OAK PARK AVE,Rest of Oak Park,R-5,small_mf,small_mf,6.0,1,211,char_apts,1929.0,char_yrblt,False,,,41.86826789696756,-87.79423271206832
16183220250000,1115 S OAK PARK AVE 1,Rest of Oak Park,R-5,small_mf,small_mf,3.0,1,211,char_apts,1924.0,char_yrblt,False,,,41.868199334307384,-87.7942303306508
16183220260000,1117 S OAK PARK AVE,Rest of Oak Park,R-5,small_mf,small_mf,2.0,1,211,char_apts,1923.0,char_yrblt,False,,,41.86806654173088,-87.79422579700125
16183220340000,1133 S OAK PARK AVE,Rest of Oak Park,R-5,small_mf,small_mf,5.0,1,211,char_apts,1959.0,char_yrblt,False,,,41.86756495097591,-87.7942084918117
16183220350000,1135 S OAK PARK AVE,Rest of Oak Park,R-5,small_mf,small_mf,5.0,1,211,char_apts,1959.0,char_yrblt,False,,,41.867513487912845,-87.79420672187055
1618322043,1121 S OAK PARK AVE,Rest of Oak Park,R-5,condo,large_mf,7.0,7,299,class_rule,1909.0,predecessor_chars,False,,1909.0,41.86798914851265,-87.79422311437901
16183230230000,1181 WISCONSIN AVE,Rest of Oak Park,R-3-50,small_mf,small_mf,2.0,1,211,char_apts,1915.0,char_yrblt,False,,,41.86567996027362,-87.80223931201681
16183270170000,1151 S KENILWORTH AVE,Rest of Oak Park,R-4,small_mf,small_mf,2.0,1,211,char_apts,1911.0,char_yrblt,False,,,41.8667735597473,-87.7967982208738
16183270300000,6900 ROOSEVELT RD,Rest of Oak Park,RR,large_mf,large_mf,31.0,1,318,commval_2023,1924.0,commval,False,,,41.86526973435575,-87.79674494476015
16183280330000,1190 S KENILWORTH AVE,Rest of Oak Park,RR,small_mf,small_mf,5.0,1,211,char_apts,1958.0,char_yrblt,False,,,41.865494603014696,-87.79600696344339
16183280350000,1196 S KENILWORTH AVE,Rest of Oak Park,RR,small_mf,small_mf,5.0,1,211,char_apts,1958.0,char_yrblt,False,,,41.86526750548754,-87.7959989529673
1618328036,1194 S KENILWORTH AVE,Rest of Oak Park,RR,condo,small_mf,5.0,5,299,class_rule,1961.0,condo_chars,False,,,41.86539170400881,-87.79600332918784
16183290150000,1151 S OAK PARK AVE,Rest of Oak Park,R-5,large_mf,large_mf,19.0,1,315,commval_2023,1934.0,commval,False,,,41.86681913399366,-87.79418300309047
16183290270000,1183 S OAK PARK AVE 1N,Rest of Oak Park,R-5,small_mf,small_mf,4.0,1,211,char_apts,1923.0,char_yrblt,False,,,41.86571574279551,-87.79414645709397
16183290340000,6810 ROOSEVELT RD,Rest of Oak Park,RR,small_mf,small_mf,2.0,1,212,char_apts,1923.0,char_yrblt,False,,,41.86542241525065,-87.79439335046808
16183290370000,6804 ROOSEVELT RD,Rest of Oak Park,RR,small_mf,small_mf,3.0,1,212,char_apts,1910.0,char_yrblt,False,,,41.86542746570888,-87.79410706018297
16183290390000,6800 ROOSEVELT RD,Rest of Oak Park,RR,small_mf,small_mf,3.0,1,212,char_apts,1945.0,char_yrblt,False,,,41.865430538568354,-87.79393138439092
16183290430000,1161 S OAK PARK AVE,Rest of Oak Park,R-5,small_mf,small_mf,4.0,1,211,char_apts,1951.0,char_yrblt,False,,,41.866476240699214,-87.79417163924208
16184020020000,417 HARRISON ST,Rest of Oak Park,HS,small_mf,small_mf,2.0,1,212,char_apts,1912.0,char_yrblt,False,,,41.87242106630981,-87.78508501322588
16184020030000,415 HARRISON ST,Rest of Oak Park,HS,small_mf,small_mf,3.0,1,212,char_apts,1911.0,char_yrblt,False,,,41.87236190811663,-87.78499116972937
16184020040000,411 HARRISON ST,Rest of Oak Park,HS,small_mf,small_mf,3.0,1,212,char_apts,1938.0,char_yrblt,False,,,41.872364434016816,-87.78485353415128
1618402016,419 HARRISON ST,Rest of Oak Park,HS,condo,large_mf,12.0,12,299,class_rule,1965.0,condo_chars,False,,,41.87241939117501,-87.78522271414482
16184030010000,900 S OAK PARK AVE,Rest of Oak Park,NC,large_mf,large_mf,8.0,1,318,commval_2023,1912.0,commval,False,,,41.871793730467395,-87.79367682758668
16184030090000,964 S OAK PARK AVE,Rest of Oak Park,NC,large_mf,large_mf,58.0,1,318,commval_2023,1926.0,commval,False,,,41.87097447723721,-87.79360189978698
16184030180000,737 GARFIELD ST,Rest of Oak Park,NC,small_mf,small_mf,4.0,1,211,char_apts,1951.0,char_yrblt,False,,,41.87178637658205,-87.79340574438248
16184030190000,733 GARFIELD ST,Rest of Oak Park,NC,small_mf,small_mf,4.0,1,211,char_apts,1950.0,char_yrblt,False,,,41.87183663766438,-87.79323321729248
16184030220000,901 S EUCLID AVE,Rest of Oak Park,NC,small_mf,small_mf,4.0,1,211,char_apts,1950.0,char_yrblt,False,,,41.87182591354404,-87.79301900833576
16184030270000,909 S EUCLID AVE,Rest of Oak Park,NC,small_mf,small_mf,4.0,1,211,char_apts,1950.0,char_yrblt,False,,,41.8716970496089,-87.79301454865823
16184030280000,915 S EUCLID AVE,Rest of Oak Park,NC,small_mf,small_mf,4.0,1,211,char_apts,1951.0,char_yrblt,False,,,41.87154075640103,-87.79309625173326
16184040060000,715 GARFIELD ST,Rest of Oak Park,R-7,large_mf,large_mf,32.0,3,315|390,commval_2023,1924.0,commval,False,,,41.871661756833305,-87.792285570686
16184040070000,928 S EUCLID AVE 2,Rest of Oak Park,R-4,small_mf,small_mf,4.0,1,211,char_apts,1911.0,char_yrblt,False,,,41.87141374729302,-87.79240419461844
16184050040000,940 WESLEY AVE,Rest of Oak Park,R-4,small_mf,small_mf,2.0,1,211,char_apts,1912.0,char_yrblt,False,,,41.87105092521661,-87.79116508853818
16184050060000,946 WESLEY AVE,Rest of Oak Park,R-4,small_mf,small_mf,3.0,1,211,char_apts,1934.0,char_yrblt,False,,,41.8708451828684,-87.79115812536745
1618405014,629 GARFIELD TER,Rest of Oak Park,R-7,condo,large_mf,62.0,62,299,class_rule,1927.0,condo_chars,False,,,41.871546675392466,-87.79092130388088
16184070010000,1000 S OAK PARK AVE,Rest of Oak Park,R-5,small_mf,small_mf,2.0,1,211,char_apts,1911.0,char_yrblt,False,,,41.87045045807685,-87.7935837119918
16184070050000,1014 S OAK PARK AVE,Rest of Oak Park,R-5,small_mf,small_mf,2.0,1,211,char_apts,1954.0,char_yrblt,False,,,41.870042996366074,-87.7935696484391
16184070100000,1028 S OAK PARK AVE,Rest of Oak Park,R-5,large_mf,large_mf,16.0,1,315,commval_2023,1930.0,commval,False,,,41.86949030604521,-87.79355055845889
16184070120000,1038 S OAK PARK AVE,Rest of Oak Park,R-5,small_mf,small_mf,2.0,1,211,char_apts,1923.0,char_yrblt,False,,,41.86922348427689,-87.79354135049643
16184070130000,1040 S OAK PARK AVE,Rest of Oak Park,R-5,small_mf,small_mf,2.0,1,211,char_apts,1923.0,char_yrblt,False,,,41.86915089596174,-87.79353883755674
16184070140000,1042 S OAK PARK AVE,Rest of Oak Park,R-5,small_mf,small_mf,2.0,1,211,char_apts,1923.0,char_yrblt,False,,,41.86902452159241,-87.79353450645698
16184070150000,1046 S OAK PARK AVE,Rest of Oak Park,R-5,small_mf,small_mf,2.0,1,211,char_apts,1922.0,char_yrblt,False,,,41.86894163970939,-87.79353161919018
16184080190000,1001 WESLEY AVE,Rest of Oak Park,R-4,small_mf,small_mf,2.0,1,211,char_apts,1915.0,char_yrblt,False,,,41.87054914397406,-87.79185286321368
16184080200000,1005 WESLEY AVE,Rest of Oak Park,R-4,small_mf,small_mf,2.0,1,211,char_apts,1908.0,char_yrblt,False,,,41.87042745064635,-87.79184872205613
16184080280000,1021 WESLEY AVE,Rest of Oak Park,R-4,small_mf,small_mf,3.0,1,211,char_apts,1896.0,char_yrblt,False,,,41.86986338190287,-87.79182960729862
16184080370000,1045 WESLEY AVE,Rest of Oak Park,R-4,small_mf,small_mf,2.0,1,211,char_apts,1911.0,char_yrblt,False,,,41.869040384782224,-87.79180172703087
16184090090000,1020 WESLEY AVE,Rest of Oak Park,R-4,small_mf,small_mf,2.0,1,211,char_apts,1915.0,char_yrblt,False,,,41.86987567415968,-87.79112540102246
16184090100000,1022 WESLEY AVE,Rest of Oak Park,R-4,small_mf,small_mf,2.0,1,211,char_apts,1914.0,char_yrblt,False,,,41.86977280327717,-87.79112195194608
16184100290000,1021 S EAST AVE,Rest of Oak Park,R-4,small_mf,small_mf,2.0,1,211,char_apts,2024.0,char_yrblt,False,,,41.869906028678216,-87.78937926029809
16184110040000,1020 S EAST AVE 1,Rest of Oak Park,R-4,small_mf,small_mf,2.0,1,211,char_apts,1917.0,char_yrblt,False,,,41.86985327852551,-87.78867190318378
16184110050000,1024 S EAST AVE,Rest of Oak Park,R-4,small_mf,small_mf,2.0,1,211,char_apts,1917.0,char_yrblt,False,,,41.86971609867673,-87.7886672114827
16184110230000,1031 S SCOVILLE AVE,Rest of Oak Park,R-4,small_mf,small_mf,3.0,1,211,char_apts,1910.0,char_yrblt,False,,,41.86958390784682,-87.78814069810574
16184110460000,1046 S SCOVILLE AVE,Rest of Oak Park,R-4,small_mf,small_mf,2.0,1,211,char_apts,1910.0,char_yrblt,False,,,41.869047180960955,-87.78741762750879
16184110510000,1025 GUNDERSON AVE,Rest of Oak Park,R-4,small_mf,small_mf,2.0,1,211,char_apts,1914.0,char_yrblt,False,,,41.86981078102676,-87.7869234273639
16184120280000,429 GARFIELD ST,Rest of Oak Park,R-4,large_mf,large_mf,15.0,1,315,commval_2023,1928.0,commval,False,,,41.87119611496329,-87.78574619345636
16184130450000,1035 S RIDGELAND AVE,Rest of Oak Park,R-4,small_mf,small_mf,2.0,1,211,char_apts,1920.0,char_yrblt,False,,,41.8695117743833,-87.78446192401992
16184130610000,938 S ELMWOOD AVE,Rest of Oak Park,R-4,small_mf,small_mf,4.0,1,211,char_apts,1961.0,char_yrblt,False,,,41.87116909589329,-87.78516711648905
16184140010000,1100 S OAK PARK AVE,Rest of Oak Park,R-5,small_mf,small_mf,3.0,1,211,char_apts,1922.0,char_yrblt,False,,,41.86869255519662,-87.79352244268455
16184140020000,1104 S OAK PARK AVE,Rest of Oak Park,R-5,small_mf,small_mf,2.0,1,211,char_apts,1922.0,char_yrblt,False,,,41.86855595121165,-87.79351775489455
16184140030000,1106 S OAK PARK AVE,Rest of Oak Park,R-5,small_mf,small_mf,2.0,1,211,char_apts,1922.0,char_yrblt,False,,,41.86848736143028,-87.79351541502157
16184140040000,1110 S OAK PARK AVE,Rest of Oak Park,R-5,small_mf,small_mf,2.0,1,211,char_apts,1911.0,char_yrblt,False,,,41.86835020853167,-87.79351072734006
16184140050000,1112 S OAK PARK AVE,Rest of Oak Park,R-5,small_mf,small_mf,2.0,1,211,char_apts,1918.0,char_yrblt,False,,,41.868281618747645,-87.79350838754968
16184140060000,1116 S OAK PARK AVE,Rest of Oak Park,R-5,small_mf,small_mf,2.0,1,211,char_apts,1912.0,char_yrblt,False,,,41.86814846174383,-87.79350382326645
16184140070000,1118 S OAK PARK AVE,Rest of Oak Park,R-5,small_mf,small_mf,2.0,1,211,char_apts,1909.0,char_yrblt,False,,,41.8680758760548,-87.79350134407049
16184140080000,1122 S OAK PARK AVE,Rest of Oak Park,R-5,small_mf,small_mf,2.0,1,211,char_apts,1910.0,char_yrblt,False,,,41.8679426915768,-87.79349676101958
16184140090000,1124 S OAK PARK AVE,Rest of Oak Park,R-5,small_mf,small_mf,2.0,1,211,char_apts,1915.0,char_yrblt,False,,,41.86787013335727,-87.79349428387069
16184140110000,1130 S OAK PARK AVE,Rest of Oak Park,R-5,small_mf,small_mf,3.0,1,211,char_apts,1911.0,char_yrblt,False,,,41.867664390649225,-87.79348725600944
16184140120000,1134 S OAK PARK AVE,Rest of Oak Park,R-5,small_mf,small_mf,2.0,1,211,char_apts,1913.0,char_yrblt,False,,,41.8675311788552,-87.79348269109596
16184140130000,1136 S OAK PARK AVE,Rest of Oak Park,R-5,small_mf,small_mf,2.0,1,211,char_apts,1915.0,char_yrblt,False,,,41.86745862047718,-87.7934802133532
1618414033,1128 S OAK PARK AVE,Rest of Oak Park,R-5,condo,large_mf,9.0,9,299,class_rule,1924.0,condo_chars,False,,,41.867736949037294,-87.79348975328384
16184170340000,1145 S EAST AVE,Rest of Oak Park,R-4,small_mf,small_mf,2.0,1,211,char_apts,1915.0,char_yrblt,False,,,41.86722283117791,-87.78928667301814
16184170360000,613 HARVARD ST,Rest of Oak Park,R-4,small_mf,small_mf,2.0,1,211,char_apts,1909.0,char_yrblt,False,,,41.86869084455245,-87.78971108228824
16184180020000,1104 S EAST AVE,Rest of Oak Park,R-4,small_mf,small_mf,2.0,1,211,char_apts,1914.0,char_yrblt,False,,,41.86864500519714,-87.78863034017927
16184180030000,1106 S EAST AVE,Rest of Oak Park,R-4,small_mf,small_mf,2.0,1,211,char_apts,1910.0,char_yrblt,False,,,41.86857235311089,-87.78862784518813
16184180040000,1110 S EAST AVE,Rest of Oak Park,R-4,small_mf,small_mf,2.0,1,211,char_apts,1910.0,char_yrblt,False,,,41.8684351999011,-87.78862309882663
16184180080000,1122 S EAST AVE,Rest of Oak Park,R-4,small_mf,small_mf,2.0,1,211,char_apts,1913.0,char_yrblt,False,,,41.86802371358208,-87.78860893250427
16184190360000,510 FILLMORE ST,Rest of Oak Park,R-4,small_mf,small_mf,2.0,1,211,char_apts,1893.0,char_yrblt,False,,,41.86729763011009,-87.78696627011749
16184210160000,1136 S ELMWOOD AVE,Rest of Oak Park,R-4,small_mf,small_mf,2.0,1,211,char_apts,1909.0,char_yrblt,False,,,41.86760634208609,-87.78491329818222
16184220050000,1160 S OAK PARK AVE,Rest of Oak Park,R-7,large_mf,large_mf,26.0,2,315,commval_2023,1925.0,commval,False,,,41.86655899609812,-87.79345073562138
16184220070000,1170 S OAK PARK AVE,Rest of Oak Park,R-7,large_mf,large_mf,26.0,2,315,commval_2023,1925.0,commval,False,,,41.86625032932466,-87.79344070573076
16184220090000,1176 S OAK PARK AVE,Rest of Oak Park,R-7,small_mf,small_mf,2.0,1,211,char_apts,1913.0,char_yrblt,False,,,41.86597599916315,-87.79343185041292
16184220100000,1180 S OAK PARK AVE,Rest of Oak Park,R-7,small_mf,small_mf,2.0,1,211,char_apts,1923.0,char_yrblt,False,,,41.865845736441955,-87.79342758898514
16184220110000,1182 S OAK PARK AVE,Rest of Oak Park,R-7,small_mf,small_mf,2.0,1,211,char_apts,1923.0,char_yrblt,False,,,41.86577368881317,-87.79342525802161
16184220120000,1184 S OAK PARK AVE,Rest of Oak Park,R-7,small_mf,small_mf,2.0,1,211,char_apts,1924.0,char_yrblt,False,,,41.865701668642906,-87.79342292683954
16184240200000,1161 CLARENCE AVE 2,Rest of Oak Park,R-4,small_mf,small_mf,2.0,1,211,char_apts,1919.0,char_yrblt,False,,,41.86655671339883,-87.79049120120314
16184240360000,6636 ROOSEVELT RD,Rest of Oak Park,RR,small_mf,small_mf,3.0,1,212,char_apts,1913.0,char_yrblt,False,,,41.86547505032615,-87.79072748289317
16184250390000,6600 ROOSEVELT RD,Rest of Oak Park,RR,small_mf,small_mf,2.0,1,212,char_apts,1910.0,char_yrblt,False,,,41.865583715430176,-87.78912383451026
16184260420000,1153 S SCOVILLE AVE,Rest of Oak Park,R-4,small_mf,small_mf,2.0,1,211,char_apts,1911.0,char_yrblt,False,,,41.866948443370106,-87.78805061703409
16184270300000,1175 GUNDERSON AVE,Rest of Oak Park,R-4,small_mf,small_mf,3.0,1,211,char_apts,1898.0,char_yrblt,False,,,41.866137693323765,-87.78679499889815
1618428043,6436 ROOSEVELT RD,Rest of Oak Park,RR,condo,large_mf,126.0,126,299,class_rule,2004.0,condo_chars_newbuild,False,,,41.86556216779647,-87.78581030701682
16071280070000,921 LAKE ST,Ridgeland - Oak Park,R-7,large_mf,large_mf,21.0,1,315,commval_2023,1930.0,commval,False,,,41.88827324752977,-87.79821999585633
16071280240000,109 N KENILWORTH AVE,Ridgeland - Oak Park,R-7,small_mf,small_mf,2.0,1,211,char_apts,1908.0,char_yrblt,False,,,41.88763220275762,-87.7973869121264
16071280250000,109 N KENILWORTH AVE,Ridgeland - Oak Park,R-7,small_mf,small_mf,2.0,1,211,char_apts,1908.0,char_yrblt,False,,,41.887570505683506,-87.79738551832938
1607128034,949 LAKE ST,Ridgeland - Oak Park,R-7,condo,large_mf,26.0,26,299,class_rule,1915.0,condo_chars,False,,,41.88827175738509,-87.79942094726601
16071280360000,101 N KENILWORTH AVE,Ridgeland - Oak Park,R-7,small_mf,small_mf,2.0,1,211,char_apts,1906.0,char_yrblt,False,,,41.88735560802116,-87.79738062879119
16071290120000,861 LAKE ST,Ridgeland - Oak Park,R-7,large_mf,large_mf,63.00000000000001,3,390|391,commval_2023,1926.0,commval,False,,,41.88837029245199,-87.7966548573848
16071290130000,835 LAKE ST,Ridgeland - Oak Park,R-7,large_mf,large_mf,172.0,2,391,estimate_av/class,2023.0,class_history,False,,,41.88826187951525,-87.79608153105579
16071290230000,115 N OAK PARK AVE,Ridgeland - Oak Park,DT-2,large_mf,large_mf,4.0,1,318,commval_2023,1902.0,commval,False,,,41.88786792586342,-87.79489205965385
16071290240000,113 N OAK PARK AVE,Ridgeland - Oak Park,DT-2,small_mf,small_mf,5.0,1,212,char_apts,1904.0,char_yrblt,False,,,41.88779914635119,-87.79489022951977
16071290250000,109 N OAK PARK AVE,Ridgeland - Oak Park,DT-2,small_mf,small_mf,6.0,1,212,char_apts,1904.0,char_yrblt,False,,,41.887695976733816,-87.79488749916175
1607129034,813 LAKE ST,Ridgeland - Oak Park,R-7,condo,large_mf,45.0,45,299,class_rule,1915.0,condo_chars,False,,,41.888257674886766,-87.79540401292853
1607129036,812 NORTH BLVD,Ridgeland - Oak Park,DT-2,condo,large_mf,8.0,8,299,class_rule,1916.0,condo_chars,False,,,41.88748963714799,-87.79488203170477
16072230220000,400 LAKE ST,Ridgeland - Oak Park,NC,small_mf,small_mf,6.0,1,212,char_apts,1916.0,char_yrblt,False,,,41.88855691704177,-87.78495586789703
1607223027,135 N RIDGELAND AVE,Ridgeland - Oak Park,R-7,condo,large_mf,9.0,9,299,class_rule,1913.0,condo_chars,False,,,41.88884716418286,-87.78505117559632
1607223028,147 N RIDGELAND AVE,Ridgeland - Oak Park,R-2,condo,large_mf,10.0,10,299,class_rule,1909.0,condo_chars,False,,,41.88924449448827,-87.78518715692857
16072240010000,136 N OAK PARK AVE,Ridgeland - Oak Park,DT-2,large_mf,large_mf,59.0,1,318,commval_2023,1905.0,commval,False,,,41.888368014453505,-87.79421525478574
1607224028,125 N EUCLID AVE,Ridgeland - Oak Park,DT-2,condo,large_mf,25.0,25,299,class_rule,,conversion_year_unknown,False,,,41.88835834998956,-87.79310809921833
16072250920000,675 LAKE ST,Ridgeland - Oak Park,R-7,large_mf,large_mf,125.0,1,391,commval_2023,1986.0,commval,False,,,41.88828713314936,-87.79203674694423
16073000040000,1133 SOUTH BLVD,Ridgeland - Oak Park,R-7,small_mf,small_mf,3.0,1,211,char_apts,1906.0,char_yrblt,False,,,41.88626249705942,-87.80441380438818
16073000050000,111 S MAPLE AVE 1,Ridgeland - Oak Park,R-7,small_mf,small_mf,4.0,1,211,char_apts,1888.0,char_yrblt,False,,,41.886144341428064,-87.80452962108366
16073000080000,125 S MAPLE AVE,Ridgeland - Oak Park,R-7,small_mf,small_mf,2.0,1,211,char_apts,1888.0,char_yrblt,False,,,41.88574273242162,-87.80451432978393
16073000090000,1136 PLEASANT ST,Ridgeland - Oak Park,R-7,large_mf,large_mf,26.0,1,315,commval_2023,1918.0,commval,False,,,41.885580106949746,-87.80450814406606
16073010020000,112 S MAPLE AVE,Ridgeland - Oak Park,R-7,large_mf,large_mf,26.0,2,315,commval_2023,1925.0,commval,False,,,41.88609418147499,-87.80366117320162
16073010100000,109 S MARION AVE,Ridgeland - Oak Park,DT-3,large_mf,large_mf,8.0,1,318,commval_2023,1894.0,commval,False,,,41.886311960096386,-87.80297594138992
16073010180000,1107 SOUTH BLVD,Ridgeland - Oak Park,DT-3,small_mf,small_mf,3.0,1,212,char_apts,1903.0,char_yrblt,False,,,41.8865971646884,-87.8029868171748
16073010190000,1111 SOUTH BLVD,Ridgeland - Oak Park,DT-3,small_mf,small_mf,3.0,1,212,char_apts,1904.0,char_yrblt,False,,,41.88653418345406,-87.803188909342
1607301021,1101 SOUTH BLVD,Ridgeland - Oak Park,DT-3,condo,large_mf,10.0,10,299,class_rule,1890.0,condo_chars,False,,,41.88647353400315,-87.80278511762091
16073020110000,1034 PLEASANT ST,Ridgeland - Oak Park,R-7,small_mf,small_mf,2.0,1,211,char_apts,1903.0,char_yrblt,False,,,41.88598486203116,-87.8017215977948
16073020120000,1032 PLEASANT ST,Ridgeland - Oak Park,R-7,small_mf,small_mf,2.0,1,211,char_apts,1903.0,char_yrblt,False,,,41.8859867623858,-87.80159260598906
16073020130000,1028 PLEASANT ST,Ridgeland - Oak Park,R-7,small_mf,small_mf,3.0,1,211,char_apts,1902.0,char_yrblt,False,,,41.88598931192102,-87.80142031070473
16073020170000,1000 PLEASANT ST,Ridgeland - Oak Park,R-7,large_mf,large_mf,39.0,1,315,commval_2023,1921.0,commval,False,,,41.886002783860775,-87.80049632333879
16073020180000,1018 PLEASANT ST,Ridgeland - Oak Park,R-7,small_mf,small_mf,2.0,1,211,char_apts,1887.0,char_yrblt,False,,,41.88599574760656,-87.8009790504891
1607302020,1020 PLEASANT ST,Ridgeland - Oak Park,R-7,condo,large_mf,7.0,7,299,class_rule,1928.0,condo_chars,False,,,41.885992770794886,-87.80118355660322
16073030030000,104 HOME AVE,Ridgeland - Oak Park,R-7,small_mf,small_mf,2.0,1,211,char_apts,1889.0,char_yrblt,False,,,41.88657235650727,-87.79977600938874
16073030060000,110 HOME AVE,Ridgeland - Oak Park,R-7,small_mf,small_mf,2.0,1,211,char_apts,1888.0,char_yrblt,False,,,41.8863862388296,-87.79976947846417
16073030070000,112 HOME AVE,Ridgeland - Oak Park,R-7,large_mf,large_mf,24.0,1,315,commval_2023,1893.0,commval,False,,,41.886251191666986,-87.79967290291262
16073030080000,118 HOME AVE 1,Ridgeland - Oak Park,R-7,small_mf,small_mf,5.0,1,211,char_apts,1902.0,char_yrblt,False,,,41.88608252281895,-87.79966697362977
16073030090000,947 SOUTH BLVD,Ridgeland - Oak Park,R-7,small_mf,small_mf,4.0,1,211,char_apts,1909.0,char_yrblt,False,,,41.88657526166256,-87.79946474793016
16073030120000,941 SOUTH BLVD,Ridgeland - Oak Park,R-7,large_mf,large_mf,31.0,2,314|390,commval_2023,1967.0,commval,False,,,41.88660369333531,-87.79920914570681
1607303017,115 CLINTON AVE,Ridgeland - Oak Park,R-7,condo,small_mf,5.0,5,299,class_rule,1902.0,condo_chars,False,,,41.88625940617643,-87.79905084277628
16073040010000,100 CLINTON AVE,Ridgeland - Oak Park,R-5,small_mf,small_mf,2.0,1,211,char_apts,1900.0,char_yrblt,False,,,41.88672121243121,-87.79829127476351
16073040030000,108 CLINTON AVE,Ridgeland - Oak Park,R-5,small_mf,small_mf,2.0,1,211,char_apts,1903.0,char_yrblt,False,,,41.88653498605659,-87.79828498646019
16073040040000,110 CLINTON AVE,Ridgeland - Oak Park,R-5,small_mf,small_mf,2.0,1,211,char_apts,1878.0,char_yrblt,False,,,41.886421081641366,-87.79828117982262
16073040090000,112 CLINTON AVE,Ridgeland - Oak Park,R-5,small_mf,small_mf,2.0,1,211,char_apts,1885.0,char_yrblt,False,,,41.88629480832475,-87.79818465661884
16073040170000,138 CLINTON AVE,Ridgeland - Oak Park,R-5,small_mf,small_mf,2.0,1,211,char_apts,1891.0,char_yrblt,False,,,41.88558479967911,-87.79823424681152
16073040180000,916 PLEASANT ST,Ridgeland - Oak Park,R-5,small_mf,small_mf,2.0,1,211,char_apts,1904.0,char_yrblt,False,,,41.88558912739395,-87.79792045022778
16073040190000,115 S KENILWORTH AVE,Ridgeland - Oak Park,R-5,small_mf,small_mf,2.0,1,211,char_apts,1895.0,char_yrblt,False,,,41.886303112181785,-87.79755844084707
16073040220000,125 S KENILWORTH AVE,Ridgeland - Oak Park,R-5,large_mf,large_mf,17.0,1,314,commval_2023,1966.0,commval,False,,,41.885881889646754,-87.79754498829058
16073040280000,119 S KENILWORTH AVE,Ridgeland - Oak Park,R-5,small_mf,small_mf,2.0,1,211,char_apts,1883.0,char_yrblt,False,,,41.88618004203394,-87.79755449185713
16073040290000,121 S KENILWORTH AVE,Ridgeland - Oak Park,R-5,small_mf,small_mf,2.0,1,211,char_apts,1898.0,char_yrblt,False,,,41.88605205850434,-87.79755040430872
16073040300000,120 CLINTON AVE,Ridgeland - Oak Park,R-5,small_mf,small_mf,2.0,1,211,char_apts,1906.0,char_yrblt,False,,,41.88598789773212,-87.79817433782964
1607304031,135 S KENILWORTH AVE,Ridgeland - Oak Park,R-5,condo,large_mf,12.0,12,299,class_rule,1963.0,condo_chars,False,,,41.88561488937708,-87.7975364308749
1607304039,118 S CLINTON AVE,Ridgeland - Oak Park,R-5,condo,large_mf,9.0,9,299,class_rule,1960.0,condo_chars,False,,,41.88617173643998,-87.79818050951651
16073050020000,106 S KENILWORTH AVE,Ridgeland - Oak Park,R-5,small_mf,small_mf,4.0,1,211,char_apts,1884.0,char_yrblt,False,,,41.886531398764,-87.79675159623895
16073050030000,110 S KENILWORTH AVE,Ridgeland - Oak Park,R-5,small_mf,small_mf,2.0,1,211,char_apts,1905.0,char_yrblt,False,,,41.88639479848469,-87.79674748729651
16073050050000,118 S KENILWORTH AVE,Ridgeland - Oak Park,R-5,small_mf,small_mf,4.0,1,211,char_apts,1914.0,char_yrblt,False,,,41.886122668272144,-87.79673935221994
16073050060000,122 S KENILWORTH AVE 2,Ridgeland - Oak Park,R-5,small_mf,small_mf,2.0,1,211,char_apts,1906.0,char_yrblt,False,,,41.88598656214493,-87.79673529579352
16073050070000,126 S KENILWORTH AVE,Ridgeland - Oak Park,R-5,small_mf,small_mf,3.0,1,211,char_apts,1907.0,char_yrblt,False,,,41.88585048239908,-87.79673121951816
16073050090000,134 S KENILWORTH AVE,Ridgeland - Oak Park,R-5,small_mf,small_mf,4.0,1,211,char_apts,1903.0,char_yrblt,False,,,41.88556748324308,-87.79672273091063
16073050140000,113 S GROVE AVE 2,Ridgeland - Oak Park,R-5,small_mf,small_mf,2.0,1,211,char_apts,1923.0,char_yrblt,False,,,41.886293574743306,-87.7961688926022
16073050160000,117 S GROVE AVE 2,Ridgeland - Oak Park,R-5,small_mf,small_mf,2.0,1,211,char_apts,1921.0,char_yrblt,False,,,41.88611800081199,-87.79616371643084
16073050170000,121 S GROVE AVE,Ridgeland - Oak Park,R-5,small_mf,small_mf,2.0,1,211,char_apts,1920.0,char_yrblt,False,,,41.886024875612435,-87.79616097232024
16073050190000,129 S GROVE AVE,Ridgeland - Oak Park,R-5,small_mf,small_mf,2.0,1,211,char_apts,1888.0,char_yrblt,False,,,41.88573224314986,-87.79615231491664
1607305023,109 S GROVE AVE,Ridgeland - Oak Park,R-5,condo,small_mf,5.0,5,299,class_rule,1893.0,condo_chars,False,,,41.88640242673932,-87.79617209389164
16073060040000,110 S GROVE AVE 2,Ridgeland - Oak Park,R-5,small_mf,small_mf,2.0,1,211,char_apts,1898.0,char_yrblt,False,,,41.88642162024932,-87.79541235520881
16073060050000,114 S GROVE AVE 1,Ridgeland - Oak Park,R-5,small_mf,small_mf,2.0,1,211,char_apts,1914.0,char_yrblt,False,,,41.886285870895506,-87.79540828019731
16073060070000,120 S GROVE AVE 2,Ridgeland - Oak Park,R-5,small_mf,small_mf,6.0,1,211,char_apts,1979.0,char_yrblt,False,,,41.88601426161536,-87.79540014750796
16073060090000,130 S GROVE AVE,Ridgeland - Oak Park,R-5,small_mf,small_mf,2.0,1,211,char_apts,1903.0,char_yrblt,False,,,41.88575157214743,-87.79539226945465
16073060110000,134 S GROVE AVE,Ridgeland - Oak Park,R-5,small_mf,small_mf,2.0,1,211,char_apts,2014.0,char_yrblt,False,,,41.88557255141757,-87.79538690384523
16073060160000,137 S OAK PARK AVE,Ridgeland - Oak Park,DT-2,large_mf,large_mf,5.0,1,318,commval_2023,1913.0,commval,False,,,41.88608982867092,-87.79482428153374
16073060180000,171 S OAK PARK AVE,Ridgeland - Oak Park,DT-2,large_mf,large_mf,16.0,1,318,commval_2023,1924.0,commval,False,,,41.88568244147541,-87.79481187522092
16073060190000,185 S OAK PARK AVE,Ridgeland - Oak Park,DT-2,large_mf,large_mf,40.0,1,315,commval_2023,1924.0,commval,False,,,41.885332005435274,-87.79480119208039
1607306022,116 S GROVE AVE,Ridgeland - Oak Park,R-5,condo,small_mf,4.0,4,299,class_rule,1888.0,condo_chars,False,,,41.88615006571939,-87.79540420362738
16073070110000,245 S MAPLE AVE,Ridgeland - Oak Park,R-7,small_mf,small_mf,3.0,1,211,char_apts,1924.0,char_yrblt,False,,,41.88372666890427,-87.80444293274553
16073070130000,201 N HARLEM AVE,Ridgeland - Oak Park,R-7,small_mf,small_mf,4.0,1,212,char_apts,1908.0,char_yrblt,False,,,41.8834162990002,-87.80443207182068
1607307035,217 S MAPLE AVE,Ridgeland - Oak Park,R-7,condo,small_mf,6.0,6,299,class_rule,1958.0,condo_chars,False,,,41.88470471313542,-87.8044771384889
1607307036,235 S MAPLE AVE,Ridgeland - Oak Park,R-7,condo,large_mf,8.0,8,299,class_rule,1891.0,condo_chars,False,,,41.884084851672185,-87.80445545922262
1607307046,201 S MAPLE AVE,Ridgeland - Oak Park,R-7,condo,large_mf,42.0,42,299,class_rule,1966.0,condo_chars,False,,,41.88504862291735,-87.80448915559927
16073080040000,230 S MAPLE AVE,Ridgeland - Oak Park,R-7,large_mf,large_mf,38.0,1,315,commval_2023,1927.0,commval,False,,,41.88404142564132,-87.803586895916
16073080060000,250 S MAPLE AVE,Ridgeland - Oak Park,R-7,large_mf,large_mf,10.0,1,314,commval_2023,1967.0,commval,False,,,41.88362493411083,-87.80357237394175
16073080070000,254 S MAPLE AVE,Ridgeland - Oak Park,R-7,large_mf,large_mf,28.0,1,315,commval_2023,1924.0,commval,False,,,41.88345135915178,-87.80356631835127
16073080090000,1105 PLEASANT ST,Ridgeland - Oak Park,DT-3,large_mf,large_mf,192.0,3,391,estimate_av/class,1936.0,char_yrblt_anyyear,False,,,41.885144358791976,-87.8029337163348
16073080140000,227 S MARION ST,Ridgeland - Oak Park,DT-3,small_mf,small_mf,4.0,1,212,char_apts,1904.0,char_yrblt,False,,,41.884445203940146,-87.80290951308997
1607308028,1123 PLEASANT ST,Ridgeland - Oak Park,R-7,condo,large_mf,46.0,46,299,class_rule,1929.0,condo_chars,False,,,41.88492720819608,-87.80361782057128
1607308055,240 S MAPLE AVE,Ridgeland - Oak Park,R-7,condo,large_mf,34.0,34,299,class_rule,1921.0,condo_chars,False,,,41.8838305384197,-87.80357954275529
16073090020000,1033 PLEASANT ST,Ridgeland - Oak Park,R-7,large_mf,large_mf,76.0,1,315,commval_2023,1922.0,commval,False,,,41.88538646876624,-87.80183412891469
16073090040000,216 S MARION ST,Ridgeland - Oak Park,DT-3,small_mf,small_mf,4.0,1,212,char_apts,1883.0,char_yrblt,False,,,41.88508100263646,-87.80213388054682
16073090130000,258 S MARION ST,Ridgeland - Oak Park,R-7,small_mf,small_mf,2.0,1,211,char_apts,1885.0,char_yrblt,False,,,41.88358017256285,-87.80202143458307
16073090140000,264 S MARION ST,Ridgeland - Oak Park,R-7,large_mf,large_mf,14.0,1,315,commval_2023,1925.0,commval,False,,,41.88345992740419,-87.80201728920713
16073090200000,1030 RANDOLPH ST,Ridgeland - Oak Park,R-7,large_mf,large_mf,32.0,1,315,commval_2023,1928.0,commval,False,,,41.8835916170806,-87.80125114523344
16073090300000,1034 RANDOLPH ST,Ridgeland - Oak Park,R-7,small_mf,small_mf,2.0,1,211,char_apts,1895.0,char_yrblt,False,,,41.883583615977656,-87.80160915318777
1607309042,1018 RANDOLPH ST,Ridgeland - Oak Park,R-7,condo,large_mf,7.0,7,299,class_rule,1927.0,condo_chars,False,,,41.88366112485052,-87.80093725503207
1607309045,248 S MARION ST,Ridgeland - Oak Park,R-7,condo,large_mf,20.0,20,299,class_rule,1965.0,condo_chars,False,,,41.88378116571305,-87.80202836249853
1607309047,240 S MARION ST,Ridgeland - Oak Park,R-7,condo,small_mf,4.0,4,299,class_rule,1905.0,condo_chars,False,,,41.8841335839288,-87.80204054920465
16073090490000,244 S MARION ST,Ridgeland - Oak Park,R-7,large_mf,large_mf,10.0,1,315,commval_2023,1970.0,commval,False,,,41.883982187390885,-87.8020353101106
16073100030000,212 HOME AVE,Ridgeland - Oak Park,R-5,small_mf,small_mf,2.0,1,211,char_apts,1899.0,char_yrblt,False,,,41.88478831972256,-87.79962249704698
16073100130000,252 HOME AVE,Ridgeland - Oak Park,R-5,small_mf,small_mf,2.0,1,211,char_apts,1903.0,char_yrblt,False,,,41.88350213060312,-87.79957835454303
16073100170000,221 CLINTON AVE,Ridgeland - Oak Park,R-5,small_mf,small_mf,2.0,1,211,char_apts,1867.0,char_yrblt,False,,,41.88466183671907,-87.79899694907839
16073100230000,241 CLINTON AVE,Ridgeland - Oak Park,R-5,small_mf,small_mf,2.0,1,211,char_apts,1904.0,char_yrblt,False,,,41.88387191771477,-87.79897036991706
16073100250000,247 CLINTON AVE,Ridgeland - Oak Park,R-5,small_mf,small_mf,2.0,1,211,char_apts,1908.0,char_yrblt,False,,,41.88367710018027,-87.79896380335965
1607310027,200 HOME AVE,Ridgeland - Oak Park,R-7,condo,large_mf,12.0,12,299,class_rule,1968.0,condo_chars,False,,,41.88522073580363,-87.79975343255624
1607310028,947 PLEASANT ST,Ridgeland - Oak Park,R-7,condo,large_mf,14.0,14,299,class_rule,1966.0,condo_chars,False,,,41.88522666978312,-87.7993237864666
1607310030,231 CLINTON AVE,Ridgeland - Oak Park,R-5,condo,small_mf,6.0,6,299,class_rule,1910.0,condo_chars,False,,,41.884245798352886,-87.7989829548882
16073110020000,202 CLINTON AVE,Ridgeland - Oak Park,R-6,small_mf,small_mf,2.0,1,211,char_apts,1894.0,char_yrblt,False,,,41.88529624693916,-87.79826474842636
16073110060000,917 PLEASANT ST 2F,Ridgeland - Oak Park,R-6,small_mf,small_mf,6.0,1,211,char_apts,1898.0,char_yrblt,False,,,41.88524418030419,-87.79794981985701
16073110130000,228 CLINTON AVE,Ridgeland - Oak Park,R-5,small_mf,small_mf,2.0,1,211,char_apts,1893.0,char_yrblt,False,,,41.88441076958275,-87.79813736710238
16073110180000,248 CLINTON AVE,Ridgeland - Oak Park,R-5,small_mf,small_mf,2.0,1,211,char_apts,1908.0,char_yrblt,False,,,41.883684685891666,-87.79818828813387
16073110190000,250 CLINTON AVE,Ridgeland - Oak Park,R-5,small_mf,small_mf,2.0,1,211,char_apts,1909.0,char_yrblt,False,,,41.883585932462466,-87.79818497938527
16073110200000,254 CLINTON AVE,Ridgeland - Oak Park,R-5,small_mf,small_mf,2.0,1,211,char_apts,1909.0,char_yrblt,False,,,41.88350134108899,-87.79818213881786
16073110210000,916 RANDOLPH ST,Ridgeland - Oak Park,R-5,small_mf,small_mf,2.0,1,211,char_apts,1908.0,char_yrblt,False,,,41.88358969874928,-87.79788862091716
16073110220000,201 S KENILWORTH AVE,Ridgeland - Oak Park,R-6,large_mf,large_mf,50.0,1,315,commval_2023,1911.0,commval,False,,,41.88525207655387,-87.7975255821492
16073110230000,213 S KENILWORTH AVE,Ridgeland - Oak Park,R-5,small_mf,small_mf,2.0,1,211,char_apts,1888.0,char_yrblt,False,,,41.88504663840254,-87.79751899982651
16073110250000,219 S KENILWORTH AVE,Ridgeland - Oak Park,R-5,small_mf,small_mf,2.0,1,211,char_apts,1894.0,char_yrblt,False,,,41.88480027263192,-87.79751111593893
16073110280000,227 S KENILWORTH AVE,Ridgeland - Oak Park,R-5,small_mf,small_mf,2.0,1,211,char_apts,1898.0,char_yrblt,False,,,41.88442575789935,-87.79748513854616
16073110330000,243 S KENILWORTH AVE,Ridgeland - Oak Park,R-5,small_mf,small_mf,2.0,1,211,char_apts,1863.0,char_yrblt,False,,,41.88368728422083,-87.79746264409422
16073110340000,247 S KENILWORTH AVE,Ridgeland - Oak Park,R-5,small_mf,small_mf,3.0,1,211,char_apts,1893.0,char_yrblt,False,,,41.883583701762255,-87.79745948983165
1607311036,220 S CLINTON AVE,Ridgeland - Oak Park,R-5,condo,small_mf,4.0,4,299,class_rule,1908.0,condo_chars,False,,,41.88468504381868,-87.79814615343338
16073120050000,218 S KENILWORTH AVE,Ridgeland - Oak Park,R-5,small_mf,small_mf,2.0,1,211,char_apts,1888.0,char_yrblt,False,,,41.88439006273269,-87.79668749073176
16073120060000,222 S KENILWORTH AVE,Ridgeland - Oak Park,R-5,small_mf,small_mf,2.0,1,211,char_apts,1908.0,char_yrblt,False,,,41.884275693770526,-87.79668407872023
16073120070000,226 S KENILWORTH AVE,Ridgeland - Oak Park,R-5,small_mf,small_mf,2.0,1,211,char_apts,1908.0,char_yrblt,False,,,41.88416640499044,-87.79668079309806
16073120080000,230 S KENILWORTH AVE,Ridgeland - Oak Park,R-5,small_mf,small_mf,2.0,1,211,char_apts,1908.0,char_yrblt,False,,,41.88409290075593,-87.79667857792732
16073120210000,235 S GROVE AVE,Ridgeland - Oak Park,R-5,small_mf,small_mf,2.0,1,211,char_apts,1903.0,char_yrblt,False,,,41.883831779366375,-87.79609625272829
16073120240000,223 S GROVE AVE,Ridgeland - Oak Park,R-5,small_mf,small_mf,2.0,1,211,char_apts,1899.0,char_yrblt,False,,,41.884263893864656,-87.79610899608706
16073120250000,227 S GROVE AVE,Ridgeland - Oak Park,R-5,small_mf,small_mf,2.0,1,211,char_apts,1962.0,char_yrblt,False,,,41.88411988295331,-87.79610473043277
1607312026,845 PLEASANT ST,Ridgeland - Oak Park,R-5,condo,large_mf,20.0,20,299,class_rule,1929.0,condo_chars,False,,,41.88497305077726,-87.7967049418516
16073130080000,230 S GROVE AVE,Ridgeland - Oak Park,R-5,small_mf,small_mf,2.0,1,211,char_apts,1878.0,char_yrblt,False,,,41.884005275728995,-87.79534102146617
16073130100000,238 S GROVE AVE,Ridgeland - Oak Park,R-5,small_mf,small_mf,2.0,1,211,char_apts,1889.0,char_yrblt,False,,,41.883726348247734,-87.7953328378089
16073130150000,215 S OAK PARK AVE,Ridgeland - Oak Park,R-5,small_mf,small_mf,2.0,1,211,char_apts,1903.0,char_yrblt,False,,,41.88458703308368,-87.79477972253582
16073130160000,217 S OAK PARK AVE 2ND,Ridgeland - Oak Park,R-5,small_mf,small_mf,2.0,1,211,char_apts,1903.0,char_yrblt,False,,,41.88451359767877,-87.79477758675594
16073130170000,221 S OAK PARK AVE 2,Ridgeland - Oak Park,R-5,small_mf,small_mf,2.0,1,211,char_apts,1904.0,char_yrblt,False,,,41.884404378181046,-87.79477442624679
16073130180000,223 S OAK PARK AVE,Ridgeland - Oak Park,R-5,small_mf,small_mf,2.0,1,211,char_apts,1924.0,char_yrblt,False,,,41.88431218625978,-87.79477174862782
16073130190000,227 S OAK PARK AVE,Ridgeland - Oak Park,R-5,small_mf,small_mf,2.0,1,211,char_apts,1920.0,char_yrblt,False,,,41.884207468242266,-87.79476866987997
16073130200000,229 S OAK PARK AVE,Ridgeland - Oak Park,R-5,small_mf,small_mf,2.0,1,211,char_apts,1898.0,char_yrblt,False,,,41.88413403249692,-87.79476652361978
16073130210000,231 S OAK PARK AVE,Ridgeland - Oak Park,R-5,small_mf,small_mf,2.0,1,211,char_apts,1890.0,char_yrblt,False,,,41.884016315696755,-87.79476312526074
16073130240000,237 S OAK PARK AVE,Ridgeland - Oak Park,R-5,small_mf,small_mf,3.0,1,211,char_apts,1878.0,char_yrblt,False,,,41.88374231980833,-87.79475518107687
16073130260000,209 S OAK PARK AVE,Ridgeland - Oak Park,R-5,large_mf,large_mf,30.0,1,315,commval_2023,1970.0,commval,False,,,41.8848382210854,-87.794787014815
1607313028,245 S OAK PARK AVE,Ridgeland - Oak Park,R-5,condo,small_mf,5.0,5,299,class_rule,1955.0,condo_chars,False,,,41.88360418293399,-87.79475117930085
16073140050000,321 S MAPLE AVE,Ridgeland - Oak Park,R-7,large_mf,large_mf,10.0,1,314,commval_2023,1952.0,commval,False,,,41.88239085250906,-87.80439587683422
16073140060000,325 S MAPLE AVE,Ridgeland - Oak Park,R-7,small_mf,small_mf,2.0,1,211,char_apts,1903.0,char_yrblt,False,,,41.88225380957954,-87.80439103860198
16073140070000,329 S MAPLE AVE,Ridgeland - Oak Park,R-7,small_mf,small_mf,3.0,1,211,char_apts,1894.0,char_yrblt,False,,,41.88213051752554,-87.80438665772505
16073140090000,333 S MAPLE AVE 1,Ridgeland - Oak Park,R-7,small_mf,small_mf,3.0,1,211,char_apts,1923.0,char_yrblt,False,,,41.88201400525189,-87.8043825311445
16073140130000,313 S MAPLE AVE,Ridgeland - Oak Park,R-7,small_mf,small_mf,3.0,1,211,char_apts,1904.0,char_yrblt,False,,,41.88269647463396,-87.80440668425851
16073140140000,315 S MAPLE AVE,Ridgeland - Oak Park,R-7,small_mf,small_mf,2.0,1,211,char_apts,1903.0,char_yrblt,False,,,41.88262796720901,-87.80440425923395
1607314023,337 S MAPLE AVE,Ridgeland - Oak Park,R-7,condo,large_mf,30.0,30,299,class_rule,1966.0,condo_chars,False,,,41.881848080256034,-87.80437667867952
1607314024,343 S MAPLE AVE,Ridgeland - Oak Park,R-7,condo,large_mf,24.0,24,299,class_rule,1916.0,condo_chars,False,,,41.88157402276576,-87.80436698615232
16073150050000,316 S MAPLE AVE,Ridgeland - Oak Park,R-7,small_mf,small_mf,2.0,1,211,char_apts,1923.0,char_yrblt,False,,,41.88257039395531,-87.80353529275911
16073150110000,301 WISCONSIN AVE,Ridgeland - Oak Park,R-7,small_mf,small_mf,3.0,1,211,char_apts,1908.0,char_yrblt,False,,,41.88311065119592,-87.80286289763254
16073150130000,305 WISCONSIN AVE,Ridgeland - Oak Park,R-7,small_mf,small_mf,2.0,1,211,char_apts,1885.0,char_yrblt,False,,,41.8829764659496,-87.80277550244081
16073150140000,309 WISCONSIN AVE,Ridgeland - Oak Park,R-7,small_mf,small_mf,6.0,1,211,char_apts,1913.0,char_yrblt,False,,,41.88283711463009,-87.8028532409619
16073150170000,321 WISCONSIN AVE,Ridgeland - Oak Park,R-7,small_mf,small_mf,4.0,1,211,char_apts,1915.0,char_yrblt,False,,,41.88242335107431,-87.80283863241428
16073150190000,329 WISCONSIN AVE,Ridgeland - Oak Park,R-7,small_mf,small_mf,2.0,1,211,char_apts,1891.0,char_yrblt,False,,,41.882147481434814,-87.80282890640521
16073150220000,1116 WASHINGTON BLVD,Ridgeland - Oak Park,R-7,large_mf,large_mf,50.0,1,315,commval_2023,1930.0,commval,False,,,41.88166471593898,-87.80281184090856
1607315023,327 WISCONSIN AVE,Ridgeland - Oak Park,R-7,condo,large_mf,10.0,10,299,class_rule,1966.0,condo_chars,False,,,41.88228543029735,-87.80283378755607
16073150240000,324 S MAPLE AVE,Ridgeland - Oak Park,R-7,large_mf,large_mf,26.0,1,315,commval_2023,1928.0,commval,False,,,41.882273609270655,-87.80352487186113
16073150250000,300 S MAPLE AVE,Ridgeland - Oak Park,R-7,large_mf,large_mf,30.0,1,315,commval_2023,1970.0,commval,False,,,41.882963214036195,-87.80354902985272
1607315026,312 S MAPLE AVE,Ridgeland - Oak Park,R-7,condo,small_mf,4.0,4,299,class_rule,1968.0,condo_chars,False,,,41.8826873722636,-87.80353939066285
1607315027,317 WISCONSIN AVE,Ridgeland - Oak Park,R-7,condo,large_mf,10.0,10,299,class_rule,1966.0,condo_chars,False,,,41.88256228818875,-87.80284354269871
1607315028,313 WISCONSIN AVE,Ridgeland - Oak Park,R-7,condo,large_mf,10.0,10,299,class_rule,1913.0,condo_chars,False,,,41.882699193863345,-87.80284839578188
1607315029,336 S MAPLE AVE,Ridgeland - Oak Park,R-7,condo,large_mf,58.0,58,299,class_rule,1926.0,condo_chars,False,,,41.881721870555296,-87.8035055231905
16073160020000,302 WISCONSIN AVE 1,Ridgeland - Oak Park,R-7,small_mf,small_mf,2.0,1,211,char_apts,1904.0,char_yrblt,False,,,41.88296943909076,-87.80197989289402
16073160030000,308 WISCONSIN AVE,Ridgeland - Oak Park,R-7,small_mf,small_mf,2.0,1,211,char_apts,1882.0,char_yrblt,False,,,41.8828836392665,-87.80197682126636
16073160050000,320 WISCONSIN AVE,Ridgeland - Oak Park,R-7,large_mf,large_mf,93.0,1,391,commval_2023,1928.0,commval,False,,,41.882448287879214,-87.8019612799983
16073160070000,328 WISCONSIN AVE,Ridgeland - Oak Park,R-7,large_mf,large_mf,12.0,1,314,commval_2023,1961.0,commval,False,,,41.88216145241218,-87.80195107670717
16073160250000,309 HOME AVE,Ridgeland - Oak Park,R-5,small_mf,small_mf,2.0,1,211,char_apts,1917.0,char_yrblt,False,,,41.88288588174317,-87.80043524129242
16073160290000,325 HOME AVE,Ridgeland - Oak Park,R-5,small_mf,small_mf,2.0,1,211,char_apts,1909.0,char_yrblt,False,,,41.882327497164255,-87.80041500346327
16073160300000,327 HOME AVE,Ridgeland - Oak Park,R-6,small_mf,small_mf,4.0,1,211,char_apts,1904.0,char_yrblt,False,,,41.882187901163334,-87.80040994030375
16073160360000,301 HOME AVE,Ridgeland - Oak Park,R-5,small_mf,small_mf,2.0,1,211,char_apts,1954.0,char_yrblt,False,,,41.88316331747905,-87.80044529222428
16073160440000,300 WISCONSIN AVE,Ridgeland - Oak Park,R-7,small_mf,small_mf,2.0,1,211,char_apts,1899.0,char_yrblt,False,,,41.88303978548576,-87.80198239495465
1607316050,1033 RANDOLPH ST,Ridgeland - Oak Park,R-7,condo,large_mf,8.0,8,299,class_rule,1953.0,condo_chars,False,,,41.883141806074136,-87.80198599303478
1607316052,1025 RANDOLPH ST,Ridgeland - Oak Park,R-7,condo,large_mf,43.0,43,299,class_rule,1969.0,condo_chars,False,,,41.88297164080997,-87.80121093616756
1607316053,1036 WASHINGTON BLVD,Ridgeland - Oak Park,R-7,condo,large_mf,25.0,25,299,class_rule,1924.0,condo_chars,False,,,41.88173942708569,-87.80193606543989
1607316055,324 WISCONSIN AVE,Ridgeland - Oak Park,R-7,condo,small_mf,4.0,4,299,class_rule,2001.0,condo_chars_newbuild,False,,,41.882314113155616,-87.80195651208517
1607316056,312 WISCONSIN AVE,Ridgeland - Oak Park,R-7,condo,small_mf,6.0,6,299,class_rule,1925.0,condo_chars,False,,,41.88272414501705,-87.80197112895834
16073170020000,306 HOME AVE,Ridgeland - Oak Park,R-5,small_mf,small_mf,4.0,1,211,char_apts,1903.0,char_yrblt,False,,,41.883004482944294,-87.79957720534684
16073170050000,316 HOME AVE 1,Ridgeland - Oak Park,R-5,small_mf,small_mf,3.0,1,211,char_apts,1914.0,char_yrblt,False,,,41.88261223571516,-87.79956295293923
16073170060000,320 HOME AVE,Ridgeland - Oak Park,R-5,small_mf,small_mf,2.0,1,211,char_apts,1907.0,char_yrblt,False,,,41.88247508229903,-87.79955799880597
16073170240000,300 HOME AVE,Ridgeland - Oak Park,R-5,small_mf,small_mf,2.0,1,211,char_apts,1968.0,char_yrblt,False,,,41.88320234940512,-87.79958433534972
16073170250000,304 HOME AVE,Ridgeland - Oak Park,R-5,small_mf,small_mf,2.0,1,211,char_apts,1913.0,char_yrblt,False,,,41.88312239581599,-87.79958143754516
1607317026,950 WASHINGTON BLVD,Ridgeland - Oak Park,R-7,condo,large_mf,28.0,28,299,class_rule,1964.0,condo_chars,False,,,41.88183729314343,-87.79953488361105
1607317027,934 WASHINGTON BLVD,Ridgeland - Oak Park,R-7,condo,large_mf,29.0,29,299,class_rule,1918.0,condo_chars,False,,,41.88173493177341,-87.79887981683173
1607317028,339 CLINTON AVE,Ridgeland - Oak Park,R-7,condo,large_mf,10.0,10,299,class_rule,1962.0,condo_chars,False,,,41.88194064731799,-87.79888700753631
16073180010000,300 CLINTON AVE,Ridgeland - Oak Park,R-5,small_mf,small_mf,2.0,1,211,char_apts,1892.0,char_yrblt,False,,,41.88320211165095,-87.7981003607099
16073180030000,308 CLINTON AVE,Ridgeland - Oak Park,R-5,small_mf,small_mf,2.0,1,211,char_apts,1885.0,char_yrblt,False,,,41.882913894678666,-87.79809112400272
16073190020000,304 S KENILWORTH AVE,Ridgeland - Oak Park,R-5,large_mf,large_mf,7.0,1,315,commval_2023,1924.0,commval,False,,,41.88311042942327,-87.7966487535533
16073190040000,310 S KENILWORTH AVE,Ridgeland - Oak Park,R-5,small_mf,small_mf,2.0,1,211,char_apts,1910.0,char_yrblt,False,,,41.88293167134039,-87.79664341579881
16073190180000,321 S GROVE AVE,Ridgeland - Oak Park,R-5,small_mf,small_mf,2.0,1,211,char_apts,1892.0,char_yrblt,False,,,41.88257254108967,-87.79605864218912
16073190200000,325 S GROVE AVE,Ridgeland - Oak Park,R-5,small_mf,small_mf,2.0,1,211,char_apts,1898.0,char_yrblt,False,,,41.88229730955584,-87.79605051887832
16073190220000,832 WASHINGTON BLVD,Ridgeland - Oak Park,R-7,large_mf,large_mf,38.0,1,315,commval_2023,1928.0,commval,False,,,41.88195324248512,-87.79604032840497
1607319023,300 S KENILWORTH AVE,Ridgeland - Oak Park,R-5,condo,small_mf,4.0,4,299,class_rule,1988.0,condo_chars,False,,,41.88324779819469,-87.79665287231822
1607319026,336 S KENILWORTH ST,Ridgeland - Oak Park,R-7,condo,large_mf,42.0,42,299,class_rule,1930.0,condo_chars,False,,,41.881871885083534,-87.79661163660558
16073200030000,308 S GROVE AVE,Ridgeland - Oak Park,R-5,small_mf,small_mf,2.0,1,211,char_apts,1888.0,char_yrblt,False,,,41.88300159303351,-87.79531161731623
16073200050000,316 S GROVE AVE,Ridgeland - Oak Park,R-5,small_mf,small_mf,2.0,1,211,char_apts,1894.0,char_yrblt,False,,,41.88272636155233,-87.79530360713953
16073200130000,305 S OAK PARK AVE,Ridgeland - Oak Park,R-7,large_mf,large_mf,49.0,1,315,commval_2023,1920.0,commval,False,,,41.883019896710415,-87.79473424647225
16073200140000,317 S OAK PARK AVE,Ridgeland - Oak Park,R-7,large_mf,large_mf,36.0,1,391,commval_2023,1930.0,commval,False,,,41.882738967303794,-87.79472616683995
16073200150000,321 S OAK PARK AVE,Ridgeland - Oak Park,R-7,small_mf,small_mf,2.0,1,211,char_apts,1908.0,char_yrblt,False,,,41.88260135185817,-87.7947221816833
16073200160000,325 S OAK PARK AVE 1,Ridgeland - Oak Park,R-7,small_mf,small_mf,3.0,1,211,char_apts,1917.0,char_yrblt,False,,,41.882484540737906,-87.79471879288943
1607320023,800 WASHINGTON BLVD,Ridgeland - Oak Park,R-7,condo,large_mf,25.0,25,299,class_rule,1968.0,condo_chars,False,,,41.88190757609936,-87.79470214582165
1607320024,333 S OAK PARK AVE,Ridgeland - Oak Park,R-7,condo,large_mf,13.0,13,299,class_rule,1929.0,condo_chars,False,,,41.88218850566803,-87.79471024498156
1607320025,329 S OAK PARK AVE,Ridgeland - Oak Park,R-7,condo,small_mf,6.0,6,299,class_rule,1920.0,condo_chars,False,,,41.88234692528113,-87.79471480715836
1607320026,814 WASHINGTON BLVD,Ridgeland - Oak Park,R-7,condo,large_mf,21.0,21,299,class_rule,1929.0,condo_chars,False,,,41.88176233812389,-87.79527542512153
16073210180000,97 N HARLEM AVE,Ridgeland - Oak Park,NC,small_mf,small_mf,2.0,1,212,char_apts,1936.0,char_yrblt,False,,,41.8812472133947,-87.80453906549721
16073220010000,400 S MAPLE AVE,Ridgeland - Oak Park,R-7,large_mf,large_mf,51.0,1,315,commval_2023,1930.0,commval,False,,,41.88113289720913,-87.80348487903979
16073220070000,1113 WASHINGTON BLVD,Ridgeland - Oak Park,R-7,small_mf,small_mf,2.0,1,211,char_apts,1893.0,char_yrblt,False,,,41.88127161078329,-87.80303361088173
16073220320000,414 S MAPLE AVE,Ridgeland - Oak Park,R-7,small_mf,small_mf,3.0,1,211,char_apts,1899.0,char_yrblt,False,,,41.880724118392955,-87.8034704916005
1607322039,1103 WASHINGTON BLVD,Ridgeland - Oak Park,R-7,condo,large_mf,11.0,11,299,class_rule,1966.0,condo_chars,False,,,41.8812782627452,-87.80272107460425
1607322061,417 WISCONSIN AVE,Ridgeland - Oak Park,R-7,condo,large_mf,49.0,49,299,class_rule,1923.0,condo_chars,False,,,41.88057207794583,-87.80277318007202
16073240150000,945 WASHINGTON AVE,Ridgeland - Oak Park,R-7,large_mf,large_mf,42.00000000000001,3,315|390,commval_2023,1959.0,commval,False,,,41.88135174476992,-87.79886640978611
16073240180000,417 CLINTON AVE,Ridgeland - Oak Park,R-5,small_mf,small_mf,2.0,1,211,char_apts,1902.0,char_yrblt,False,,,41.880809529751794,-87.79884748193561
16073240230000,437 CLINTON AVE,Ridgeland - Oak Park,R-7,large_mf,large_mf,9.0,1,314,commval_2023,1967.0,commval,False,,,41.88012137883004,-87.79882341909592
16073250080000,432 CLINTON AVE,Ridgeland - Oak Park,R-7,large_mf,large_mf,10.0,1,314,commval_2023,1965.0,commval,False,,,41.88027142616606,-87.79800290972645
16073250090000,403 S KENILWORTH AVE,Ridgeland - Oak Park,R-7,large_mf,large_mf,22.0,1,315,commval_2023,1923.0,commval,False,,,41.88125209182314,-87.79738462195746
16073260010000,853 WASHINGTON BLVD,Ridgeland - Oak Park,R-7,large_mf,large_mf,48.0,1,315,commval_2023,1924.0,commval,False,,,41.88121012359113,-87.7965914334493
16073260110000,417 S GROVE AVE,Ridgeland - Oak Park,R-5,small_mf,small_mf,2.0,1,211,char_apts,1908.0,char_yrblt,False,,,41.88087910179341,-87.7960083089852
16073260150000,435 S GROVE AVE,Ridgeland - Oak Park,R-7,small_mf,small_mf,6.0,1,211,char_apts,1916.0,char_yrblt,False,,,41.88033042285292,-87.79599212112656
1607326024,401 S GROVE AVE,Ridgeland - Oak Park,R-7,condo,large_mf,25.0,25,299,class_rule,1966.0,condo_chars,False,,,41.88129598729972,-87.79602059006183
16073270020000,412 S GROVE AVE 1,Ridgeland - Oak Park,R-5,small_mf,small_mf,2.0,1,211,char_apts,1908.0,char_yrblt,False,,,41.881031991326765,-87.79525381568428
16073270130000,413 S OAK PARK AVE,Ridgeland - Oak Park,R-7,small_mf,small_mf,2.0,1,211,char_apts,1913.0,char_yrblt,False,,,41.88106115037059,-87.79467738960875
16073270140000,417 S OAK PARK AVE,Ridgeland - Oak Park,R-7,small_mf,small_mf,2.0,1,211,char_apts,1913.0,char_yrblt,False,,,41.88094118267163,-87.79467391763706
16073270150000,421 S OAK PARK AVE,Ridgeland - Oak Park,R-7,large_mf,large_mf,31.0,1,315,commval_2023,1924.0,commval,False,,,41.88080397879186,-87.7946699647531
1607327020,815 WASHINGTON BLVD,Ridgeland - Oak Park,R-7,condo,large_mf,23.0,23,299,class_rule,1932.0,condo_chars,False,,,41.88131171671169,-87.79526197168227
1607327021,801 WASHINGTON BLVD,Ridgeland - Oak Park,R-7,condo,large_mf,13.0,13,299,class_rule,1913.0,condo_chars,False,,,41.88141902184294,-87.79468771425991
1607327039,407 S OAK PARK AVE,Ridgeland - Oak Park,R-7,condo,large_mf,9.0,9,299,class_rule,2001.0,condo_chars_newbuild,False,,,41.88118117253558,-87.7946808618182
16074000020000,721 SOUTH BLVD,Ridgeland - Oak Park,DT-2,small_mf,small_mf,6.0,1,212,char_apts,1918.0,char_yrblt,False,,,41.886489275778786,-87.79392439998654
16074000160000,123 S EUCLID AVE,Ridgeland - Oak Park,R-3-50,small_mf,small_mf,2.0,1,211,char_apts,1903.0,char_yrblt,False,,,41.88590483670932,-87.79326342458523
16074000170000,129 S EUCLID AVE,Ridgeland - Oak Park,R-3-50,small_mf,small_mf,2.0,1,211,default_missing_char_apts,1910.0,char_yrblt,False,,,41.885768071473706,-87.79325941420473
16074000180000,131 S EUCLID AVE,Ridgeland - Oak Park,R-3-50,small_mf,small_mf,2.0,1,211,char_apts,1902.0,char_yrblt,False,,,41.88563149862307,-87.79325540686298
1607400044,150 S OAK PARK AVE,Ridgeland - Oak Park,R-7,condo,large_mf,24.0,24,299,class_rule,1965.0,condo_chars,False,,,41.885886868058805,-87.79397814591132
16074010060000,647 SOUTH BLVD,Ridgeland - Oak Park,R-7,small_mf,small_mf,2.0,1,211,char_apts,1902.0,char_yrblt,False,,,41.88651681227147,-87.79179178743739
16074010070000,101 WESLEY AVE,Ridgeland - Oak Park,R-7,small_mf,small_mf,2.0,1,211,char_apts,1925.0,char_yrblt,False,,,41.88672578322491,-87.7915224685809
16074010080000,103 WESLEY AVE,Ridgeland - Oak Park,R-7,small_mf,small_mf,2.0,1,211,char_apts,1923.0,char_yrblt,False,,,41.88662291541908,-87.79151960900724
16074010090000,105 WESLEY AVE,Ridgeland - Oak Park,R-7,small_mf,small_mf,2.0,1,211,char_apts,1923.0,char_yrblt,False,,,41.8865200477848,-87.79151675175697
16074010100000,107 WESLEY AVE,Ridgeland - Oak Park,R-7,small_mf,small_mf,3.0,1,211,char_apts,1923.0,char_yrblt,False,,,41.88641715206575,-87.79151389224779
1607401030,653 SOUTH BLVD,Ridgeland - Oak Park,R-7,condo,large_mf,8.0,8,299,class_rule,1963.0,condo_chars,False,,,41.8866131372904,-87.79218681631609
1607401031,651 SOUTH BLVD,Ridgeland - Oak Park,R-7,condo,large_mf,9.0,9,299,class_rule,1950.0,condo_chars,False,,,41.88656341361023,-87.79198381672794
16074020010000,102 WESLEY AVE,Ridgeland - Oak Park,R-7,small_mf,small_mf,2.0,1,211,char_apts,1887.0,char_yrblt,False,,,41.88673117267836,-87.7908504309187
16074020040000,110 WESLEY AVE,Ridgeland - Oak Park,R-7,small_mf,small_mf,2.0,1,211,char_apts,1901.0,char_yrblt,False,,,41.88641542018574,-87.7908563900751
1607402047,615 SOUTH BLVD,Ridgeland - Oak Park,R-7,condo,large_mf,12.0,12,299,class_rule,1893.0,predecessor_chars,False,,1893.0,41.88658408140721,-87.79046343478922
16074030150000,127 S SCOVILLE AVE,Ridgeland - Oak Park,R-3-50,small_mf,small_mf,2.0,1,211,char_apts,1888.0,char_yrblt,False,,,41.88601267435567,-87.78836419154203
16074030410000,515 SOUTH BLVD,Ridgeland - Oak Park,R-7,small_mf,small_mf,4.0,1,211,char_apts,1909.0,char_yrblt,False,,,41.88660139276584,-87.78883155061791
1607403043,108 S EAST AVE,Ridgeland - Oak Park,R-3-50,condo,large_mf,53.0,53,299,class_rule,1903.0,condo_chars,False,,,41.886273806657975,-87.7890723576482
1607403045,113 S SCOVILLE AVE,Ridgeland - Oak Park,R-3-50,condo,large_mf,13.0,13,299,class_rule,1904.0,condo_chars,False,,,41.8862803285723,-87.78837154635522
1607403046,124 S EAST AVE,Ridgeland - Oak Park,R-3-50,condo,large_mf,8.0,8,299,class_rule,1930.0,condo_chars,False,,,41.88597801357068,-87.78906417755536
16074040020000,459 SOUTH BLVD,Ridgeland - Oak Park,R-7,large_mf,large_mf,9.0,1,314,commval_2023,1967.0,commval,False,,,41.886639480162145,-87.78747833379629
16074040030000,453 SOUTH BLVD,Ridgeland - Oak Park,R-7,small_mf,small_mf,2.0,1,211,char_apts,1893.0,char_yrblt,False,,,41.88656093948171,-87.78728515549977
1607404032,109 S ELMWOOD AVE,Ridgeland - Oak Park,NC,condo,large_mf,26.0,26,299,class_rule,1963.0,condo_chars,False,,,41.88656228943168,-87.78680769749229
1607404035,104 S SCOVILLE AVE,Ridgeland - Oak Park,R-7,condo,large_mf,17.0,17,299,class_rule,1917.0,condo_chars,False,,,41.88663695664244,-87.78766913993678
16074050050000,419 SOUTH BLVD,Ridgeland - Oak Park,NC,large_mf,large_mf,20.0,2,318|390,commval_2023,1929.0,commval,False,,,41.88666654071192,-87.78565357252441
16074050070000,411 SOUTH BLVD,Ridgeland - Oak Park,NC,small_mf,small_mf,2.0,1,212,char_apts,1960.0,char_yrblt,False,,,41.886675834068186,-87.78527572015726
16074050080000,401 SOUTH BLVD,Ridgeland - Oak Park,NC,large_mf,large_mf,3.0,1,318,commval_2023,1951.0,commval,False,,,41.88668031259146,-87.78498951063936
16074050290000,415 SOUTH BLVD,Ridgeland - Oak Park,NC,small_mf,small_mf,2.0,1,212,char_apts,1960.0,char_yrblt,False,,,41.886673594437205,-87.78541600502217
16074060020000,212 S OAK PARK AVE,Ridgeland - Oak Park,R-7,large_mf,large_mf,49.0,1,315,commval_2023,1930.0,commval,False,,,41.884479229741245,-87.79393576940765
16074060070000,232 S OAK PARK AVE,Ridgeland - Oak Park,R-7,small_mf,small_mf,2.0,1,211,char_apts,1908.0,char_yrblt,False,,,41.883792553843776,-87.79391620652794
16074060080000,236 S OAK PARK AVE,Ridgeland - Oak Park,R-7,small_mf,small_mf,6.0,1,211,char_apts,1908.0,char_yrblt,False,,,41.88365521226842,-87.79391229053466
1607406022,224 S OAK PARK AVE,Ridgeland - Oak Park,R-7,condo,large_mf,21.0,21,299,class_rule,1972.0,condo_chars,False,,,41.88399856442106,-87.79392207246002
1607406023,214 S OAK PARK AVE,Ridgeland - Oak Park,R-7,condo,large_mf,24.0,24,299,class_rule,1963.0,condo_chars,False,,,41.88427321839402,-87.79392989944645
1607406024,240 S OAK PARK AVE,Ridgeland - Oak Park,R-7,condo,large_mf,28.0,28,299,class_rule,1958.0,condo_chars,False,,,41.883490041924674,-87.79390760044032
16074080060000,220 WESLEY AVE,Ridgeland - Oak Park,R-3-50,small_mf,small_mf,2.0,1,211,char_apts,1910.0,char_yrblt,False,,,41.88426065957515,-87.7906525680362
16074080180000,221 S EAST AVE,Ridgeland - Oak Park,R-3-50,small_mf,small_mf,2.0,1,211,char_apts,1893.0,char_yrblt,False,,,41.88427259233094,-87.7899551093249
1607408026,241 S EAST AVE,Ridgeland - Oak Park,R-3-50,condo,large_mf,12.0,12,299,class_rule,1908.0,condo_chars,False,,,41.88355855464337,-87.789935421249
16074090200000,229 S SCOVILLE AVE,Ridgeland - Oak Park,R-3-50,small_mf,small_mf,2.0,1,211,char_apts,1896.0,char_yrblt,False,,,41.8840263079142,-87.78830725755091
16074090210000,233 S SCOVILLE AVE 1,Ridgeland - Oak Park,R-3-50,small_mf,small_mf,2.0,1,211,char_apts,1908.0,char_yrblt,False,,,41.88390282822935,-87.7883038632506
16074100160000,209 S ELMWOOD AVE SA,Ridgeland - Oak Park,R-3-50,small_mf,small_mf,2.0,1,211,char_apts,1906.0,char_yrblt,False,,,41.88474011224214,-87.78669579650645
16074100170000,213 S ELMWOOD AVE,Ridgeland - Oak Park,R-3-50,small_mf,small_mf,2.0,1,211,char_apts,1906.0,char_yrblt,False,,,41.88460288151943,-87.78669200818537
16074110120000,201 S RIDGELAND AVE,Ridgeland - Oak Park,R-3-50,small_mf,small_mf,4.0,1,211,char_apts,1901.0,char_yrblt,False,,,41.88504230916686,-87.78507245390139
16074120040000,717 RANDOLPH ST,Ridgeland - Oak Park,R-7,small_mf,small_mf,3.0,1,211,char_apts,1898.0,char_yrblt,False,,,41.88307886454927,-87.79362889777354
16074120060000,312 S OAK PARK AVE 2S,Ridgeland - Oak Park,R-7,small_mf,small_mf,4.0,1,211,char_apts,1898.0,char_yrblt,False,,,41.882733043875334,-87.79388512714151
16074120070000,316 S OAK PARK AVE,Ridgeland - Oak Park,R-7,small_mf,small_mf,3.0,1,211,char_apts,1902.0,char_yrblt,False,,,41.88259597794405,-87.79388121239924
16074120080000,320 S OAK PARK AVE 2,Ridgeland - Oak Park,R-7,small_mf,small_mf,3.0,1,211,char_apts,1914.0,char_yrblt,False,,,41.88248114260122,-87.79387795225952
16074120090000,322 S OAK PARK AVE,Ridgeland - Oak Park,R-7,small_mf,small_mf,2.0,1,211,char_apts,1914.0,char_yrblt,False,,,41.882371496420376,-87.79387482533139
16074120130000,334 S OAK PARK AVE,Ridgeland - Oak Park,R-7,small_mf,small_mf,2.0,1,211,char_apts,1913.0,char_yrblt,False,,,41.88202043109973,-87.79386480775602
16074120140000,338 S OAK PARK AVE,Ridgeland - Oak Park,R-7,small_mf,small_mf,2.0,1,211,char_apts,1913.0,char_yrblt,False,,,41.88189700542614,-87.7938612933041
16074120150000,720 WASHINGTON BLVD,Ridgeland - Oak Park,R-7,large_mf,large_mf,18.0,1,315,commval_2023,1958.0,commval,False,,,41.881745063693174,-87.7938569923412
16074120300000,710 WASHINGTON BLVD,Ridgeland - Oak Park,R-7,large_mf,large_mf,24.0,1,315,commval_2023,1957.0,commval,False,,,41.88175677952657,-87.79314435649431
16074120340000,326 S OAK PARK AVE,Ridgeland - Oak Park,R-7,small_mf,small_mf,2.0,1,211,char_apts,1916.0,char_yrblt,False,,,41.88229744521966,-87.79387270523722
1607412036,328 S OAK PARK AVE,Ridgeland - Oak Park,R-7,condo,small_mf,3.0,3,299,class_rule,2006.0,condo_chars_newbuild,False,,,41.88219615123777,-87.79386982267215
16074130120000,315 WESLEY AVE,Ridgeland - Oak Park,R-3-50,small_mf,small_mf,3.0,1,211,char_apts,1894.0,char_yrblt,False,,,41.88268319074598,-87.79154375026425
16074130130000,319 WESLEY AVE,Ridgeland - Oak Park,R-3-50,small_mf,small_mf,2.0,1,211,char_apts,1898.0,char_yrblt,False,,,41.88251845911111,-87.79153919333298
16074130240000,652 WASHINGTON BLVD,Ridgeland - Oak Park,R-7,large_mf,large_mf,10.0,1,315,commval_2023,1956.0,commval,False,,,41.881829574097544,-87.7920230197438
1607413045,332 S EUCLID AVE,Ridgeland - Oak Park,R-7,condo,small_mf,6.0,6,299,class_rule,1954.0,condo_chars,False,,,41.88204630897508,-87.7922198243644
1607413046,338 S EUCLID AVE,Ridgeland - Oak Park,R-7,condo,large_mf,29.0,29,299,class_rule,1966.0,condo_chars,False,,,41.88182408002719,-87.79234216209908
16074140050000,314 WESLEY AVE,Ridgeland - Oak Park,R-3-50,small_mf,small_mf,2.0,1,211,char_apts,1904.0,char_yrblt,False,,,41.88265078187621,-87.79060826284322
16074140110000,622 WASHINGTON BLVD,Ridgeland - Oak Park,R-7,small_mf,small_mf,5.0,1,211,char_apts,1895.0,char_yrblt,False,,,41.88180177853056,-87.79040153617132
16074140170000,323 S EAST AVE,Ridgeland - Oak Park,R-3-50,small_mf,small_mf,2.0,1,211,char_apts,1893.0,char_yrblt,False,,,41.88252498924959,-87.78990691838075
1607414027,333 S EAST AVE,Ridgeland - Oak Park,R-7,condo,large_mf,36.0,36,299,class_rule,1968.0,condo_chars,False,,,41.8819755460204,-87.78989176036701
1607414028,330 WESLEY AVE,Ridgeland - Oak Park,R-7,condo,large_mf,8.0,8,299,class_rule,1928.0,condo_chars,False,,,41.88210136634615,-87.79059313562615
16074150150000,329 S SCOVILLE AVE,Ridgeland - Oak Park,R-3-50,small_mf,small_mf,4.0,1,211,char_apts,1925.0,char_yrblt,False,,,41.8822846724056,-87.78826167724245
16074150170000,524 WASHINGTON BLVD,Ridgeland - Oak Park,R-7,small_mf,small_mf,3.0,1,211,char_apts,1904.0,char_yrblt,False,,,41.8819001814971,-87.78896879095556
1607415027,500 WASHINGTON BLVD,Ridgeland - Oak Park,R-7,condo,large_mf,28.0,28,299,class_rule,1968.0,condo_chars,False,,,41.88196930223414,-87.78822100002904
1607415034,530 WASHINGTON BLVD,Ridgeland - Oak Park,R-7,condo,large_mf,13.0,13,299,class_rule,1929.0,condo_chars,False,,,41.88189643006005,-87.78916741327093
16074160060000,322 S SCOVILLE AVE,Ridgeland - Oak Park,R-3-50,small_mf,small_mf,2.0,1,211,char_apts,1912.0,char_yrblt,False,,,41.88243869344743,-87.7873287693566
16074160150000,458 WASHINGTON BLVD,Ridgeland - Oak Park,R-7,large_mf,large_mf,31.0,1,315,commval_2023,1925.0,commval,False,,,41.88198356886232,-87.78744031315324
1607416022,456 WASHINGTON BLVD,Ridgeland - Oak Park,R-7,condo,large_mf,8.0,8,299,class_rule,1967.0,condo_chars,False,,,41.88198859169897,-87.7871518550395
1607416023,444 WASHINGTON BLVD,Ridgeland - Oak Park,R-7,condo,large_mf,27.0,27,299,class_rule,1972.0,condo_chars,False,,,41.88199496643551,-87.78678446978228
16074170170000,428 WASHINGTON BLVD,Ridgeland - Oak Park,R-7,large_mf,large_mf,9.0,1,314,commval_2023,1969.0,commval,False,,,41.88201032582665,-87.78590117277699
16074170190000,420 WASHINGTON BLVD,Ridgeland - Oak Park,R-7,small_mf,small_mf,2.0,1,211,char_apts,1915.0,char_yrblt,False,,,41.88201726113506,-87.78550249497377
16074170200000,416 WASHINGTON BLVD,Ridgeland - Oak Park,R-7,small_mf,small_mf,2.0,1,211,char_apts,1915.0,char_yrblt,False,,,41.882020122133554,-87.78533722141745
1607417031,424 W WASHINGTON BLVD,Ridgeland - Oak Park,R-7,condo,small_mf,6.0,6,299,class_rule,1915.0,condo_chars,False,,,41.88201407569589,-87.78568616934228
1607417032,331 S RIDGELAND AVE,Ridgeland - Oak Park,R-7,condo,large_mf,10.0,10,299,class_rule,1905.0,condo_chars,False,,,41.88216349617522,-87.78486883371184
16074180010000,408 S OAK PARK AVE,Ridgeland - Oak Park,NC,large_mf,large_mf,352.0,2,213,estimate_av/all,1921.0,manual,False,,,41.881252396275514,-87.79390575077537
1607418021,717 WASHINGTON BLVD,Ridgeland - Oak Park,R-7,condo,large_mf,11.0,11,299,class_rule,1922.0,condo_chars,False,,,41.88125857920055,-87.79353899758425
1607418022,711 W WASHINGTON BLVD,Ridgeland - Oak Park,R-7,condo,large_mf,10.0,10,299,class_rule,1896.0,condo_chars,False,,,41.88126175127469,-87.79335587570192
16074190020000,651 WASHINGTON BLVD,Ridgeland - Oak Park,R-7,small_mf,small_mf,2.0,1,211,char_apts,1912.0,char_yrblt,False,,,41.881272387883634,-87.79197078327383
16074190030000,655 WASHINGTON BLVD,Ridgeland - Oak Park,R-7,small_mf,small_mf,3.0,1,211,char_apts,1903.0,char_yrblt,False,,,41.88134688267008,-87.79215649805383
16074190060000,422 S EUCLID AVE,Ridgeland - Oak Park,R-7,large_mf,large_mf,10.0,1,314,commval_2023,1966.0,commval,False,,,41.880717669481555,-87.79218271095787
16074190090000,647 WASHINGTON BLVD,Ridgeland - Oak Park,R-7,small_mf,small_mf,3.0,1,211,char_apts,1923.0,char_yrblt,False,,,41.881422789848614,-87.79173617005225
16074190100000,643 WASHINGTON BLVD 1,Ridgeland - Oak Park,R-7,small_mf,small_mf,2.0,1,211,char_apts,1914.0,char_yrblt,False,,,41.88142609603096,-87.79154339834423
1607419029,426 EUCLID AVE,Ridgeland - Oak Park,R-7,condo,large_mf,38.0,38,299,class_rule,1926.0,condo_chars,False,,,41.88042663029012,-87.79217460973932
1607420025,401 S EAST AVE,Ridgeland - Oak Park,R-7,condo,large_mf,47.0,47,299,class_rule,1930.0,condo_chars,False,,,41.88132688426769,-87.78987377569779
1607420027,400 S WESLEY AVE,Ridgeland - Oak Park,R-7,condo,large_mf,47.0,47,299,class_rule,1927.0,condo_chars,False,,,41.881377173507026,-87.79057313885673
16074220030000,455 WASHINGTON BLVD,Ridgeland - Oak Park,R-7,small_mf,small_mf,2.0,1,211,char_apts,1913.0,char_yrblt,False,,,41.88135755021792,-87.78713446123328
16074220040000,451 WASHINGTON BLVD,Ridgeland - Oak Park,R-7,small_mf,small_mf,3.0,1,211,char_apts,1950.0,char_yrblt,False,,,41.881360765414286,-87.78695078905206
1607422030,405 S ELMWOOD AVE,Ridgeland - Oak Park,R-7,condo,large_mf,10.0,10,299,class_rule,1964.0,condo_chars,False,,,41.88137053987961,-87.7863868437417
16074220310000,400 S SCOVILLE AVE,Ridgeland - Oak Park,R-7,large_mf,large_mf,24.0,1,315,commval_2023,1953.0,commval,False,,,41.881352554866865,-87.78742295338525
16074230020000,423 WASHINGTON BLVD,Ridgeland - Oak Park,R-7,small_mf,small_mf,4.0,1,211,char_apts,1915.0,char_yrblt,False,,,41.88138270908992,-87.78568682364588
16074230030000,419 WASHINGTON BLVD 1,Ridgeland - Oak Park,R-7,small_mf,small_mf,2.0,1,211,char_apts,1916.0,char_yrblt,False,,,41.881385125749894,-87.78554913368947
16074230040000,417 WASHINGTON BLVD,Ridgeland - Oak Park,R-7,small_mf,small_mf,3.0,1,211,char_apts,1916.0,char_yrblt,False,,,41.88138671864984,-87.78545735190039
1607423039,404 S ELMWOOD AVE,Ridgeland - Oak Park,R-7,condo,large_mf,9.0,9,299,class_rule,1972.0,condo_chars,False,,,41.881379284153624,-87.78588349867258
1607423044,411 WASHINGTON BLVD,Ridgeland - Oak Park,R-7,condo,small_mf,6.0,6,299,class_rule,1913.0,condo_chars,False,,,41.88139229350279,-87.78513613607537
16081010030000,428 N CUYLER AVE,Ridgeland - Oak Park,R-5,small_mf,small_mf,2.0,1,211,char_apts,1905.0,char_yrblt,False,,,41.89423488933405,-87.78277984713907
16081070080000,304 N CUYLER AVE,Ridgeland - Oak Park,R-2,small_mf,small_mf,4.0,1,211,char_apts,1899.0,char_yrblt,False,,,41.8920379509587,-87.78271534347722
16081070090000,300 N CUYLER AVE,Ridgeland - Oak Park,R-2,small_mf,small_mf,4.0,1,211,char_apts,1895.0,char_yrblt,False,,,41.89189564184139,-87.78271120948743
16081070130000,323 N HARVEY AVE,Ridgeland - Oak Park,R-2,small_mf,small_mf,2.0,1,211,char_apts,1898.0,char_yrblt,False,,,41.89267630326182,-87.78203220703695
16081080110000,325 N LOMBARD AVE,Ridgeland - Oak Park,R-2,small_mf,small_mf,2.0,1,211,char_apts,1913.0,char_yrblt,False,,,41.89272620822019,-87.78040850019093
16081080120000,319 N LOMBARD AVE,Ridgeland - Oak Park,R-2,small_mf,small_mf,2.0,1,211,char_apts,1916.0,char_yrblt,False,,,41.892589058797085,-87.78040441129407
16081090100000,300 N LOMBARD AVE 2,Ridgeland - Oak Park,R-2,small_mf,small_mf,2.0,1,211,char_apts,1912.0,char_yrblt,False,,,41.891939347473624,-87.77946265688524
16081120180000,201 N CUYLER AVE,Ridgeland - Oak Park,R-2,small_mf,small_mf,3.0,1,211,char_apts,1927.0,char_yrblt,False,,,41.89051071128833,-87.78359566613813
16081140060000,216 N HARVEY AVE,Ridgeland - Oak Park,R-2,small_mf,small_mf,2.0,1,211,char_apts,1894.0,char_yrblt,False,,,41.891069218387415,-87.78106151430839
16081150010000,232 N LOMBARD AVE,Ridgeland - Oak Park,R-2,small_mf,small_mf,2.0,1,211,char_apts,1913.0,char_yrblt,False,,,41.89164781067093,-87.77945370076505
16081150030000,226 N LOMBARD AVE,Ridgeland - Oak Park,R-2,small_mf,small_mf,2.0,1,211,char_apts,1914.0,char_yrblt,False,,,41.891393683880175,-87.77944605309486
16081150040000,222 N LOMBARD AVE 2,Ridgeland - Oak Park,R-2,small_mf,small_mf,2.0,1,211,char_apts,1912.0,char_yrblt,False,,,41.89129778648174,-87.77944320787063
16081150050000,220 N LOMBARD AVE,Ridgeland - Oak Park,R-2,small_mf,small_mf,2.0,1,211,char_apts,1914.0,char_yrblt,False,,,41.89120128461843,-87.7794402951792
16081150100000,200 N LOMBARD AVE,Ridgeland - Oak Park,R-2,small_mf,small_mf,2.0,1,211,char_apts,1914.0,char_yrblt,False,,,41.890570071418566,-87.77942129302632
16081150110000,233 N TAYLOR AVE,Ridgeland - Oak Park,R-2,small_mf,small_mf,2.0,1,211,char_apts,1906.0,char_yrblt,False,,,41.89165106844227,-87.7787526511202
16081150130000,225 N TAYLOR AVE,Ridgeland - Oak Park,R-2,small_mf,small_mf,2.0,1,211,char_apts,1907.0,char_yrblt,False,,,41.89137599944371,-87.7787443051681
16081180220000,316 LAKE ST,Ridgeland - Oak Park,NC,large_mf,large_mf,10.0,1,318,commval_2023,1905.0,commval,False,,,41.88867327021215,-87.78398899861108
16081180230000,310 LAKE ST,Ridgeland - Oak Park,NC,large_mf,large_mf,8.0,1,318,commval_2023,1896.0,commval,False,,,41.88872395677619,-87.78370396504751
1608118032,142 N RIDGELAND AVE,Ridgeland - Oak Park,R-2,condo,large_mf,8.0,8,299,class_rule,1916.0,condo_chars,False,,,41.888977802429515,-87.78425534266898
16081190050000,168 N CUYLER AVE,Ridgeland - Oak Park,R-2,small_mf,small_mf,2.0,1,211,char_apts,1891.0,char_yrblt,False,,,41.88996027380495,-87.78265701620307
16081190240000,130 N CUYLER AVE,Ridgeland - Oak Park,NC,small_mf,small_mf,4.0,1,211,char_apts,1920.0,char_yrblt,False,,,41.888701395920705,-87.78274665878979
16081190250000,266 LAKE ST,Ridgeland - Oak Park,NC,small_mf,small_mf,3.0,1,212,char_apts,1957.0,char_yrblt,False,,,41.88849185213024,-87.78283613342461
16081190260000,260 LAKE ST,Ridgeland - Oak Park,NC,small_mf,small_mf,3.0,1,212,char_apts,1957.0,char_yrblt,False,,,41.888490253407966,-87.78264561270561
16081190290000,250 LAKE ST,Ridgeland - Oak Park,NC,small_mf,small_mf,6.0,1,211,char_apts,1900.0,char_yrblt,False,,,41.88858229877921,-87.78221939410285
16081200160000,163 N LOMBARD AVE,Ridgeland - Oak Park,R-2,small_mf,small_mf,2.0,1,211,default_missing_char_apts,1898.0,char_yrblt,False,,,41.88971837636269,-87.78031736960358
16081200310000,133 N LOMBARD AVE,Ridgeland - Oak Park,NC,small_mf,small_mf,2.0,1,211,char_apts,1932.0,char_yrblt,False,,,41.88871182719211,-87.78026885413291
16081200330000,131 N LOMBARD AVE 1,Ridgeland - Oak Park,NC,small_mf,small_mf,2.0,1,211,char_apts,1923.0,char_yrblt,False,,,41.888617339418545,-87.78015983956428
16081210010000,178 N LOMBARD AVE 1,Ridgeland - Oak Park,R-2,small_mf,small_mf,3.0,1,211,char_apts,1900.0,char_yrblt,False,,,41.89027963120765,-87.77941226921236
16081210170000,163 N TAYLOR AVE,Ridgeland - Oak Park,R-2,small_mf,small_mf,3.0,1,211,char_apts,1905.0,char_yrblt,False,,,41.88973875622555,-87.77869358798704
16081210510000,119 N TAYLOR AVE,Ridgeland - Oak Park,R-7,small_mf,small_mf,2.0,1,211,char_apts,1974.0,char_yrblt,False,,,41.88828957276313,-87.77856938192554
16081210530000,143 N TAYLOR AVE,Ridgeland - Oak Park,R-2,small_mf,small_mf,3.0,1,211,char_apts,1886.0,char_yrblt,False,,,41.88905014735296,-87.77867190692477
16081210550000,114 LAKE ST,Ridgeland - Oak Park,R-7,small_mf,small_mf,6.0,1,211,char_apts,1957.0,char_yrblt,False,,,41.88846860606951,-87.77888379764505
1608121058,120 W LAKE ST,Ridgeland - Oak Park,R-7,condo,small_mf,4.0,4,299,class_rule,1904.0,condo_chars,False,,,41.888537192684765,-87.77919611849865
16081220140000,175 N HUMPHREY AVE,Ridgeland - Oak Park,R-2,small_mf,small_mf,2.0,1,211,char_apts,1901.0,char_yrblt,False,,,41.89017569167824,-87.77708152836186
16081220190000,155 N HUMPHREY AVE 1,Ridgeland - Oak Park,R-2,small_mf,small_mf,2.0,1,211,char_apts,1910.0,char_yrblt,False,,,41.88948713553878,-87.77705931641202
16081220200000,151 N HUMPHREY AVE,Ridgeland - Oak Park,R-2,small_mf,small_mf,2.0,1,211,char_apts,1896.0,char_yrblt,False,,,41.889349407716395,-87.77705489108678
16081220300000,50 LAKE ST,Ridgeland - Oak Park,R-7,small_mf,small_mf,2.0,1,211,char_apts,1924.0,char_yrblt,False,,,41.888431798148986,-87.77732701758003
16081220310000,48 LAKE ST,Ridgeland - Oak Park,NC,small_mf,small_mf,2.0,1,212,char_apts,1951.0,char_yrblt,False,,,41.88843103415925,-87.7772315924446
16081220330000,38 LAKE ST,Ridgeland - Oak Park,NC,large_mf,large_mf,39.0,1,318,commval_2023,1924.0,commval,False,,,41.888429479377194,-87.77689972470509
16081220340000,56 LAKE ST,Ridgeland - Oak Park,R-7,small_mf,small_mf,2.0,1,211,char_apts,1922.0,char_yrblt,False,,,41.88843411673801,-87.77759673592257
16081220360000,54 LAKE ST,Ridgeland - Oak Park,R-7,small_mf,small_mf,2.0,1,211,char_apts,1922.0,char_yrblt,False,,,41.88843305573999,-87.77745357380208
1608122039,126 N TAYLOR AVE UNIT 126-1N,Ridgeland - Oak Park,R-7,condo,large_mf,10.0,10,299,class_rule,1908.0,condo_chars,False,,,41.88843722596039,-87.7778519585952
16081230010000,176 N HUMPHREY AVE,Ridgeland - Oak Park,R-7,small_mf,small_mf,3.0,1,211,char_apts,1891.0,char_yrblt,False,,,41.89032591719696,-87.77623341488871
16081230060000,162 N HUMPHREY AVE,Ridgeland - Oak Park,R-7,large_mf,large_mf,10.0,1,315,commval_2023,1966.0,commval,False,,,41.889776137128635,-87.77614347361921
16081230100000,130 N HUMPHREY AVE,Ridgeland - Oak Park,R-7,large_mf,large_mf,43.0,1,315,commval_2023,1923.0,commval,False,,,41.888949826579015,-87.77611708608129
16081230110000,480 N AUSTIN BLVD,Ridgeland - Oak Park,R-7,large_mf,large_mf,49.0,1,315,commval_2023,1924.0,commval,False,,,41.890204249662744,-87.77545050658223
16081230150000,450 N AUSTIN BLVD,Ridgeland - Oak Park,R-7,large_mf,large_mf,43.0,1,315,commval_2023,1925.0,commval,False,,,41.889373302687105,-87.77542414947452
16081230160000,440 N AUSTIN BLVD,Ridgeland - Oak Park,R-7,large_mf,large_mf,31.0,1,315,commval_2023,1915.0,commval,False,,,41.889097847485914,-87.7754154178096
16081230170000,432 N AUSTIN BLVD,Ridgeland - Oak Park,R-7,large_mf,large_mf,26.0,1,315,commval_2023,1921.0,commval,False,,,41.88882247465186,-87.77540666767797
16081230280000,146 N HUMPHREY AVE,Ridgeland - Oak Park,R-7,large_mf,large_mf,31.0,1,315,commval_2023,1917.0,commval,False,,,41.889367593675146,-87.77613044687142
16081230290000,466 N AUSTIN BLVD,Ridgeland - Oak Park,R-7,large_mf,large_mf,22.0,1,315,commval_2023,1964.0,commval,False,,,41.889791122257506,-87.77543739028042
1608123030,166 N HUMPHREY AVE,Ridgeland - Oak Park,R-7,condo,large_mf,16.0,16,299,class_rule,1922.0,predecessor_chars,False,,1922.0,41.88991386496423,-87.77614787882618
16083000060000,309 SOUTH BLVD,Ridgeland - Oak Park,NC,small_mf,small_mf,2.0,1,211,char_apts,1921.0,char_yrblt,False,,,41.88669406564935,-87.78358403752728
1608300030,106 S RIDGELAND AVE,Ridgeland - Oak Park,NC,condo,large_mf,116.0,116,299,class_rule,2005.0,condo_chars_unverified,False,,,41.88674699695278,-87.78412476031261
16083010020000,101 S HARVEY AVE,Ridgeland - Oak Park,NC,large_mf,large_mf,57.0,1,318,commval_2023,1928.0,commval,False,,,41.88671094135063,-87.78187271035807
16083010240000,133 S HARVEY AVE,Ridgeland - Oak Park,R-3-50,large_mf,large_mf,13.0,2,315,commval_2023,1912.0,commval,False,,,41.88581459638995,-87.78182867533607
1608301049,142 S CUYLER AVE,Ridgeland - Oak Park,R-3-50,condo,large_mf,16.0,16,299,class_rule,1916.0,condo_chars,False,,,41.88541526224894,-87.78252239602111
16083020010000,225 SOUTH BLVD,Ridgeland - Oak Park,NC,large_mf,large_mf,46.0,1,318,commval_2023,1930.0,commval,False,,,41.886721231755025,-87.78105567420846
16083020110000,136 S HARVEY AVE,Ridgeland - Oak Park,R-3-50,large_mf,large_mf,31.0,2,315,commval_2023,1911.0,commval,False,,,41.88563594897041,-87.78089864927759
16083020280000,117 S LOMBARD AVE,Ridgeland - Oak Park,R-7,small_mf,small_mf,4.0,1,211,char_apts,1943.0,char_yrblt,False,,,41.88624919779504,-87.78021282639287
16083030030000,117 SOUTH BLVD,Ridgeland - Oak Park,NC,large_mf,large_mf,19.0,1,315,commval_2023,1927.0,commval,False,,,41.88675213729951,-87.77901203059214
16083030050000,118 S LOMBARD AVE,Ridgeland - Oak Park,R-3-50,small_mf,small_mf,2.0,1,211,char_apts,1910.0,char_yrblt,False,,,41.88633363846142,-87.77929047856028
16083030070000,124 S LOMBARD AVE,Ridgeland - Oak Park,R-3-50,small_mf,small_mf,2.0,1,211,char_apts,1920.0,char_yrblt,False,,,41.88611414796056,-87.77928377718733
16083030080000,128 S LOMBARD AVE 1ST,Ridgeland - Oak Park,R-3-50,small_mf,small_mf,2.0,1,211,char_apts,1903.0,char_yrblt,False,,,41.88600441697232,-87.77928041235748
16083030100000,134 S LOMBARD AVE,Ridgeland - Oak Park,R-3-50,small_mf,small_mf,2.0,1,211,char_apts,1918.0,char_yrblt,False,,,41.885801422061654,-87.77927423377355
16083030290000,105 S TAYLOR AVE,Ridgeland - Oak Park,NC,small_mf,small_mf,5.0,1,211,char_apts,1908.0,char_yrblt,False,,,41.88682732222922,-87.77856726410783
16083040010000,102 S TAYLOR AVE,Ridgeland - Oak Park,NC,small_mf,small_mf,6.0,1,211,char_apts,1961.0,char_yrblt,False,,,41.88693521693112,-87.77767986750007
16083040030000,106 S TAYLOR AVE,Ridgeland - Oak Park,NC,small_mf,small_mf,2.0,1,211,char_apts,1903.0,char_yrblt,False,,,41.88672944908261,-87.77767335107208
16083040040000,112 S TAYLOR AVE,Ridgeland - Oak Park,NC,small_mf,small_mf,2.0,1,211,char_apts,1904.0,char_yrblt,False,,,41.88661971736748,-87.77766985808478
16083040050000,114 S TAYLOR AVE,Ridgeland - Oak Park,R-3-50,small_mf,small_mf,2.0,1,211,char_apts,1910.0,char_yrblt,False,,,41.886465713642366,-87.77766498441781
16083040070000,120 S TAYLOR AVE,Ridgeland - Oak Park,R-3-50,small_mf,small_mf,2.0,1,211,char_apts,1912.0,char_yrblt,False,,,41.88624537150247,-87.77765800818946
16083040130000,140 S TAYLOR AVE,Ridgeland - Oak Park,R-3-50,small_mf,small_mf,2.0,1,211,char_apts,1912.0,char_yrblt,False,,,41.88558818796719,-87.7776372249974
16083040150000,49 SOUTH BLVD,Ridgeland - Oak Park,NC,large_mf,large_mf,50.00000000000001,2,315,commval_2023,1926.0,commval,False,,,41.88677775963846,-87.77707494202814
16083050010000,102 S HUMPHREY AVE,Ridgeland - Oak Park,NC,small_mf,small_mf,2.0,1,211,char_apts,1910.0,char_yrblt,False,,,41.886925737816334,-87.77617085015322
16083050100000,120 S HUMPHREY AVE,Ridgeland - Oak Park,R-5,small_mf,small_mf,2.0,1,211,char_apts,1903.0,char_yrblt,False,,,41.88619910876996,-87.77602811565785
16083050130000,132 S HUMPHREY AVE 1,Ridgeland - Oak Park,R-5,small_mf,small_mf,3.0,1,211,char_apts,1904.0,char_yrblt,False,,,41.88578757252985,-87.7760149855734
16083050150000,140 S HUMPHREY AVE 1,Ridgeland - Oak Park,R-5,small_mf,small_mf,2.0,1,211,char_apts,1967.0,char_yrblt,False,,,41.88551324194121,-87.77600622246888
16083050210000,312 N AUSTIN BLVD,Ridgeland - Oak Park,R-7,large_mf,large_mf,10.0,1,315,commval_2023,1966.0,commval,False,,,41.885799823227345,-87.77531094891256
16083050230000,302 N AUSTIN BLVD,Ridgeland - Oak Park,R-7,large_mf,large_mf,19.0,1,315,commval_2023,1923.0,commval,False,,,41.88553095882811,-87.77530241642147
1608305024,336 N AUSTIN BLVD,Ridgeland - Oak Park,NC,condo,large_mf,24.0,24,299,class_rule,1894.0,condo_chars,False,,,41.88679984115703,-87.77522330606737
1608305025,320 N AUSTIN BLVD,Ridgeland - Oak Park,R-7,condo,large_mf,9.0,9,299,class_rule,1965.0,condo_chars,False,,,41.88607418013237,-87.77531959563407
16083080100000,201 S LOMBARD AVE,Ridgeland - Oak Park,R-3-50,large_mf,large_mf,25.0,1,315,commval_2023,1919.0,commval,False,,,41.885059802793975,-87.7801765179527
16083090020000,214 S LOMBARD AVE,Ridgeland - Oak Park,R-3-50,small_mf,small_mf,2.0,1,211,char_apts,1902.0,char_yrblt,False,,,41.88470383245661,-87.77924008900669
16083090030000,216 S LOMBARD AVE,Ridgeland - Oak Park,R-3-50,small_mf,small_mf,2.0,1,211,char_apts,1915.0,char_yrblt,False,,,41.88459135633197,-87.77923665413508
16083090080000,201 S TAYLOR AVE,Ridgeland - Oak Park,R-3-50,small_mf,small_mf,2.0,1,211,char_apts,1917.0,char_yrblt,False,,,41.88516391628849,-87.77854881526666
16083090090000,209 S TAYLOR AVE,Ridgeland - Oak Park,R-3-50,small_mf,small_mf,2.0,1,211,char_apts,1915.0,char_yrblt,False,,,41.88493976070278,-87.77854200835606
16083090140000,225 S TAYLOR AVE,Ridgeland - Oak Park,R-3-50,small_mf,small_mf,2.0,1,211,char_apts,1898.0,char_yrblt,False,,,41.88437735380579,-87.77852491333222
1608309017,119 PLEASANT ST,Ridgeland - Oak Park,R-3-50,condo,large_mf,36.0,36,299,class_rule,1908.0,condo_chars,False,,,41.885041259925785,-87.77925039299137
16083100040000,210 S TAYLOR AVE,Ridgeland - Oak Park,R-3-50,small_mf,small_mf,2.0,1,211,char_apts,1903.0,char_yrblt,False,,,41.88484026894257,-87.77761425320242
16083100050000,214 S TAYLOR AVE,Ridgeland - Oak Park,R-3-50,small_mf,small_mf,2.0,1,211,char_apts,1913.0,char_yrblt,False,,,41.88472779296397,-87.77761085781076
16083100080000,222 S TAYLOR AVE,Ridgeland - Oak Park,R-3-50,small_mf,small_mf,2.0,1,211,char_apts,1904.0,char_yrblt,False,,,41.884390311005546,-87.77760067176924
16083110090000,234 N AUSTIN BLVD,Ridgeland - Oak Park,R-7,large_mf,large_mf,15.0,1,315,commval_2023,1958.0,commval,False,,,41.88520886557594,-87.77529172328016
16083110100000,230 N AUSTIN BLVD,Ridgeland - Oak Park,R-7,small_mf,small_mf,3.0,1,211,char_apts,1898.0,char_yrblt,False,,,41.885061504272784,-87.77528707613523
16083110120000,224 N AUSTIN BLVD,Ridgeland - Oak Park,R-7,small_mf,small_mf,3.0,1,211,char_apts,1930.0,char_yrblt,False,,,41.884837154919495,-87.77528002674015
16083110130000,220 N AUSTIN BLVD,Ridgeland - Oak Park,R-7,small_mf,small_mf,2.0,1,211,char_apts,1915.0,char_yrblt,False,,,41.88477021235335,-87.77527791325174
16083110150000,208 N AUSTIN BLVD,Ridgeland - Oak Park,R-7,large_mf,large_mf,38.0,1,315,commval_2023,1927.0,commval,False,,,41.884398591183654,-87.77526623616735
16083120010000,300 S RIDGELAND AVE 1ST,Ridgeland - Oak Park,R-3-50,small_mf,small_mf,2.0,1,211,char_apts,1913.0,char_yrblt,False,,,41.88331306634056,-87.78409441638476
16083120090000,328 S RIDGELAND AVE,Ridgeland - Oak Park,R-3-50,small_mf,small_mf,2.0,1,211,char_apts,1911.0,char_yrblt,False,,,41.882355552723595,-87.78406783997596
16083120100000,332 S RIDGELAND AVE 1,Ridgeland - Oak Park,R-2,small_mf,small_mf,2.0,1,211,char_apts,1910.0,char_yrblt,False,,,41.882235475988786,-87.78406449848843
16083120200000,320 WASHINGTON BLVD,Ridgeland - Oak Park,R-7,large_mf,large_mf,29.0,1,315,commval_2023,1919.0,commval,False,,,41.88198756900902,-87.78411232213024
16083120210000,316 WASHINGTON BLVD,Ridgeland - Oak Park,R-7,small_mf,small_mf,6.0,1,211,char_apts,1922.0,char_yrblt,False,,,41.8819931616131,-87.78377839682929
16083120220000,300 WASHINGTON BLVD,Ridgeland - Oak Park,R-7,large_mf,large_mf,49.0,1,315,commval_2023,1905.0,commval,False,,,41.881999938521005,-87.78337107249232
1608312023,320 S RIDGELAND AVE,Ridgeland - Oak Park,R-3-50,condo,large_mf,13.0,13,299,class_rule,1904.0,condo_chars,False,,,41.88248087025139,-87.78407132847877
16083130100000,332 S CUYLER AVE,Ridgeland - Oak Park,R-3-50,small_mf,small_mf,2.0,1,211,char_apts,1922.0,char_yrblt,False,,,41.88230036826647,-87.7824355880424
16083130230000,337 S HARVEY AVE,Ridgeland - Oak Park,R-3-50,small_mf,small_mf,2.0,1,211,char_apts,1914.0,char_yrblt,False,,,41.88249623085226,-87.78173351175225
16083130240000,339 S HARVEY AVE,Ridgeland - Oak Park,R-3-50,small_mf,small_mf,2.0,1,211,char_apts,1915.0,char_yrblt,False,,,41.882387220698696,-87.78173037073557
16083130250000,343 S HARVEY AVE,Ridgeland - Oak Park,R-3-50,small_mf,small_mf,2.0,1,211,char_apts,1916.0,char_yrblt,False,,,41.88231332864093,-87.78172823403148
16083130260000,264 WASHINGTON BLVD,Ridgeland - Oak Park,R-7,small_mf,small_mf,6.0,1,211,char_apts,1957.0,char_yrblt,False,,,41.88202390573072,-87.78267439602735
16083130270000,260 WASHINGTON BLVD,Ridgeland - Oak Park,R-7,small_mf,small_mf,3.0,1,211,char_apts,1920.0,char_yrblt,False,,,41.88202620723868,-87.7825362641519
16083130280000,258 WASHINGTON BLVD,Ridgeland - Oak Park,R-7,small_mf,small_mf,3.0,1,211,char_apts,1916.0,char_yrblt,False,,,41.88202861459763,-87.78239170530568
16083130290000,256 WASHINGTON BLVD 1,Ridgeland - Oak Park,R-7,small_mf,small_mf,2.0,1,211,char_apts,1911.0,char_yrblt,False,,,41.88203104677292,-87.7822466320892
16083130300000,252 WASHINGTON BLVD,Ridgeland - Oak Park,R-7,small_mf,small_mf,2.0,1,211,char_apts,1910.0,char_yrblt,False,,,41.882033049282576,-87.78212631318405
16083130310000,238 WASHINGTON BLVD,Ridgeland - Oak Park,R-7,large_mf,large_mf,50.0,1,315,commval_2023,1923.0,commval,False,,,41.88203950225056,-87.78173868927652
16083140110000,312 S HARVEY AVE,Ridgeland - Oak Park,R-3-50,small_mf,small_mf,2.0,1,211,char_apts,1917.0,char_yrblt,False,,,41.88327146804113,-87.78082950861861
16083140200000,230 WASHINGTON BLVD,Ridgeland - Oak Park,R-7,large_mf,large_mf,13.0,1,315,commval_2023,1922.0,commval,False,,,41.88207473588008,-87.78100717829277
1608314043,222 WASHINGTON BLVD,Ridgeland - Oak Park,R-7,condo,large_mf,49.0,49,299,class_rule,1966.0,condo_chars,False,,,41.882080195365035,-87.78069276865511
16083150040000,310 S LOMBARD AVE 2ND,Ridgeland - Oak Park,R-3-50,small_mf,small_mf,3.0,1,211,char_apts,1903.0,char_yrblt,False,,,41.88349536300632,-87.77920365493816
16083150210000,323 S TAYLOR AVE,Ridgeland - Oak Park,R-3-50,small_mf,small_mf,2.0,1,211,char_apts,1913.0,char_yrblt,False,,,41.88302682185499,-87.77848436182163
16083150230000,331 S TAYLOR AVE,Ridgeland - Oak Park,R-3-50,small_mf,small_mf,2.0,1,211,char_apts,1921.0,char_yrblt,False,,,41.88284391832154,-87.77847879894784
16083150260000,130 WASHINGTON BLVD,Ridgeland - Oak Park,R-7,large_mf,large_mf,32.0,1,315,commval_2023,1923.0,commval,False,,,41.88235210281229,-87.7792877113737
16083150280000,116 WASHINGTON BLVD,Ridgeland - Oak Park,R-7,small_mf,small_mf,2.0,1,211,char_apts,1913.0,char_yrblt,False,,,41.88235942616541,-87.77883774464362
16083150290000,114 WASHINGTON BLVD,Ridgeland - Oak Park,R-7,small_mf,small_mf,2.0,1,211,char_apts,1910.0,char_yrblt,False,,,41.88236171569098,-87.77869817982395
16083150300000,110 WASHINGTON BLVD,Ridgeland - Oak Park,R-7,small_mf,small_mf,2.0,1,211,char_apts,1915.0,char_yrblt,False,,,41.88236400522153,-87.77855865203696
16083150310000,106 WASHINGTON BLVD 1,Ridgeland - Oak Park,R-7,small_mf,small_mf,2.0,1,211,char_apts,1908.0,char_yrblt,False,,,41.88236629503546,-87.77841912454085
1608315033,333 S TAYLOR AVE,Ridgeland - Oak Park,R-3-50,condo,small_mf,6.0,6,299,class_rule,1914.0,condo_chars,False,,,41.88268556808701,-87.77847400425492
16083150350000,102 W WASHINGTON BLVD,Ridgeland - Oak Park,R-7,large_mf,large_mf,8.0,1,315,commval_2023,1909.0,commval,False,,,41.8823690682798,-87.77824905831648
16083160220000,64 WASHINGTON BLVD,Ridgeland - Oak Park,R-7,small_mf,small_mf,2.0,1,211,char_apts,1920.0,char_yrblt,False,,,41.88237683066332,-87.77777149020505
16083160230000,60 WASHINGTON BLVD,Ridgeland - Oak Park,R-7,large_mf,large_mf,10.0,1,315,commval_2023,1927.0,commval,False,,,41.882379223507584,-87.77762518668649
16083160270000,48 WASHINGTON BLVD 2,Ridgeland - Oak Park,R-7,small_mf,small_mf,4.0,1,211,char_apts,1920.0,char_yrblt,False,,,41.88238765381056,-87.7771104873529
16083160280000,46 WASHINGTON BLVD,Ridgeland - Oak Park,R-7,small_mf,small_mf,3.0,1,211,char_apts,1920.0,char_yrblt,False,,,41.882389895843616,-87.7769727956811
1608316030,38 WASHINGTON BLVD,Ridgeland - Oak Park,R-7,condo,large_mf,19.0,19,299,class_rule,1944.0,condo_chars,False,,,41.88239412538333,-87.77671300398666
16083170130000,142 N AUSTIN BLVD 2,Ridgeland - Oak Park,R-7,small_mf,small_mf,3.0,1,211,char_apts,1898.0,char_yrblt,False,,,41.883579683172705,-87.7752401663497
16083170190000,24 WASHINGTON BLVD,Ridgeland - Oak Park,R-7,large_mf,large_mf,38.0,1,315,commval_2023,1925.0,commval,False,,,41.88240605329661,-87.7759811164608
16083170220000,10 WASHINGTON BLVD,Ridgeland - Oak Park,R-7,large_mf,large_mf,47.0,1,315,commval_2023,1928.0,commval,False,,,41.8824175201504,-87.77527954718248
1608317024,148 N AUSTIN BLVD,Ridgeland - Oak Park,R-7,condo,large_mf,18.0,18,299,class_rule,1924.0,condo_chars,False,,,41.88389704972795,-87.77525023556882
1608317025,116 N AUSTIN BLVD,Ridgeland - Oak Park,R-7,condo,large_mf,24.0,24,299,class_rule,1918.0,condo_chars,False,,,41.88278580786972,-87.77521498850192
1608317027,124 N AUSTIN BLVD,Ridgeland - Oak Park,R-7,condo,large_mf,11.0,11,299,class_rule,1926.0,condo_chars,False,,,41.883031022860905,-87.77522276036822
16083190010000,261 WASHINGTON BLVD,Ridgeland - Oak Park,R-7,large_mf,large_mf,32.0,1,391,estimate_av/class,2023.0,class_history,False,,,41.88145822925824,-87.78257624838761
16083190120000,415 S HARVEY AVE,Ridgeland - Oak Park,R-7,large_mf,large_mf,20.0,1,315,commval_2023,1919.0,commval,False,,,41.8811581586847,-87.78169300393006
16083190270000,421 S HARVEY AVE,Ridgeland - Oak Park,R-7,large_mf,large_mf,23.0,1,315,commval_2023,1964.0,commval,False,,,41.880889085243865,-87.78168523573797
1608319044,431 S HARVEY AVE,Ridgeland - Oak Park,R-7,condo,large_mf,8.0,8,299,class_rule,1894.0,predecessor_chars,False,,1894.0,41.88058048687768,-87.78167629137707
1608319045,257 W WASHINGTON BLVD,Ridgeland - Oak Park,R-7,condo,large_mf,20.0,20,299,class_rule,,conversion_year_unknown,False,,,41.88151460009304,-87.78231642543705
1608319046,237 WASHINGTON BLVD,Ridgeland - Oak Park,R-7,condo,large_mf,58.0,58,299,class_rule,1924.0,condo_chars,False,,,41.88146499756389,-87.78172095286294
16083200010000,221 WASHINGTON BLVD,Ridgeland - Oak Park,R-7,large_mf,large_mf,34.0,1,315,commval_2023,1926.0,commval,False,,,41.881486921125905,-87.78087112270538
16083200020000,213 WASHINGTON BLVD,Ridgeland - Oak Park,R-7,large_mf,large_mf,34.0,1,315,commval_2023,1926.0,commval,False,,,41.88149458430718,-87.78042200448282
16083200040000,414 S HARVEY AVE,Ridgeland - Oak Park,R-7,small_mf,small_mf,2.0,1,211,char_apts,1904.0,char_yrblt,False,,,41.88117439019916,-87.7807652935966
16083200090000,428 S HARVEY AVE,Ridgeland - Oak Park,R-7,small_mf,small_mf,2.0,1,211,char_apts,1902.0,char_yrblt,False,,,41.88060136394749,-87.78074836191664
1608320028,201 W WASHINGTON BLVD,Ridgeland - Oak Park,R-7,condo,large_mf,35.0,35,299,class_rule,1923.0,condo_chars,False,,,41.88150224399955,-87.77997266327662
16083210020000,117 WASHINGTON BLVD,Ridgeland - Oak Park,R-7,small_mf,small_mf,4.0,1,211,char_apts,1914.0,char_yrblt,False,,,41.881725779330864,-87.77898008543677
16083210040000,111 WASHINGTON BLVD,Ridgeland - Oak Park,R-7,small_mf,small_mf,2.0,1,211,char_apts,1912.0,char_yrblt,False,,,41.881731476862406,-87.77863125174268
16083210060000,103 WASHINGTON BLVD,Ridgeland - Oak Park,R-7,large_mf,large_mf,8.0,1,315,commval_2023,1927.0,commval,False,,,41.88173795465336,-87.77823375479804
16083210070000,414 S LOMBARD AVE 1ST,Ridgeland - Oak Park,R-7,small_mf,small_mf,2.0,1,211,default_missing_char_apts,1908.0,char_yrblt,False,,,41.88140553964942,-87.779148273657
16083210080000,416 S LOMBARD AVE,Ridgeland - Oak Park,R-7,small_mf,small_mf,2.0,1,211,char_apts,1913.0,char_yrblt,False,,,41.88127766701906,-87.77914436674352
16083210090000,418 S LOMBARD AVE,Ridgeland - Oak Park,R-7,small_mf,small_mf,3.0,1,211,char_apts,1913.0,char_yrblt,False,,,41.88120861144262,-87.77914226702083
16083210150000,415 S TAYLOR AVE,Ridgeland - Oak Park,R-7,large_mf,large_mf,51.0,1,315,commval_2023,1929.0,commval,False,,,41.88124934457247,-87.77843915143413
1608321030,107 WASHINGTON BLVD,Ridgeland - Oak Park,R-7,condo,small_mf,4.0,4,299,class_rule,1914.0,condo_chars,False,,,41.881734459724285,-87.77844768954385
1608321032,427 S TAYLOR AVE,Ridgeland - Oak Park,R-7,condo,small_mf,6.0,6,299,class_rule,1926.0,condo_chars,False,,,41.88097021325593,-87.77843076588901
1608321034,121 WASHINGTON BLVD,Ridgeland - Oak Park,R-7,condo,large_mf,25.0,25,299,class_rule,1925.0,condo_chars,False,,,41.88172107871146,-87.77926846668193
16083220050000,51 WASHINGTON BLVD,Ridgeland - Oak Park,R-7,small_mf,small_mf,2.0,1,211,char_apts,1918.0,char_yrblt,False,,,41.88175405677592,-87.77725122921873
16083220060000,47 WASHINGTON BLVD,Ridgeland - Oak Park,R-7,small_mf,small_mf,6.0,1,211,char_apts,1922.0,char_yrblt,False,,,41.88175691218768,-87.77707583820472
16083220140000,426 S TAYLOR AVE,Ridgeland - Oak Park,R-7,large_mf,large_mf,32.0,1,315,commval_2023,1924.0,commval,False,,,41.88098867502224,-87.77749757628146
16083220190000,419 S HUMPHREY AVE,Ridgeland - Oak Park,R-7,small_mf,small_mf,2.0,1,211,char_apts,1907.0,char_yrblt,False,,,41.88135939505449,-87.77680159196704
16083220230000,429 S HUMPHREY AVE,Ridgeland - Oak Park,R-7,small_mf,small_mf,2.0,1,211,char_apts,1919.0,char_yrblt,False,,,41.88096427409163,-87.77678952396604
1608322042,37 WASHINGTON BLVD,Ridgeland - Oak Park,R-7,condo,large_mf,18.0,18,299,class_rule,1926.0,condo_chars,False,,,41.88176463657618,-87.77660306704325
16083230040000,418 S HUMPHREY AVE,Ridgeland - Oak Park,R-7,small_mf,small_mf,2.0,1,211,char_apts,1910.0,char_yrblt,False,,,41.881346938339334,-87.77587400707381
16083230060000,426 S HUMPHREY AVE,Ridgeland - Oak Park,R-7,small_mf,small_mf,2.0,1,211,char_apts,1921.0,char_yrblt,False,,,41.88110691629349,-87.77586641470572
16083230070000,428 S HUMPHREY AVE,Ridgeland - Oak Park,R-7,small_mf,small_mf,4.0,1,211,char_apts,1916.0,char_yrblt,False,,,41.88096968304596,-87.7758620992332
16083230140000,16 N AUSTIN BLVD,Ridgeland - Oak Park,R-7,large_mf,large_mf,31.0,1,315,commval_2023,1922.0,commval,False,,,41.88084294114904,-87.77515326575076
